INFO 2025-08-30 15:04:11,448 autoreload Watching for file changes with StatReloader
INFO 2025-08-30 15:06:20,466 autoreload Watching for file changes with StatReloader
INFO 2025-09-01 09:34:00,486 autoreload Watching for file changes with StatReloader
INFO 2025-09-01 09:35:48,128 autoreload E:\BUAA\大三\小学期\github_lab\group-platform\backend\server\urls.py changed, reloading.
INFO 2025-09-01 09:35:49,404 autoreload Watching for file changes with StatReloader
INFO 2025-09-01 09:37:49,341 autoreload Watching for file changes with StatReloader
INFO 2025-09-01 09:38:12,816 basehttp "GET /health/ HTTP/1.1" 200 16
INFO 2025-09-01 10:35:33,458 autoreload Watching for file changes with StatReloader
INFO 2025-09-01 11:38:26,442 basehttp "OPTIONS /api/auth/login/ HTTP/1.1" 200 0
WARNING 2025-09-01 11:38:27,765 log Bad Request: /api/auth/login/
WARNING 2025-09-01 11:38:27,768 basehttp "POST /api/auth/login/ HTTP/1.1" 400 84
WARNING 2025-09-01 11:40:07,300 log Bad Request: /api/auth/login/
WARNING 2025-09-01 11:40:07,300 basehttp "POST /api/auth/login/ HTTP/1.1" 400 84
WARNING 2025-09-01 11:40:12,137 log Bad Request: /api/auth/login/
WARNING 2025-09-01 11:40:12,137 basehttp "POST /api/auth/login/ HTTP/1.1" 400 84
WARNING 2025-09-01 11:40:17,581 log Bad Request: /api/auth/login/
WARNING 2025-09-01 11:40:17,582 basehttp "POST /api/auth/login/ HTTP/1.1" 400 84
WARNING 2025-09-01 11:40:22,890 log Bad Request: /api/auth/login/
WARNING 2025-09-01 11:40:22,891 basehttp "POST /api/auth/login/ HTTP/1.1" 400 84
WARNING 2025-09-01 11:41:06,774 log Bad Request: /api/auth/login/
WARNING 2025-09-01 11:41:06,775 basehttp "POST /api/auth/login/ HTTP/1.1" 400 84
WARNING 2025-09-01 11:41:12,054 log Bad Request: /api/auth/login/
WARNING 2025-09-01 11:41:12,054 basehttp "POST /api/auth/login/ HTTP/1.1" 400 84
INFO 2025-09-01 12:03:01,084 autoreload Watching for file changes with StatReloader
INFO 2025-09-01 12:03:48,899 basehttp "OPTIONS /api/auth/login/ HTTP/1.1" 200 0
WARNING 2025-09-01 12:03:49,373 log Bad Request: /api/auth/login/
WARNING 2025-09-01 12:03:49,374 basehttp "POST /api/auth/login/ HTTP/1.1" 400 84
WARNING 2025-09-01 12:03:54,308 log Bad Request: /api/auth/login/
WARNING 2025-09-01 12:03:54,309 basehttp "POST /api/auth/login/ HTTP/1.1" 400 84
INFO 2025-09-01 12:10:35,713 autoreload E:\BUAA\大三\小学期\github_lab\group-platform\backend\server\settings.py changed, reloading.
INFO 2025-09-01 12:10:36,602 autoreload Watching for file changes with StatReloader
INFO 2025-09-01 12:10:47,070 autoreload E:\BUAA\大三\小学期\github_lab\group-platform\backend\server\settings.py changed, reloading.
INFO 2025-09-01 12:10:48,131 autoreload Watching for file changes with StatReloader
INFO 2025-09-01 12:12:55,351 autoreload Watching for file changes with StatReloader
INFO 2025-09-01 12:23:18,193 basehttp "OPTIONS /api/api/auth/login/ HTTP/1.1" 200 0
WARNING 2025-09-01 12:23:18,228 log Not Found: /api/api/auth/login/
WARNING 2025-09-01 12:23:18,229 basehttp "POST /api/api/auth/login/ HTTP/1.1" 404 6724
WARNING 2025-09-01 12:23:23,178 log Not Found: /api/api/auth/login/
WARNING 2025-09-01 12:23:23,179 basehttp "POST /api/api/auth/login/ HTTP/1.1" 404 6724
INFO 2025-09-01 12:25:03,723 basehttp "GET /api/experiments/submissions/ HTTP/1.1" 200 2236
INFO 2025-09-01 12:25:05,939 basehttp "GET /api/experiments/submissions/ HTTP/1.1" 200 2236
INFO 2025-09-01 12:43:43,683 basehttp "OPTIONS /api/students/ HTTP/1.1" 200 0
WARNING 2025-09-01 12:43:43,730 log Forbidden: /api/students/
WARNING 2025-09-01 12:43:43,732 basehttp "GET /api/students/ HTTP/1.1" 403 101
INFO 2025-09-01 12:43:43,743 basehttp "OPTIONS /api/experiments/experiments/ HTTP/1.1" 200 0
INFO 2025-09-01 12:43:43,819 basehttp "GET /api/experiments/experiments/ HTTP/1.1" 200 4002
INFO 2025-09-01 12:43:45,362 basehttp "OPTIONS /api/experiments/submissions/ HTTP/1.1" 200 0
INFO 2025-09-01 12:43:45,422 basehttp "GET /api/experiments/experiments/ HTTP/1.1" 200 4002
INFO 2025-09-01 12:43:45,424 basehttp "GET /api/experiments/submissions/ HTTP/1.1" 200 2236
WARNING 2025-09-01 12:43:48,935 log Forbidden: /api/students/
WARNING 2025-09-01 12:43:48,936 basehttp "GET /api/students/ HTTP/1.1" 403 101
INFO 2025-09-01 12:43:49,003 basehttp "GET /api/experiments/experiments/ HTTP/1.1" 200 4002
INFO 2025-09-01 12:43:50,948 basehttp "GET /api/experiments/submissions/ HTTP/1.1" 200 2236
INFO 2025-09-01 12:43:50,948 basehttp "GET /api/experiments/experiments/ HTTP/1.1" 200 4002
WARNING 2025-09-01 12:47:56,544 log Not Found: /api/api/auth/login/
WARNING 2025-09-01 12:47:56,546 basehttp "POST /api/api/auth/login/ HTTP/1.1" 404 6724
WARNING 2025-09-01 12:48:40,791 log Bad Request: /api/auth/login/
WARNING 2025-09-01 12:48:40,792 basehttp "POST /api/auth/login/ HTTP/1.1" 400 84
INFO 2025-09-01 12:48:55,172 basehttp "POST /api/auth/login/ HTTP/1.1" 200 832
INFO 2025-09-01 12:49:58,711 basehttp "OPTIONS /api/auth/login/ HTTP/1.1" 200 0
INFO 2025-09-01 12:49:59,278 basehttp "POST /api/auth/login/ HTTP/1.1" 200 832
INFO 2025-09-01 12:49:59,819 basehttp "POST /api/auth/login/ HTTP/1.1" 200 832
INFO 2025-09-01 12:50:00,267 basehttp "OPTIONS /forum/questions/ HTTP/1.1" 200 0
WARNING 2025-09-01 12:50:00,286 log Not Found: /forum/questions/
WARNING 2025-09-01 12:50:00,287 basehttp "GET /forum/questions/ HTTP/1.1" 404 6612
INFO 2025-09-01 12:50:00,300 basehttp "OPTIONS /api/api/notices/unread_count/ HTTP/1.1" 200 0
WARNING 2025-09-01 12:50:00,317 log Not Found: /api/api/notices/unread_count/
WARNING 2025-09-01 12:50:00,319 basehttp "GET /api/api/notices/unread_count/ HTTP/1.1" 404 6753
INFO 2025-09-01 12:50:01,683 basehttp "OPTIONS /api/forum/questions/ HTTP/1.1" 200 0
INFO 2025-09-01 12:50:01,719 basehttp "POST /api/forum/questions/ HTTP/1.1" 201 351
INFO 2025-09-01 12:50:02,150 basehttp "OPTIONS /api/forum/questions/19/toggle-like/ HTTP/1.1" 200 0
INFO 2025-09-01 12:50:02,182 basehttp "PATCH /api/forum/questions/19/toggle-like/ HTTP/1.1" 200 30
INFO 2025-09-01 12:50:02,845 basehttp "PATCH /api/forum/questions/19/toggle-like/ HTTP/1.1" 200 31
INFO 2025-09-01 12:50:03,339 basehttp "OPTIONS /api/forum/questions/19/comments/ HTTP/1.1" 200 0
INFO 2025-09-01 12:50:03,376 basehttp "POST /api/forum/questions/19/comments/ HTTP/1.1" 201 165
INFO 2025-09-01 12:50:03,888 basehttp "OPTIONS /api/forum/comments/19/ HTTP/1.1" 200 0
INFO 2025-09-01 12:50:03,923 basehttp "DELETE /api/forum/comments/19/ HTTP/1.1" 204 0
INFO 2025-09-01 12:50:04,360 basehttp "OPTIONS /api/forum/questions/19/ HTTP/1.1" 200 0
INFO 2025-09-01 12:50:04,399 basehttp "DELETE /api/forum/questions/19/ HTTP/1.1" 204 0
INFO 2025-09-01 12:50:06,347 basehttp "POST /api/auth/login/ HTTP/1.1" 200 832
INFO 2025-09-01 12:50:06,943 basehttp "POST /api/auth/login/ HTTP/1.1" 200 832
WARNING 2025-09-01 12:50:07,276 log Not Found: /forum/questions/
WARNING 2025-09-01 12:50:07,277 basehttp "GET /forum/questions/ HTTP/1.1" 404 6612
INFO 2025-09-01 12:50:08,696 basehttp "POST /api/forum/questions/ HTTP/1.1" 201 351
INFO 2025-09-01 12:50:09,013 basehttp "OPTIONS /api/forum/questions/20/toggle-sticky/ HTTP/1.1" 200 0
INFO 2025-09-01 12:50:09,038 basehttp "PATCH /api/forum/questions/20/toggle-sticky/ HTTP/1.1" 200 18
INFO 2025-09-01 12:50:09,681 basehttp "PATCH /api/forum/questions/20/toggle-sticky/ HTTP/1.1" 200 19
INFO 2025-09-01 12:50:09,885 basehttp "OPTIONS /api/forum/questions/20/toggle-like/ HTTP/1.1" 200 0
INFO 2025-09-01 12:50:09,917 basehttp "PATCH /api/forum/questions/20/toggle-like/ HTTP/1.1" 200 30
INFO 2025-09-01 12:50:10,610 basehttp "PATCH /api/forum/questions/20/toggle-like/ HTTP/1.1" 200 31
INFO 2025-09-01 12:50:10,999 basehttp "OPTIONS /api/forum/questions/20/comments/ HTTP/1.1" 200 0
INFO 2025-09-01 12:50:11,027 basehttp "POST /api/forum/questions/20/comments/ HTTP/1.1" 201 165
INFO 2025-09-01 12:50:11,357 basehttp "OPTIONS /api/forum/comments/20/ HTTP/1.1" 200 0
INFO 2025-09-01 12:50:11,382 basehttp "DELETE /api/forum/comments/20/ HTTP/1.1" 204 0
INFO 2025-09-01 12:50:11,737 basehttp "OPTIONS /api/forum/questions/20/ HTTP/1.1" 200 0
INFO 2025-09-01 12:50:11,768 basehttp "DELETE /api/forum/questions/20/ HTTP/1.1" 204 0
INFO 2025-09-01 12:51:01,144 basehttp "GET /api/forum/questions/ HTTP/1.1" 200 629
INFO 2025-09-01 12:51:08,893 basehttp "OPTIONS /api/api/notices/ HTTP/1.1" 200 0
WARNING 2025-09-01 12:51:08,903 log Not Found: /api/api/notices/
WARNING 2025-09-01 12:51:08,906 basehttp "GET /api/api/notices/ HTTP/1.1" 404 6714
INFO 2025-09-01 12:51:08,908 basehttp "GET /api/forum/questions/ HTTP/1.1" 200 629
INFO 2025-09-01 12:51:31,903 basehttp "POST /api/auth/login/ HTTP/1.1" 200 832
INFO 2025-09-01 12:51:32,488 basehttp "POST /api/auth/login/ HTTP/1.1" 200 832
INFO 2025-09-01 12:51:32,622 basehttp "OPTIONS /api/api/notices/unread_count/ HTTP/1.1" 200 0
WARNING 2025-09-01 12:51:32,640 log Not Found: /api/api/notices/unread_count/
WARNING 2025-09-01 12:51:32,642 basehttp "GET /api/api/notices/unread_count/ HTTP/1.1" 404 6753
INFO 2025-09-01 12:51:32,988 basehttp "GET /api/forum/questions/ HTTP/1.1" 200 630
INFO 2025-09-01 12:51:34,252 basehttp "POST /api/forum/questions/ HTTP/1.1" 201 351
INFO 2025-09-01 12:51:34,576 basehttp "OPTIONS /api/forum/questions/21/toggle-like/ HTTP/1.1" 200 0
INFO 2025-09-01 12:51:34,607 basehttp "PATCH /api/forum/questions/21/toggle-like/ HTTP/1.1" 200 30
INFO 2025-09-01 12:51:35,258 basehttp "PATCH /api/forum/questions/21/toggle-like/ HTTP/1.1" 200 31
INFO 2025-09-01 12:51:35,663 basehttp "OPTIONS /api/forum/questions/21/comments/ HTTP/1.1" 200 0
INFO 2025-09-01 12:51:35,686 basehttp "POST /api/forum/questions/21/comments/ HTTP/1.1" 201 165
INFO 2025-09-01 12:51:36,068 basehttp "OPTIONS /api/forum/comments/21/ HTTP/1.1" 200 0
INFO 2025-09-01 12:51:36,097 basehttp "DELETE /api/forum/comments/21/ HTTP/1.1" 204 0
INFO 2025-09-01 12:51:36,434 basehttp "OPTIONS /api/forum/questions/21/ HTTP/1.1" 200 0
INFO 2025-09-01 12:51:36,464 basehttp "DELETE /api/forum/questions/21/ HTTP/1.1" 204 0
INFO 2025-09-01 12:51:38,326 basehttp "POST /api/auth/login/ HTTP/1.1" 200 832
INFO 2025-09-01 12:51:38,837 basehttp "POST /api/auth/login/ HTTP/1.1" 200 832
INFO 2025-09-01 12:51:39,143 basehttp "GET /api/forum/questions/ HTTP/1.1" 200 629
INFO 2025-09-01 12:51:40,326 basehttp "POST /api/forum/questions/ HTTP/1.1" 201 351
INFO 2025-09-01 12:51:40,609 basehttp "OPTIONS /api/forum/questions/22/toggle-sticky/ HTTP/1.1" 200 0
INFO 2025-09-01 12:51:40,629 basehttp "PATCH /api/forum/questions/22/toggle-sticky/ HTTP/1.1" 200 18
INFO 2025-09-01 12:51:41,285 basehttp "PATCH /api/forum/questions/22/toggle-sticky/ HTTP/1.1" 200 19
INFO 2025-09-01 12:51:41,453 basehttp "OPTIONS /api/forum/questions/22/toggle-like/ HTTP/1.1" 200 0
INFO 2025-09-01 12:51:41,477 basehttp "PATCH /api/forum/questions/22/toggle-like/ HTTP/1.1" 200 30
INFO 2025-09-01 12:51:42,121 basehttp "PATCH /api/forum/questions/22/toggle-like/ HTTP/1.1" 200 31
INFO 2025-09-01 12:51:42,507 basehttp "OPTIONS /api/forum/questions/22/comments/ HTTP/1.1" 200 0
INFO 2025-09-01 12:51:42,526 basehttp "POST /api/forum/questions/22/comments/ HTTP/1.1" 201 165
INFO 2025-09-01 12:51:42,854 basehttp "OPTIONS /api/forum/comments/22/ HTTP/1.1" 200 0
INFO 2025-09-01 12:51:42,879 basehttp "DELETE /api/forum/comments/22/ HTTP/1.1" 204 0
INFO 2025-09-01 12:51:43,155 basehttp "OPTIONS /api/forum/questions/22/ HTTP/1.1" 200 0
INFO 2025-09-01 12:51:43,191 basehttp "DELETE /api/forum/questions/22/ HTTP/1.1" 204 0
INFO 2025-09-01 12:52:18,174 basehttp "OPTIONS /api/notices/ HTTP/1.1" 200 0
INFO 2025-09-01 12:52:18,204 basehttp "GET /api/notices/ HTTP/1.1" 200 2450
INFO 2025-09-01 12:52:18,493 basehttp "GET /api/forum/questions/ HTTP/1.1" 200 629
INFO 2025-09-01 12:52:23,515 basehttp "POST /api/auth/login/ HTTP/1.1" 200 832
INFO 2025-09-01 12:52:24,109 basehttp "POST /api/auth/login/ HTTP/1.1" 200 832
INFO 2025-09-01 12:52:24,227 basehttp "OPTIONS /api/notices/unread_count/ HTTP/1.1" 200 0
INFO 2025-09-01 12:52:24,250 basehttp "GET /api/notices/unread_count/ HTTP/1.1" 200 11
INFO 2025-09-01 12:52:24,490 basehttp "GET /api/forum/questions/ HTTP/1.1" 200 630
INFO 2025-09-01 12:52:25,760 basehttp "POST /api/forum/questions/ HTTP/1.1" 201 351
INFO 2025-09-01 12:52:26,094 basehttp "OPTIONS /api/forum/questions/23/toggle-like/ HTTP/1.1" 200 0
INFO 2025-09-01 12:52:26,124 basehttp "PATCH /api/forum/questions/23/toggle-like/ HTTP/1.1" 200 30
INFO 2025-09-01 12:52:26,779 basehttp "PATCH /api/forum/questions/23/toggle-like/ HTTP/1.1" 200 31
INFO 2025-09-01 12:52:27,196 basehttp "OPTIONS /api/forum/questions/23/comments/ HTTP/1.1" 200 0
INFO 2025-09-01 12:52:27,224 basehttp "POST /api/forum/questions/23/comments/ HTTP/1.1" 201 165
INFO 2025-09-01 12:52:27,569 basehttp "OPTIONS /api/forum/comments/23/ HTTP/1.1" 200 0
INFO 2025-09-01 12:52:27,596 basehttp "DELETE /api/forum/comments/23/ HTTP/1.1" 204 0
INFO 2025-09-01 12:52:27,885 basehttp "OPTIONS /api/forum/questions/23/ HTTP/1.1" 200 0
INFO 2025-09-01 12:52:27,908 basehttp "DELETE /api/forum/questions/23/ HTTP/1.1" 204 0
INFO 2025-09-01 12:52:29,637 basehttp "POST /api/auth/login/ HTTP/1.1" 200 832
INFO 2025-09-01 12:52:30,186 basehttp "POST /api/auth/login/ HTTP/1.1" 200 832
INFO 2025-09-01 12:52:30,495 basehttp "GET /api/forum/questions/ HTTP/1.1" 200 629
INFO 2025-09-01 12:52:31,738 basehttp "POST /api/forum/questions/ HTTP/1.1" 201 351
INFO 2025-09-01 12:52:32,010 basehttp "OPTIONS /api/forum/questions/24/toggle-sticky/ HTTP/1.1" 200 0
INFO 2025-09-01 12:52:32,031 basehttp "PATCH /api/forum/questions/24/toggle-sticky/ HTTP/1.1" 200 18
INFO 2025-09-01 12:52:32,676 basehttp "PATCH /api/forum/questions/24/toggle-sticky/ HTTP/1.1" 200 19
INFO 2025-09-01 12:52:32,849 basehttp "OPTIONS /api/forum/questions/24/toggle-like/ HTTP/1.1" 200 0
INFO 2025-09-01 12:52:32,869 basehttp "PATCH /api/forum/questions/24/toggle-like/ HTTP/1.1" 200 30
INFO 2025-09-01 12:52:33,511 basehttp "PATCH /api/forum/questions/24/toggle-like/ HTTP/1.1" 200 31
INFO 2025-09-01 12:52:33,903 basehttp "OPTIONS /api/forum/questions/24/comments/ HTTP/1.1" 200 0
INFO 2025-09-01 12:52:33,933 basehttp "POST /api/forum/questions/24/comments/ HTTP/1.1" 201 165
INFO 2025-09-01 12:52:34,305 basehttp "OPTIONS /api/forum/comments/24/ HTTP/1.1" 200 0
INFO 2025-09-01 12:52:34,329 basehttp "DELETE /api/forum/comments/24/ HTTP/1.1" 204 0
INFO 2025-09-01 12:52:34,649 basehttp "OPTIONS /api/forum/questions/24/ HTTP/1.1" 200 0
INFO 2025-09-01 12:52:34,678 basehttp "DELETE /api/forum/questions/24/ HTTP/1.1" 204 0
WARNING 2025-09-01 12:52:44,659 log Forbidden: /api/students/
WARNING 2025-09-01 12:52:44,660 basehttp "GET /api/students/ HTTP/1.1" 403 101
INFO 2025-09-01 12:52:44,726 basehttp "GET /api/experiments/experiments/ HTTP/1.1" 200 4002
INFO 2025-09-01 12:52:46,373 basehttp "GET /api/experiments/experiments/ HTTP/1.1" 200 4002
INFO 2025-09-01 12:52:46,375 basehttp "GET /api/experiments/submissions/ HTTP/1.1" 200 2236
INFO 2025-09-01 12:52:47,663 basehttp "OPTIONS /api/forum/questions/ HTTP/1.1" 200 0
INFO 2025-09-01 12:52:47,691 basehttp "GET /api/forum/questions/ HTTP/1.1" 200 630
INFO 2025-09-01 12:52:50,625 basehttp "GET /api/experiments/experiments/ HTTP/1.1" 200 4002
INFO 2025-09-01 12:52:50,626 basehttp "GET /api/experiments/submissions/ HTTP/1.1" 200 2236
WARNING 2025-09-01 12:52:52,133 log Forbidden: /api/students/
WARNING 2025-09-01 12:52:52,134 basehttp "GET /api/students/ HTTP/1.1" 403 101
INFO 2025-09-01 12:52:52,193 basehttp "GET /api/experiments/experiments/ HTTP/1.1" 200 4002
INFO 2025-09-01 12:52:55,319 basehttp "GET /api/notices/ HTTP/1.1" 200 2450
INFO 2025-09-01 12:53:00,684 basehttp "GET /api/notices/ HTTP/1.1" 200 2450
INFO 2025-09-01 12:53:20,191 basehttp "OPTIONS /materials/ HTTP/1.1" 200 0
INFO 2025-09-01 12:53:20,207 basehttp "GET /materials/ HTTP/1.1" 200 804
WARNING 2025-09-01 12:53:22,572 log Forbidden: /api/students/
WARNING 2025-09-01 12:53:22,574 basehttp "GET /api/students/ HTTP/1.1" 403 101
INFO 2025-09-01 12:53:22,673 basehttp "GET /api/experiments/experiments/ HTTP/1.1" 200 4002
INFO 2025-09-01 12:54:04,275 basehttp "GET /materials/ HTTP/1.1" 200 804
INFO 2025-09-01 12:54:05,262 basehttp "GET /api/notices/ HTTP/1.1" 200 2450
WARNING 2025-09-01 12:54:06,668 log Forbidden: /api/students/
WARNING 2025-09-01 12:54:06,669 basehttp "GET /api/students/ HTTP/1.1" 403 101
INFO 2025-09-01 12:54:06,736 basehttp "GET /api/experiments/experiments/ HTTP/1.1" 200 4002
WARNING 2025-09-01 12:54:28,161 log Unauthorized: /api/students/
WARNING 2025-09-01 12:54:28,163 basehttp "GET /api/students/ HTTP/1.1" 401 623
INFO 2025-09-01 12:54:40,974 basehttp "POST /api/auth/login/ HTTP/1.1" 200 832
INFO 2025-09-01 12:54:54,931 basehttp "GET /api/students/ HTTP/1.1" 200 6556
INFO 2025-09-01 13:00:42,834 basehttp "GET /api/forum/questions/ HTTP/1.1" 200 629
WARNING 2025-09-01 13:00:45,163 log Forbidden: /api/students/
WARNING 2025-09-01 13:00:45,164 basehttp "GET /api/students/ HTTP/1.1" 403 101
INFO 2025-09-01 13:00:45,257 basehttp "GET /api/experiments/experiments/ HTTP/1.1" 200 4002
INFO 2025-09-01 13:01:00,965 basehttp "GET /api/forum/questions/ HTTP/1.1" 200 629
WARNING 2025-09-01 13:01:03,387 log Forbidden: /api/students/
WARNING 2025-09-01 13:01:03,389 basehttp "GET /api/students/ HTTP/1.1" 403 101
INFO 2025-09-01 13:01:03,485 basehttp "GET /api/experiments/experiments/ HTTP/1.1" 200 4002
INFO 2025-09-01 13:01:23,493 basehttp "OPTIONS /api/auth/login/ HTTP/1.1" 200 0
INFO 2025-09-01 13:01:24,269 basehttp "POST /api/auth/login/ HTTP/1.1" 200 832
INFO 2025-09-01 13:01:24,991 basehttp "POST /api/auth/login/ HTTP/1.1" 200 832
INFO 2025-09-01 13:01:26,885 basehttp "GET /api/notices/ HTTP/1.1" 200 2450
INFO 2025-09-01 13:01:28,373 basehttp "GET /materials/ HTTP/1.1" 200 2
INFO 2025-09-01 13:01:33,295 basehttp "GET /materials/ HTTP/1.1" 200 2
INFO 2025-09-01 13:01:38,008 basehttp "GET /api/students/ HTTP/1.1" 200 6556
INFO 2025-09-01 13:01:38,221 basehttp "GET /api/experiments/experiments/ HTTP/1.1" 200 4002
INFO 2025-09-01 13:01:40,379 basehttp "GET /api/experiments/experiments/ HTTP/1.1" 200 4002
INFO 2025-09-01 13:01:40,381 basehttp "GET /api/experiments/submissions/ HTTP/1.1" 200 2236
INFO 2025-09-01 13:01:41,765 basehttp "GET /api/forum/questions/ HTTP/1.1" 200 629
INFO 2025-09-01 13:01:58,262 basehttp "POST /api/auth/login/ HTTP/1.1" 200 832
INFO 2025-09-01 13:01:58,691 basehttp "POST /api/auth/login/ HTTP/1.1" 200 832
INFO 2025-09-01 13:01:58,713 basehttp "OPTIONS /api/notices/unread_count/ HTTP/1.1" 200 0
INFO 2025-09-01 13:01:58,732 basehttp "GET /api/notices/unread_count/ HTTP/1.1" 200 11
INFO 2025-09-01 13:02:00,223 basehttp "GET /api/notices/unread_count/ HTTP/1.1" 200 11
INFO 2025-09-01 13:02:00,239 basehttp "GET /api/notices/ HTTP/1.1" 200 2450
INFO 2025-09-01 13:02:00,256 basehttp "GET /api/notices/unread_count/ HTTP/1.1" 200 11
INFO 2025-09-01 13:02:01,831 basehttp "GET /materials/ HTTP/1.1" 200 804
INFO 2025-09-01 13:02:05,764 basehttp "GET /api/experiments/submissions/ HTTP/1.1" 200 2236
INFO 2025-09-01 13:02:07,417 basehttp "GET /api/forum/questions/ HTTP/1.1" 200 630
WARNING 2025-09-01 13:02:33,896 log Unauthorized: /api/experiments/
WARNING 2025-09-01 13:02:33,897 basehttp "GET /api/experiments/ HTTP/1.1" 401 623
INFO 2025-09-01 13:02:44,490 basehttp "POST /api/auth/login/ HTTP/1.1" 200 832
INFO 2025-09-01 13:03:06,557 basehttp "GET /api/experiments/ HTTP/1.1" 200 415
INFO 2025-09-01 13:06:25,468 basehttp "GET /materials/ HTTP/1.1" 200 804
INFO 2025-09-01 13:07:40,494 basehttp "GET /materials/ HTTP/1.1" 200 804
INFO 2025-09-01 13:09:39,385 basehttp "GET /api/forum/questions/ HTTP/1.1" 200 630
INFO 2025-09-01 13:09:56,540 basehttp "GET /api/forum/questions/ HTTP/1.1" 200 630
INFO 2025-09-01 13:12:33,337 basehttp "GET /api/experiments/submissions/ HTTP/1.1" 200 2236
INFO 2025-09-01 13:13:04,995 basehttp "OPTIONS /api/experiments/ HTTP/1.1" 200 0
INFO 2025-09-01 13:13:05,010 basehttp "GET /api/experiments/ HTTP/1.1" 200 415
INFO 2025-09-01 13:13:08,827 basehttp "GET /api/experiments/submissions/ HTTP/1.1" 200 2236
INFO 2025-09-01 13:13:11,085 basehttp "GET /api/experiments/ HTTP/1.1" 200 415
INFO 2025-09-01 13:13:18,527 basehttp "GET /api/experiments/submissions/ HTTP/1.1" 200 2236
INFO 2025-09-01 13:13:19,643 basehttp "GET /materials/ HTTP/1.1" 200 804
INFO 2025-09-01 13:13:21,309 basehttp "GET /api/experiments/submissions/ HTTP/1.1" 200 2236
INFO 2025-09-01 13:13:22,537 basehttp "GET /api/forum/questions/ HTTP/1.1" 200 630
INFO 2025-09-01 13:13:23,585 basehttp "GET /api/experiments/ HTTP/1.1" 200 415
INFO 2025-09-01 13:13:39,952 basehttp "GET /api/experiments/experiments/ HTTP/1.1" 200 4002
INFO 2025-09-01 13:13:50,559 basehttp "GET /api/notices/unread_count/ HTTP/1.1" 200 11
INFO 2025-09-01 13:13:50,575 basehttp "GET /api/notices/ HTTP/1.1" 200 2450
INFO 2025-09-01 13:13:50,598 basehttp "GET /api/notices/unread_count/ HTTP/1.1" 200 11
INFO 2025-09-01 13:13:51,787 basehttp "GET /materials/ HTTP/1.1" 200 804
INFO 2025-09-01 13:13:52,708 basehttp "GET /api/notices/unread_count/ HTTP/1.1" 200 11
INFO 2025-09-01 13:13:52,729 basehttp "GET /api/notices/ HTTP/1.1" 200 2450
INFO 2025-09-01 13:13:52,747 basehttp "GET /api/notices/unread_count/ HTTP/1.1" 200 11
INFO 2025-09-01 13:13:53,635 basehttp "OPTIONS /api/notices/64/mark_as_read/ HTTP/1.1" 200 0
INFO 2025-09-01 13:13:53,653 basehttp "POST /api/notices/64/mark_as_read/ HTTP/1.1" 200 35
INFO 2025-09-01 13:13:53,686 basehttp "GET /api/notices/ HTTP/1.1" 200 2449
INFO 2025-09-01 13:13:53,706 basehttp "GET /api/notices/unread_count/ HTTP/1.1" 200 11
INFO 2025-09-01 13:13:53,724 basehttp "GET /api/notices/unread_count/ HTTP/1.1" 200 11
INFO 2025-09-01 13:13:55,503 basehttp "GET /materials/ HTTP/1.1" 200 804
INFO 2025-09-01 13:13:56,930 basehttp "GET /api/experiments/experiments/ HTTP/1.1" 200 4002
INFO 2025-09-01 13:13:58,247 basehttp "GET /api/experiments/submissions/ HTTP/1.1" 200 2236
INFO 2025-09-01 13:13:59,369 basehttp "GET /api/forum/questions/ HTTP/1.1" 200 630
INFO 2025-09-01 13:14:15,535 basehttp "POST /api/auth/login/ HTTP/1.1" 200 832
INFO 2025-09-01 13:14:15,992 basehttp "POST /api/auth/login/ HTTP/1.1" 200 832
INFO 2025-09-01 13:14:17,742 basehttp "GET /api/notices/ HTTP/1.1" 200 2450
INFO 2025-09-01 13:14:19,240 basehttp "GET /materials/ HTTP/1.1" 200 2
INFO 2025-09-01 13:15:13,325 basehttp "GET /materials/ HTTP/1.1" 200 804
INFO 2025-09-01 13:15:26,000 basehttp "POST /api/auth/login/ HTTP/1.1" 200 832
INFO 2025-09-01 13:15:35,345 basehttp "GET /materials/ HTTP/1.1" 200 2
INFO 2025-09-01 13:29:17,961 basehttp "OPTIONS /api/auth/login/ HTTP/1.1" 200 0
INFO 2025-09-01 13:29:18,584 basehttp "POST /api/auth/login/ HTTP/1.1" 200 832
INFO 2025-09-01 13:29:19,193 basehttp "POST /api/auth/login/ HTTP/1.1" 200 832
INFO 2025-09-01 13:29:19,340 basehttp "OPTIONS /api/notices/unread_count/ HTTP/1.1" 200 0
INFO 2025-09-01 13:29:19,366 basehttp "GET /api/notices/unread_count/ HTTP/1.1" 200 11
INFO 2025-09-01 13:29:19,626 basehttp "OPTIONS /api/forum/questions/ HTTP/1.1" 200 0
INFO 2025-09-01 13:29:19,662 basehttp "GET /api/forum/questions/ HTTP/1.1" 200 630
INFO 2025-09-01 13:29:20,999 basehttp "POST /api/forum/questions/ HTTP/1.1" 201 351
INFO 2025-09-01 13:29:21,366 basehttp "OPTIONS /api/forum/questions/25/toggle-like/ HTTP/1.1" 200 0
INFO 2025-09-01 13:29:21,394 basehttp "PATCH /api/forum/questions/25/toggle-like/ HTTP/1.1" 200 30
INFO 2025-09-01 13:29:22,034 basehttp "PATCH /api/forum/questions/25/toggle-like/ HTTP/1.1" 200 31
INFO 2025-09-01 13:29:22,437 basehttp "OPTIONS /api/forum/questions/25/comments/ HTTP/1.1" 200 0
INFO 2025-09-01 13:29:22,479 basehttp "POST /api/forum/questions/25/comments/ HTTP/1.1" 201 165
INFO 2025-09-01 13:29:22,823 basehttp "OPTIONS /api/forum/comments/25/ HTTP/1.1" 200 0
INFO 2025-09-01 13:29:22,856 basehttp "DELETE /api/forum/comments/25/ HTTP/1.1" 204 0
INFO 2025-09-01 13:29:23,253 basehttp "OPTIONS /api/forum/questions/25/ HTTP/1.1" 200 0
INFO 2025-09-01 13:29:23,291 basehttp "DELETE /api/forum/questions/25/ HTTP/1.1" 204 0
INFO 2025-09-01 13:29:25,319 basehttp "POST /api/auth/login/ HTTP/1.1" 200 832
INFO 2025-09-01 13:29:26,122 basehttp "POST /api/auth/login/ HTTP/1.1" 200 832
INFO 2025-09-01 13:29:26,550 basehttp "GET /api/forum/questions/ HTTP/1.1" 200 629
INFO 2025-09-01 13:29:27,792 basehttp "POST /api/forum/questions/ HTTP/1.1" 201 351
INFO 2025-09-01 13:29:28,212 basehttp "OPTIONS /api/forum/questions/26/toggle-sticky/ HTTP/1.1" 200 0
INFO 2025-09-01 13:29:28,237 basehttp "PATCH /api/forum/questions/26/toggle-sticky/ HTTP/1.1" 200 18
INFO 2025-09-01 13:29:28,911 basehttp "PATCH /api/forum/questions/26/toggle-sticky/ HTTP/1.1" 200 19
INFO 2025-09-01 13:29:29,100 basehttp "OPTIONS /api/forum/questions/26/toggle-like/ HTTP/1.1" 200 0
INFO 2025-09-01 13:29:29,124 basehttp "PATCH /api/forum/questions/26/toggle-like/ HTTP/1.1" 200 30
INFO 2025-09-01 13:29:29,765 basehttp "PATCH /api/forum/questions/26/toggle-like/ HTTP/1.1" 200 31
INFO 2025-09-01 13:29:30,112 basehttp "OPTIONS /api/forum/questions/26/comments/ HTTP/1.1" 200 0
INFO 2025-09-01 13:29:30,133 basehttp "POST /api/forum/questions/26/comments/ HTTP/1.1" 201 165
INFO 2025-09-01 13:29:30,473 basehttp "OPTIONS /api/forum/comments/26/ HTTP/1.1" 200 0
INFO 2025-09-01 13:29:30,500 basehttp "DELETE /api/forum/comments/26/ HTTP/1.1" 204 0
INFO 2025-09-01 13:29:30,794 basehttp "OPTIONS /api/forum/questions/26/ HTTP/1.1" 200 0
INFO 2025-09-01 13:29:30,821 basehttp "DELETE /api/forum/questions/26/ HTTP/1.1" 204 0
WARNING 2025-09-01 13:45:23,995 log Not Found: /api/auth/users/
WARNING 2025-09-01 13:45:23,996 basehttp "GET /api/auth/users/ HTTP/1.1" 404 7644
INFO 2025-09-01 13:45:29,321 basehttp "POST /api/auth/login/ HTTP/1.1" 200 832
INFO 2025-09-01 13:45:29,998 basehttp "POST /api/auth/login/ HTTP/1.1" 200 832
WARNING 2025-09-01 13:45:31,178 log Not Found: /api/auth/user/
WARNING 2025-09-01 13:45:31,179 basehttp "GET /api/auth/user/ HTTP/1.1" 404 7641
INFO 2025-09-01 13:46:40,920 basehttp "POST /api/auth/login/ HTTP/1.1" 200 832
INFO 2025-09-01 13:46:41,544 basehttp "POST /api/auth/login/ HTTP/1.1" 200 832
INFO 2025-09-01 13:47:04,290 basehttp "POST /api/auth/login/ HTTP/1.1" 200 832
INFO 2025-09-01 13:47:04,868 basehttp "POST /api/auth/login/ HTTP/1.1" 200 832
INFO 2025-09-01 13:47:26,196 basehttp "POST /api/auth/login/ HTTP/1.1" 200 832
INFO 2025-09-01 13:47:27,185 basehttp "POST /api/auth/login/ HTTP/1.1" 200 832
INFO 2025-09-01 13:47:27,386 basehttp "GET /api/notices/unread_count/ HTTP/1.1" 200 11
INFO 2025-09-01 13:47:27,810 basehttp "GET /api/forum/questions/ HTTP/1.1" 200 630
INFO 2025-09-01 13:47:29,110 basehttp "POST /api/forum/questions/ HTTP/1.1" 201 351
INFO 2025-09-01 13:47:29,479 basehttp "OPTIONS /api/forum/questions/27/toggle-like/ HTTP/1.1" 200 0
INFO 2025-09-01 13:47:29,509 basehttp "PATCH /api/forum/questions/27/toggle-like/ HTTP/1.1" 200 30
INFO 2025-09-01 13:47:30,152 basehttp "PATCH /api/forum/questions/27/toggle-like/ HTTP/1.1" 200 31
INFO 2025-09-01 13:47:30,541 basehttp "OPTIONS /api/forum/questions/27/comments/ HTTP/1.1" 200 0
INFO 2025-09-01 13:47:30,569 basehttp "POST /api/forum/questions/27/comments/ HTTP/1.1" 201 165
INFO 2025-09-01 13:47:31,080 basehttp "OPTIONS /api/forum/comments/27/ HTTP/1.1" 200 0
INFO 2025-09-01 13:47:31,116 basehttp "DELETE /api/forum/comments/27/ HTTP/1.1" 204 0
INFO 2025-09-01 13:47:31,482 basehttp "OPTIONS /api/forum/questions/27/ HTTP/1.1" 200 0
INFO 2025-09-01 13:47:31,516 basehttp "DELETE /api/forum/questions/27/ HTTP/1.1" 204 0
INFO 2025-09-01 13:47:33,354 basehttp "POST /api/auth/login/ HTTP/1.1" 200 832
INFO 2025-09-01 13:47:33,994 basehttp "POST /api/auth/login/ HTTP/1.1" 200 832
INFO 2025-09-01 13:47:34,371 basehttp "GET /api/forum/questions/ HTTP/1.1" 200 629
INFO 2025-09-01 13:47:35,590 basehttp "POST /api/forum/questions/ HTTP/1.1" 201 351
INFO 2025-09-01 13:47:35,895 basehttp "OPTIONS /api/forum/questions/28/toggle-sticky/ HTTP/1.1" 200 0
INFO 2025-09-01 13:47:35,916 basehttp "PATCH /api/forum/questions/28/toggle-sticky/ HTTP/1.1" 200 18
INFO 2025-09-01 13:47:36,564 basehttp "PATCH /api/forum/questions/28/toggle-sticky/ HTTP/1.1" 200 19
INFO 2025-09-01 13:47:36,731 basehttp "OPTIONS /api/forum/questions/28/toggle-like/ HTTP/1.1" 200 0
INFO 2025-09-01 13:47:36,754 basehttp "PATCH /api/forum/questions/28/toggle-like/ HTTP/1.1" 200 30
INFO 2025-09-01 13:47:37,414 basehttp "PATCH /api/forum/questions/28/toggle-like/ HTTP/1.1" 200 31
INFO 2025-09-01 13:47:37,931 basehttp "OPTIONS /api/forum/questions/28/comments/ HTTP/1.1" 200 0
INFO 2025-09-01 13:47:37,950 basehttp "POST /api/forum/questions/28/comments/ HTTP/1.1" 201 165
INFO 2025-09-01 13:47:38,309 basehttp "OPTIONS /api/forum/comments/28/ HTTP/1.1" 200 0
INFO 2025-09-01 13:47:38,327 basehttp "DELETE /api/forum/comments/28/ HTTP/1.1" 204 0
INFO 2025-09-01 13:47:38,641 basehttp "OPTIONS /api/forum/questions/28/ HTTP/1.1" 200 0
INFO 2025-09-01 13:47:38,670 basehttp "DELETE /api/forum/questions/28/ HTTP/1.1" 204 0
INFO 2025-09-01 13:47:46,337 basehttp "OPTIONS /api/forum/questions/14/ HTTP/1.1" 200 0
INFO 2025-09-01 13:47:46,356 basehttp "DELETE /api/forum/questions/14/ HTTP/1.1" 204 0
INFO 2025-09-01 14:28:57,006 basehttp "POST /api/auth/login/ HTTP/1.1" 200 832
INFO 2025-09-01 14:28:57,575 basehttp "POST /api/auth/login/ HTTP/1.1" 200 832
INFO 2025-09-01 14:29:51,629 basehttp "POST /api/auth/login/ HTTP/1.1" 200 832
INFO 2025-09-01 14:29:52,277 basehttp "POST /api/auth/login/ HTTP/1.1" 200 832
INFO 2025-09-01 14:30:08,955 basehttp "POST /api/auth/login/ HTTP/1.1" 200 832
INFO 2025-09-01 14:30:09,464 basehttp "POST /api/auth/login/ HTTP/1.1" 200 832
INFO 2025-09-01 14:32:31,295 basehttp "POST /api/auth/login/ HTTP/1.1" 200 832
INFO 2025-09-01 14:33:52,725 basehttp "POST /api/auth/login/ HTTP/1.1" 200 832
INFO 2025-09-01 14:33:53,351 basehttp "POST /api/auth/login/ HTTP/1.1" 200 832
INFO 2025-09-01 14:35:42,402 basehttp "POST /api/auth/login/ HTTP/1.1" 200 832
INFO 2025-09-01 14:37:10,986 basehttp "POST /api/auth/login/ HTTP/1.1" 200 832
INFO 2025-09-01 14:37:11,552 basehttp "POST /api/auth/login/ HTTP/1.1" 200 832
INFO 2025-09-01 14:38:19,356 basehttp "POST /api/auth/login/ HTTP/1.1" 200 832
INFO 2025-09-01 14:38:20,141 basehttp "POST /api/auth/login/ HTTP/1.1" 200 832
INFO 2025-09-01 14:38:48,224 basehttp - Broken pipe from ('127.0.0.1', 58245)
INFO 2025-09-01 14:38:49,658 basehttp "POST /api/auth/login/ HTTP/1.1" 200 832
INFO 2025-09-01 14:38:50,342 basehttp "POST /api/auth/login/ HTTP/1.1" 200 832
INFO 2025-09-01 14:41:27,245 basehttp "POST /api/auth/login/ HTTP/1.1" 200 832
INFO 2025-09-01 14:41:27,954 basehttp "POST /api/auth/login/ HTTP/1.1" 200 832
INFO 2025-09-01 14:41:31,662 basehttp - Broken pipe from ('127.0.0.1', 56485)
INFO 2025-09-01 14:41:33,157 basehttp "POST /api/auth/login/ HTTP/1.1" 200 832
INFO 2025-09-01 14:41:33,677 basehttp "POST /api/auth/login/ HTTP/1.1" 200 832
INFO 2025-09-01 14:48:20,780 basehttp "POST /api/auth/login/ HTTP/1.1" 200 832
INFO 2025-09-01 14:48:21,743 basehttp "POST /api/auth/login/ HTTP/1.1" 200 832
INFO 2025-09-01 14:48:21,945 basehttp "GET /api/notices/unread_count/ HTTP/1.1" 200 11
INFO 2025-09-01 14:48:22,409 basehttp "GET /api/forum/questions/ HTTP/1.1" 200 278
INFO 2025-09-01 14:48:23,787 basehttp "POST /api/forum/questions/ HTTP/1.1" 201 351
INFO 2025-09-01 14:48:24,261 basehttp "OPTIONS /api/forum/questions/29/toggle-like/ HTTP/1.1" 200 0
INFO 2025-09-01 14:48:24,294 basehttp "PATCH /api/forum/questions/29/toggle-like/ HTTP/1.1" 200 30
INFO 2025-09-01 14:48:24,956 basehttp "PATCH /api/forum/questions/29/toggle-like/ HTTP/1.1" 200 31
INFO 2025-09-01 14:48:25,371 basehttp "OPTIONS /api/forum/questions/29/comments/ HTTP/1.1" 200 0
INFO 2025-09-01 14:48:25,396 basehttp "POST /api/forum/questions/29/comments/ HTTP/1.1" 201 165
INFO 2025-09-01 14:48:25,815 basehttp "OPTIONS /api/forum/comments/29/ HTTP/1.1" 200 0
INFO 2025-09-01 14:48:25,841 basehttp "DELETE /api/forum/comments/29/ HTTP/1.1" 204 0
INFO 2025-09-01 14:48:26,274 basehttp "OPTIONS /api/forum/questions/29/ HTTP/1.1" 200 0
INFO 2025-09-01 14:48:26,308 basehttp "DELETE /api/forum/questions/29/ HTTP/1.1" 204 0
INFO 2025-09-01 14:48:28,392 basehttp "POST /api/auth/login/ HTTP/1.1" 200 832
INFO 2025-09-01 14:48:28,940 basehttp "POST /api/auth/login/ HTTP/1.1" 200 832
INFO 2025-09-01 14:48:29,278 basehttp "GET /api/forum/questions/ HTTP/1.1" 200 278
INFO 2025-09-01 14:48:30,528 basehttp "POST /api/forum/questions/ HTTP/1.1" 201 351
INFO 2025-09-01 14:48:30,821 basehttp "OPTIONS /api/forum/questions/30/toggle-sticky/ HTTP/1.1" 200 0
INFO 2025-09-01 14:48:30,840 basehttp "PATCH /api/forum/questions/30/toggle-sticky/ HTTP/1.1" 200 18
INFO 2025-09-01 14:48:31,498 basehttp "PATCH /api/forum/questions/30/toggle-sticky/ HTTP/1.1" 200 19
INFO 2025-09-01 14:48:31,744 basehttp "OPTIONS /api/forum/questions/30/toggle-like/ HTTP/1.1" 200 0
INFO 2025-09-01 14:48:31,774 basehttp "PATCH /api/forum/questions/30/toggle-like/ HTTP/1.1" 200 30
INFO 2025-09-01 14:48:32,439 basehttp "PATCH /api/forum/questions/30/toggle-like/ HTTP/1.1" 200 31
INFO 2025-09-01 14:48:32,850 basehttp "OPTIONS /api/forum/questions/30/comments/ HTTP/1.1" 200 0
INFO 2025-09-01 14:48:32,869 basehttp "POST /api/forum/questions/30/comments/ HTTP/1.1" 201 165
INFO 2025-09-01 14:48:33,180 basehttp "OPTIONS /api/forum/comments/30/ HTTP/1.1" 200 0
INFO 2025-09-01 14:48:33,201 basehttp "DELETE /api/forum/comments/30/ HTTP/1.1" 204 0
INFO 2025-09-01 14:48:33,485 basehttp "OPTIONS /api/forum/questions/30/ HTTP/1.1" 200 0
INFO 2025-09-01 14:48:33,511 basehttp "DELETE /api/forum/questions/30/ HTTP/1.1" 204 0
INFO 2025-09-01 14:48:47,013 basehttp "OPTIONS /api/students/ HTTP/1.1" 200 0
WARNING 2025-09-01 14:48:47,022 log Unauthorized: /api/students/
WARNING 2025-09-01 14:48:47,023 basehttp "GET /api/students/ HTTP/1.1" 401 623
INFO 2025-09-01 14:48:47,053 basehttp "OPTIONS /api/experiments/experiments/ HTTP/1.1" 200 0
WARNING 2025-09-01 14:48:47,059 log Unauthorized: /api/experiments/experiments/
WARNING 2025-09-01 14:48:47,060 basehttp "GET /api/experiments/experiments/ HTTP/1.1" 401 623
WARNING 2025-09-01 14:48:48,443 log Unauthorized: /materials/
WARNING 2025-09-01 14:48:48,445 basehttp "GET /materials/ HTTP/1.1" 401 623
INFO 2025-09-01 14:56:49,780 basehttp "POST /api/auth/login/ HTTP/1.1" 200 832
INFO 2025-09-01 14:56:50,777 basehttp "POST /api/auth/login/ HTTP/1.1" 200 832
INFO 2025-09-01 14:56:50,995 basehttp "GET /api/notices/unread_count/ HTTP/1.1" 200 11
INFO 2025-09-01 14:56:51,308 basehttp "GET /api/forum/questions/ HTTP/1.1" 200 278
INFO 2025-09-01 14:56:52,601 basehttp "POST /api/forum/questions/ HTTP/1.1" 201 351
INFO 2025-09-01 14:56:53,035 basehttp "OPTIONS /api/forum/questions/31/toggle-like/ HTTP/1.1" 200 0
INFO 2025-09-01 14:56:53,066 basehttp "PATCH /api/forum/questions/31/toggle-like/ HTTP/1.1" 200 30
INFO 2025-09-01 14:56:53,706 basehttp "PATCH /api/forum/questions/31/toggle-like/ HTTP/1.1" 200 31
INFO 2025-09-01 14:56:54,097 basehttp "OPTIONS /api/forum/questions/31/comments/ HTTP/1.1" 200 0
INFO 2025-09-01 14:56:54,118 basehttp "POST /api/forum/questions/31/comments/ HTTP/1.1" 201 165
INFO 2025-09-01 14:56:54,442 basehttp "OPTIONS /api/forum/comments/31/ HTTP/1.1" 200 0
INFO 2025-09-01 14:56:54,471 basehttp "DELETE /api/forum/comments/31/ HTTP/1.1" 204 0
INFO 2025-09-01 14:56:54,927 basehttp "OPTIONS /api/forum/questions/31/ HTTP/1.1" 200 0
INFO 2025-09-01 14:56:54,953 basehttp "DELETE /api/forum/questions/31/ HTTP/1.1" 204 0
INFO 2025-09-01 14:56:56,733 basehttp "POST /api/auth/login/ HTTP/1.1" 200 832
INFO 2025-09-01 14:56:57,317 basehttp "POST /api/auth/login/ HTTP/1.1" 200 832
INFO 2025-09-01 14:56:57,635 basehttp "GET /api/forum/questions/ HTTP/1.1" 200 278
INFO 2025-09-01 14:56:58,836 basehttp "POST /api/forum/questions/ HTTP/1.1" 201 351
INFO 2025-09-01 14:56:59,106 basehttp "OPTIONS /api/forum/questions/32/toggle-sticky/ HTTP/1.1" 200 0
INFO 2025-09-01 14:56:59,127 basehttp "PATCH /api/forum/questions/32/toggle-sticky/ HTTP/1.1" 200 18
INFO 2025-09-01 14:56:59,787 basehttp "PATCH /api/forum/questions/32/toggle-sticky/ HTTP/1.1" 200 19
INFO 2025-09-01 14:56:59,956 basehttp "OPTIONS /api/forum/questions/32/toggle-like/ HTTP/1.1" 200 0
INFO 2025-09-01 14:56:59,980 basehttp "PATCH /api/forum/questions/32/toggle-like/ HTTP/1.1" 200 30
INFO 2025-09-01 14:57:00,630 basehttp "PATCH /api/forum/questions/32/toggle-like/ HTTP/1.1" 200 31
INFO 2025-09-01 14:57:01,003 basehttp "OPTIONS /api/forum/questions/32/comments/ HTTP/1.1" 200 0
INFO 2025-09-01 14:57:01,034 basehttp "POST /api/forum/questions/32/comments/ HTTP/1.1" 201 165
INFO 2025-09-01 14:57:01,359 basehttp "OPTIONS /api/forum/comments/32/ HTTP/1.1" 200 0
INFO 2025-09-01 14:57:01,383 basehttp "DELETE /api/forum/comments/32/ HTTP/1.1" 204 0
INFO 2025-09-01 14:57:01,651 basehttp "OPTIONS /api/forum/questions/32/ HTTP/1.1" 200 0
INFO 2025-09-01 14:57:01,679 basehttp "DELETE /api/forum/questions/32/ HTTP/1.1" 204 0
INFO 2025-09-01 15:12:58,660 basehttp "POST /api/auth/login/ HTTP/1.1" 200 832
INFO 2025-09-01 15:12:59,342 basehttp "POST /api/auth/login/ HTTP/1.1" 200 832
INFO 2025-09-01 15:12:59,477 basehttp "GET /api/notices/unread_count/ HTTP/1.1" 200 11
INFO 2025-09-01 15:12:59,750 basehttp "GET /api/forum/questions/ HTTP/1.1" 200 278
INFO 2025-09-01 15:13:01,085 basehttp "POST /api/forum/questions/ HTTP/1.1" 201 351
INFO 2025-09-01 15:13:01,438 basehttp "OPTIONS /api/forum/questions/33/toggle-like/ HTTP/1.1" 200 0
INFO 2025-09-01 15:13:01,471 basehttp "PATCH /api/forum/questions/33/toggle-like/ HTTP/1.1" 200 30
INFO 2025-09-01 15:13:02,124 basehttp "PATCH /api/forum/questions/33/toggle-like/ HTTP/1.1" 200 31
INFO 2025-09-01 15:13:02,539 basehttp "OPTIONS /api/forum/questions/33/comments/ HTTP/1.1" 200 0
INFO 2025-09-01 15:13:02,559 basehttp "POST /api/forum/questions/33/comments/ HTTP/1.1" 201 165
INFO 2025-09-01 15:13:02,914 basehttp "OPTIONS /api/forum/comments/33/ HTTP/1.1" 200 0
INFO 2025-09-01 15:13:02,936 basehttp "DELETE /api/forum/comments/33/ HTTP/1.1" 204 0
INFO 2025-09-01 15:13:03,241 basehttp "OPTIONS /api/forum/questions/33/ HTTP/1.1" 200 0
INFO 2025-09-01 15:13:03,264 basehttp "DELETE /api/forum/questions/33/ HTTP/1.1" 204 0
INFO 2025-09-01 15:13:05,017 basehttp "POST /api/auth/login/ HTTP/1.1" 200 832
INFO 2025-09-01 15:13:05,648 basehttp "POST /api/auth/login/ HTTP/1.1" 200 832
INFO 2025-09-01 15:13:06,178 basehttp "GET /api/forum/questions/ HTTP/1.1" 200 278
INFO 2025-09-01 15:13:07,500 basehttp "POST /api/forum/questions/ HTTP/1.1" 201 351
INFO 2025-09-01 15:13:07,881 basehttp "OPTIONS /api/forum/questions/34/toggle-sticky/ HTTP/1.1" 200 0
INFO 2025-09-01 15:13:07,902 basehttp "PATCH /api/forum/questions/34/toggle-sticky/ HTTP/1.1" 200 18
INFO 2025-09-01 15:13:08,589 basehttp "PATCH /api/forum/questions/34/toggle-sticky/ HTTP/1.1" 200 19
INFO 2025-09-01 15:13:08,793 basehttp "OPTIONS /api/forum/questions/34/toggle-like/ HTTP/1.1" 200 0
INFO 2025-09-01 15:13:08,815 basehttp "PATCH /api/forum/questions/34/toggle-like/ HTTP/1.1" 200 30
INFO 2025-09-01 15:13:09,492 basehttp "PATCH /api/forum/questions/34/toggle-like/ HTTP/1.1" 200 31
INFO 2025-09-01 15:13:09,889 basehttp "OPTIONS /api/forum/questions/34/comments/ HTTP/1.1" 200 0
INFO 2025-09-01 15:13:09,912 basehttp "POST /api/forum/questions/34/comments/ HTTP/1.1" 201 165
INFO 2025-09-01 15:13:10,337 basehttp "OPTIONS /api/forum/comments/34/ HTTP/1.1" 200 0
INFO 2025-09-01 15:13:10,370 basehttp "DELETE /api/forum/comments/34/ HTTP/1.1" 204 0
INFO 2025-09-01 15:13:10,804 basehttp "OPTIONS /api/forum/questions/34/ HTTP/1.1" 200 0
INFO 2025-09-01 15:13:10,830 basehttp "DELETE /api/forum/questions/34/ HTTP/1.1" 204 0
INFO 2025-09-01 15:15:37,250 basehttp "POST /api/auth/login/ HTTP/1.1" 200 832
INFO 2025-09-01 15:15:38,011 basehttp "POST /api/auth/login/ HTTP/1.1" 200 832
INFO 2025-09-01 15:15:38,173 basehttp "GET /api/notices/unread_count/ HTTP/1.1" 200 11
INFO 2025-09-01 15:15:38,588 basehttp "GET /api/forum/questions/ HTTP/1.1" 200 278
INFO 2025-09-01 15:15:40,007 basehttp "POST /api/forum/questions/ HTTP/1.1" 201 351
INFO 2025-09-01 15:15:40,348 basehttp "OPTIONS /api/forum/questions/35/toggle-like/ HTTP/1.1" 200 0
INFO 2025-09-01 15:15:40,377 basehttp "PATCH /api/forum/questions/35/toggle-like/ HTTP/1.1" 200 30
INFO 2025-09-01 15:15:41,037 basehttp "PATCH /api/forum/questions/35/toggle-like/ HTTP/1.1" 200 31
INFO 2025-09-01 15:15:41,453 basehttp "OPTIONS /api/forum/questions/35/comments/ HTTP/1.1" 200 0
INFO 2025-09-01 15:15:41,475 basehttp "POST /api/forum/questions/35/comments/ HTTP/1.1" 201 165
INFO 2025-09-01 15:15:41,908 basehttp "OPTIONS /api/forum/comments/35/ HTTP/1.1" 200 0
INFO 2025-09-01 15:15:41,933 basehttp "DELETE /api/forum/comments/35/ HTTP/1.1" 204 0
INFO 2025-09-01 15:15:42,254 basehttp "OPTIONS /api/forum/questions/35/ HTTP/1.1" 200 0
INFO 2025-09-01 15:15:42,289 basehttp "DELETE /api/forum/questions/35/ HTTP/1.1" 204 0
INFO 2025-09-01 15:15:44,134 basehttp "POST /api/auth/login/ HTTP/1.1" 200 832
INFO 2025-09-01 15:15:44,707 basehttp "POST /api/auth/login/ HTTP/1.1" 200 832
INFO 2025-09-01 15:15:45,045 basehttp "GET /api/forum/questions/ HTTP/1.1" 200 278
INFO 2025-09-01 15:15:46,441 basehttp "POST /api/forum/questions/ HTTP/1.1" 201 351
INFO 2025-09-01 15:15:46,797 basehttp "OPTIONS /api/forum/questions/36/toggle-sticky/ HTTP/1.1" 200 0
INFO 2025-09-01 15:15:46,822 basehttp "PATCH /api/forum/questions/36/toggle-sticky/ HTTP/1.1" 200 18
INFO 2025-09-01 15:15:47,467 basehttp "PATCH /api/forum/questions/36/toggle-sticky/ HTTP/1.1" 200 19
INFO 2025-09-01 15:15:47,690 basehttp "OPTIONS /api/forum/questions/36/toggle-like/ HTTP/1.1" 200 0
INFO 2025-09-01 15:15:47,715 basehttp "PATCH /api/forum/questions/36/toggle-like/ HTTP/1.1" 200 30
INFO 2025-09-01 15:15:48,384 basehttp "PATCH /api/forum/questions/36/toggle-like/ HTTP/1.1" 200 31
INFO 2025-09-01 15:15:48,806 basehttp "OPTIONS /api/forum/questions/36/comments/ HTTP/1.1" 200 0
INFO 2025-09-01 15:15:48,831 basehttp "POST /api/forum/questions/36/comments/ HTTP/1.1" 201 165
INFO 2025-09-01 15:15:49,202 basehttp "OPTIONS /api/forum/comments/36/ HTTP/1.1" 200 0
INFO 2025-09-01 15:15:49,228 basehttp "DELETE /api/forum/comments/36/ HTTP/1.1" 204 0
INFO 2025-09-01 15:15:49,568 basehttp "OPTIONS /api/forum/questions/36/ HTTP/1.1" 200 0
INFO 2025-09-01 15:15:49,596 basehttp "DELETE /api/forum/questions/36/ HTTP/1.1" 204 0
INFO 2025-09-01 15:36:55,184 basehttp "POST /api/auth/login/ HTTP/1.1" 200 832
INFO 2025-09-01 15:36:56,187 basehttp "POST /api/auth/login/ HTTP/1.1" 200 832
INFO 2025-09-01 15:36:56,379 basehttp "OPTIONS /api/notices/unread_count/ HTTP/1.1" 200 0
INFO 2025-09-01 15:36:56,408 basehttp "GET /api/notices/unread_count/ HTTP/1.1" 200 11
INFO 2025-09-01 15:36:56,711 basehttp "OPTIONS /api/forum/questions/ HTTP/1.1" 200 0
INFO 2025-09-01 15:36:56,755 basehttp "GET /api/forum/questions/ HTTP/1.1" 200 278
INFO 2025-09-01 15:36:58,046 basehttp "POST /api/forum/questions/ HTTP/1.1" 201 351
INFO 2025-09-01 15:36:58,387 basehttp "OPTIONS /api/forum/questions/37/toggle-like/ HTTP/1.1" 200 0
INFO 2025-09-01 15:36:58,419 basehttp "PATCH /api/forum/questions/37/toggle-like/ HTTP/1.1" 200 30
INFO 2025-09-01 15:36:59,105 basehttp "PATCH /api/forum/questions/37/toggle-like/ HTTP/1.1" 200 31
INFO 2025-09-01 15:36:59,525 basehttp "OPTIONS /api/forum/questions/37/comments/ HTTP/1.1" 200 0
INFO 2025-09-01 15:36:59,551 basehttp "POST /api/forum/questions/37/comments/ HTTP/1.1" 201 165
INFO 2025-09-01 15:37:00,082 basehttp "OPTIONS /api/forum/comments/37/ HTTP/1.1" 200 0
INFO 2025-09-01 15:37:00,110 basehttp "DELETE /api/forum/comments/37/ HTTP/1.1" 204 0
INFO 2025-09-01 15:37:00,509 basehttp "OPTIONS /api/forum/questions/37/ HTTP/1.1" 200 0
INFO 2025-09-01 15:37:00,542 basehttp "DELETE /api/forum/questions/37/ HTTP/1.1" 204 0
INFO 2025-09-01 15:37:02,814 basehttp "POST /api/auth/login/ HTTP/1.1" 200 832
INFO 2025-09-01 15:37:03,402 basehttp "POST /api/auth/login/ HTTP/1.1" 200 832
INFO 2025-09-01 15:37:03,703 basehttp "GET /api/forum/questions/ HTTP/1.1" 200 278
INFO 2025-09-01 15:37:04,848 basehttp "POST /api/forum/questions/ HTTP/1.1" 201 351
INFO 2025-09-01 15:37:05,049 basehttp "OPTIONS /api/forum/questions/38/toggle-sticky/ HTTP/1.1" 200 0
INFO 2025-09-01 15:37:05,071 basehttp "PATCH /api/forum/questions/38/toggle-sticky/ HTTP/1.1" 200 18
INFO 2025-09-01 15:37:05,695 basehttp "PATCH /api/forum/questions/38/toggle-sticky/ HTTP/1.1" 200 19
INFO 2025-09-01 15:37:05,835 basehttp "OPTIONS /api/forum/questions/38/toggle-like/ HTTP/1.1" 200 0
INFO 2025-09-01 15:37:05,858 basehttp "PATCH /api/forum/questions/38/toggle-like/ HTTP/1.1" 200 30
INFO 2025-09-01 15:37:06,483 basehttp "PATCH /api/forum/questions/38/toggle-like/ HTTP/1.1" 200 31
INFO 2025-09-01 15:37:06,820 basehttp "OPTIONS /api/forum/questions/38/comments/ HTTP/1.1" 200 0
INFO 2025-09-01 15:37:06,844 basehttp "POST /api/forum/questions/38/comments/ HTTP/1.1" 201 165
INFO 2025-09-01 15:37:07,056 basehttp "OPTIONS /api/forum/comments/38/ HTTP/1.1" 200 0
INFO 2025-09-01 15:37:07,078 basehttp "DELETE /api/forum/comments/38/ HTTP/1.1" 204 0
INFO 2025-09-01 15:37:07,248 basehttp "OPTIONS /api/forum/questions/38/ HTTP/1.1" 200 0
INFO 2025-09-01 15:37:07,271 basehttp "DELETE /api/forum/questions/38/ HTTP/1.1" 204 0
INFO 2025-09-01 16:06:00,932 basehttp "OPTIONS /api/auth/login/ HTTP/1.1" 200 0
INFO 2025-09-01 16:06:01,421 basehttp "POST /api/auth/login/ HTTP/1.1" 200 832
INFO 2025-09-01 16:06:01,936 basehttp "POST /api/auth/login/ HTTP/1.1" 200 832
INFO 2025-09-01 16:06:02,043 basehttp "OPTIONS /api/notices/unread_count/ HTTP/1.1" 200 0
INFO 2025-09-01 16:06:02,060 basehttp "GET /api/notices/unread_count/ HTTP/1.1" 200 11
INFO 2025-09-01 16:06:04,635 basehttp "OPTIONS /api/forum/questions/ HTTP/1.1" 200 0
INFO 2025-09-01 16:06:04,654 basehttp "GET /api/forum/questions/ HTTP/1.1" 200 278
INFO 2025-09-01 16:16:35,295 basehttp "POST /api/auth/login/ HTTP/1.1" 200 832
INFO 2025-09-02 10:26:46,401 basehttp "POST /api/auth/login/ HTTP/1.1" 200 832
INFO 2025-09-02 10:26:53,000 basehttp "POST /api/auth/login/ HTTP/1.1" 200 832
INFO 2025-09-02 10:27:24,875 basehttp "POST /api/auth/login/ HTTP/1.1" 200 832
INFO 2025-09-02 10:27:25,681 basehttp - Broken pipe from ('127.0.0.1', 59190)
INFO 2025-09-02 10:27:27,485 basehttp "POST /api/auth/login/ HTTP/1.1" 200 832
INFO 2025-09-02 10:27:28,093 basehttp "POST /api/auth/login/ HTTP/1.1" 200 832
INFO 2025-09-02 10:34:56,105 basehttp "POST /api/auth/login/ HTTP/1.1" 200 832
INFO 2025-09-02 10:34:57,707 basehttp "OPTIONS /api/notices/unread_count/ HTTP/1.1" 200 0
INFO 2025-09-02 10:34:57,719 basehttp "OPTIONS /api/forum/questions/ HTTP/1.1" 200 0
INFO 2025-09-02 10:34:57,761 basehttp "GET /api/notices/unread_count/ HTTP/1.1" 200 11
INFO 2025-09-02 10:34:57,826 basehttp "GET /api/forum/questions/ HTTP/1.1" 200 278
INFO 2025-09-02 10:34:58,895 basehttp "POST /api/forum/questions/ HTTP/1.1" 201 351
INFO 2025-09-02 10:34:59,256 basehttp "OPTIONS /api/forum/questions/39/toggle-like/ HTTP/1.1" 200 0
INFO 2025-09-02 10:34:59,293 basehttp "PATCH /api/forum/questions/39/toggle-like/ HTTP/1.1" 200 30
INFO 2025-09-02 10:34:59,927 basehttp "PATCH /api/forum/questions/39/toggle-like/ HTTP/1.1" 200 31
INFO 2025-09-02 10:35:00,318 basehttp "OPTIONS /api/forum/questions/39/comments/ HTTP/1.1" 200 0
INFO 2025-09-02 10:35:00,360 basehttp "POST /api/forum/questions/39/comments/ HTTP/1.1" 201 165
INFO 2025-09-02 10:35:00,767 basehttp "OPTIONS /api/forum/comments/39/ HTTP/1.1" 200 0
INFO 2025-09-02 10:35:00,807 basehttp "DELETE /api/forum/comments/39/ HTTP/1.1" 204 0
INFO 2025-09-02 10:35:01,192 basehttp "OPTIONS /api/forum/questions/39/ HTTP/1.1" 200 0
INFO 2025-09-02 10:35:01,244 basehttp "DELETE /api/forum/questions/39/ HTTP/1.1" 204 0
INFO 2025-09-02 10:35:02,223 basehttp "POST /api/auth/login/ HTTP/1.1" 200 832
INFO 2025-09-02 10:35:03,192 basehttp "GET /api/forum/questions/ HTTP/1.1" 200 278
INFO 2025-09-02 10:35:04,308 basehttp "POST /api/forum/questions/ HTTP/1.1" 201 351
INFO 2025-09-02 10:35:04,594 basehttp "OPTIONS /api/forum/questions/40/toggle-sticky/ HTTP/1.1" 200 0
INFO 2025-09-02 10:35:04,616 basehttp "PATCH /api/forum/questions/40/toggle-sticky/ HTTP/1.1" 200 18
INFO 2025-09-02 10:35:05,224 basehttp "PATCH /api/forum/questions/40/toggle-sticky/ HTTP/1.1" 200 19
INFO 2025-09-02 10:35:05,346 basehttp "OPTIONS /api/forum/questions/40/toggle-like/ HTTP/1.1" 200 0
INFO 2025-09-02 10:35:05,374 basehttp "PATCH /api/forum/questions/40/toggle-like/ HTTP/1.1" 200 30
INFO 2025-09-02 10:35:06,024 basehttp "PATCH /api/forum/questions/40/toggle-like/ HTTP/1.1" 200 31
INFO 2025-09-02 10:35:06,353 basehttp "OPTIONS /api/forum/questions/40/comments/ HTTP/1.1" 200 0
INFO 2025-09-02 10:35:06,386 basehttp "POST /api/forum/questions/40/comments/ HTTP/1.1" 201 165
INFO 2025-09-02 10:35:06,627 basehttp "OPTIONS /api/forum/comments/40/ HTTP/1.1" 200 0
INFO 2025-09-02 10:35:06,648 basehttp "DELETE /api/forum/comments/40/ HTTP/1.1" 204 0
INFO 2025-09-02 10:35:06,819 basehttp "OPTIONS /api/forum/questions/40/ HTTP/1.1" 200 0
INFO 2025-09-02 10:35:06,851 basehttp "DELETE /api/forum/questions/40/ HTTP/1.1" 204 0
INFO 2025-09-02 10:35:53,165 basehttp "POST /api/auth/login/ HTTP/1.1" 200 832
INFO 2025-09-02 10:35:54,568 basehttp "GET /api/notices/unread_count/ HTTP/1.1" 200 11
INFO 2025-09-02 10:35:54,757 basehttp "GET /api/forum/questions/ HTTP/1.1" 200 278
INFO 2025-09-02 10:35:56,055 basehttp "POST /api/forum/questions/ HTTP/1.1" 201 351
INFO 2025-09-02 10:35:56,508 basehttp "OPTIONS /api/forum/questions/41/toggle-like/ HTTP/1.1" 200 0
INFO 2025-09-02 10:35:56,554 basehttp "PATCH /api/forum/questions/41/toggle-like/ HTTP/1.1" 200 30
INFO 2025-09-02 10:35:57,206 basehttp "PATCH /api/forum/questions/41/toggle-like/ HTTP/1.1" 200 31
INFO 2025-09-02 10:35:57,604 basehttp "OPTIONS /api/forum/questions/41/comments/ HTTP/1.1" 200 0
INFO 2025-09-02 10:35:57,628 basehttp "POST /api/forum/questions/41/comments/ HTTP/1.1" 201 165
INFO 2025-09-02 10:35:57,900 basehttp "OPTIONS /api/forum/comments/41/ HTTP/1.1" 200 0
INFO 2025-09-02 10:35:57,930 basehttp "DELETE /api/forum/comments/41/ HTTP/1.1" 204 0
INFO 2025-09-02 10:35:58,178 basehttp "OPTIONS /api/forum/questions/41/ HTTP/1.1" 200 0
INFO 2025-09-02 10:35:58,209 basehttp "DELETE /api/forum/questions/41/ HTTP/1.1" 204 0
INFO 2025-09-02 10:35:59,102 basehttp "POST /api/auth/login/ HTTP/1.1" 200 832
INFO 2025-09-02 10:35:59,908 basehttp "GET /api/forum/questions/ HTTP/1.1" 200 278
INFO 2025-09-02 10:36:01,057 basehttp "POST /api/forum/questions/ HTTP/1.1" 201 351
INFO 2025-09-02 10:36:01,306 basehttp "OPTIONS /api/forum/questions/42/toggle-sticky/ HTTP/1.1" 200 0
INFO 2025-09-02 10:36:01,328 basehttp "PATCH /api/forum/questions/42/toggle-sticky/ HTTP/1.1" 200 18
INFO 2025-09-02 10:36:01,948 basehttp "PATCH /api/forum/questions/42/toggle-sticky/ HTTP/1.1" 200 19
INFO 2025-09-02 10:36:02,096 basehttp "OPTIONS /api/forum/questions/42/toggle-like/ HTTP/1.1" 200 0
INFO 2025-09-02 10:36:02,135 basehttp "PATCH /api/forum/questions/42/toggle-like/ HTTP/1.1" 200 30
INFO 2025-09-02 10:36:02,774 basehttp "PATCH /api/forum/questions/42/toggle-like/ HTTP/1.1" 200 31
INFO 2025-09-02 10:36:03,088 basehttp "OPTIONS /api/forum/questions/42/comments/ HTTP/1.1" 200 0
INFO 2025-09-02 10:36:03,110 basehttp "POST /api/forum/questions/42/comments/ HTTP/1.1" 201 165
INFO 2025-09-02 10:36:03,374 basehttp "OPTIONS /api/forum/comments/42/ HTTP/1.1" 200 0
INFO 2025-09-02 10:36:03,417 basehttp "DELETE /api/forum/comments/42/ HTTP/1.1" 204 0
INFO 2025-09-02 10:36:03,618 basehttp "OPTIONS /api/forum/questions/42/ HTTP/1.1" 200 0
INFO 2025-09-02 10:36:03,645 basehttp "DELETE /api/forum/questions/42/ HTTP/1.1" 204 0
INFO 2025-09-02 11:01:40,602 basehttp "POST /api/auth/login/ HTTP/1.1" 200 832
INFO 2025-09-02 11:01:43,250 basehttp "OPTIONS /api/notices/unread_count/ HTTP/1.1" 200 0
INFO 2025-09-02 11:01:43,280 basehttp "GET /api/notices/unread_count/ HTTP/1.1" 200 11
INFO 2025-09-02 11:01:44,009 basehttp "OPTIONS /api/forum/questions/ HTTP/1.1" 200 0
INFO 2025-09-02 11:01:44,037 basehttp "GET /api/forum/questions/ HTTP/1.1" 200 278
INFO 2025-09-02 11:01:45,328 basehttp "POST /api/forum/questions/ HTTP/1.1" 201 351
INFO 2025-09-02 11:01:45,752 basehttp "OPTIONS /api/forum/questions/43/toggle-like/ HTTP/1.1" 200 0
INFO 2025-09-02 11:01:45,775 basehttp "PATCH /api/forum/questions/43/toggle-like/ HTTP/1.1" 200 30
INFO 2025-09-02 11:01:46,449 basehttp "PATCH /api/forum/questions/43/toggle-like/ HTTP/1.1" 200 31
INFO 2025-09-02 11:01:46,867 basehttp "OPTIONS /api/forum/questions/43/comments/ HTTP/1.1" 200 0
INFO 2025-09-02 11:01:46,890 basehttp "POST /api/forum/questions/43/comments/ HTTP/1.1" 201 165
INFO 2025-09-02 11:01:47,259 basehttp "OPTIONS /api/forum/comments/43/ HTTP/1.1" 200 0
INFO 2025-09-02 11:01:47,287 basehttp "DELETE /api/forum/comments/43/ HTTP/1.1" 204 0
INFO 2025-09-02 11:01:47,661 basehttp "OPTIONS /api/forum/questions/43/ HTTP/1.1" 200 0
INFO 2025-09-02 11:01:47,691 basehttp "DELETE /api/forum/questions/43/ HTTP/1.1" 204 0
INFO 2025-09-02 11:01:48,614 basehttp "POST /api/auth/login/ HTTP/1.1" 200 832
INFO 2025-09-02 11:01:50,845 basehttp "GET /api/forum/questions/ HTTP/1.1" 200 278
INFO 2025-09-02 11:01:52,128 basehttp "POST /api/forum/questions/ HTTP/1.1" 201 351
INFO 2025-09-02 11:01:52,421 basehttp "OPTIONS /api/forum/questions/44/toggle-sticky/ HTTP/1.1" 200 0
INFO 2025-09-02 11:01:52,444 basehttp "PATCH /api/forum/questions/44/toggle-sticky/ HTTP/1.1" 200 18
INFO 2025-09-02 11:01:53,112 basehttp "PATCH /api/forum/questions/44/toggle-sticky/ HTTP/1.1" 200 19
INFO 2025-09-02 11:01:53,323 basehttp "OPTIONS /api/forum/questions/44/toggle-like/ HTTP/1.1" 200 0
INFO 2025-09-02 11:01:53,357 basehttp "PATCH /api/forum/questions/44/toggle-like/ HTTP/1.1" 200 30
INFO 2025-09-02 11:01:54,027 basehttp "PATCH /api/forum/questions/44/toggle-like/ HTTP/1.1" 200 31
INFO 2025-09-02 11:01:54,483 basehttp "OPTIONS /api/forum/questions/44/comments/ HTTP/1.1" 200 0
INFO 2025-09-02 11:01:54,515 basehttp "POST /api/forum/questions/44/comments/ HTTP/1.1" 201 165
INFO 2025-09-02 11:01:54,886 basehttp "OPTIONS /api/forum/comments/44/ HTTP/1.1" 200 0
INFO 2025-09-02 11:01:54,921 basehttp "DELETE /api/forum/comments/44/ HTTP/1.1" 204 0
INFO 2025-09-02 11:01:55,512 basehttp "OPTIONS /api/forum/questions/44/ HTTP/1.1" 200 0
INFO 2025-09-02 11:01:55,541 basehttp "DELETE /api/forum/questions/44/ HTTP/1.1" 204 0
INFO 2025-09-02 11:12:27,685 basehttp "POST /api/auth/login/ HTTP/1.1" 200 832
INFO 2025-09-02 11:12:29,951 basehttp "OPTIONS /api/notices/unread_count/ HTTP/1.1" 200 0
INFO 2025-09-02 11:12:29,973 basehttp "GET /api/notices/unread_count/ HTTP/1.1" 200 11
INFO 2025-09-02 11:12:30,843 basehttp "OPTIONS /api/forum/questions/ HTTP/1.1" 200 0
INFO 2025-09-02 11:12:30,867 basehttp "GET /api/forum/questions/ HTTP/1.1" 200 278
INFO 2025-09-02 11:12:32,102 basehttp "POST /api/forum/questions/ HTTP/1.1" 201 351
INFO 2025-09-02 11:12:32,507 basehttp "OPTIONS /api/forum/questions/45/toggle-like/ HTTP/1.1" 200 0
INFO 2025-09-02 11:12:32,533 basehttp "PATCH /api/forum/questions/45/toggle-like/ HTTP/1.1" 200 30
INFO 2025-09-02 11:12:33,163 basehttp "PATCH /api/forum/questions/45/toggle-like/ HTTP/1.1" 200 31
INFO 2025-09-02 11:12:33,583 basehttp "OPTIONS /api/forum/questions/45/comments/ HTTP/1.1" 200 0
INFO 2025-09-02 11:12:33,607 basehttp "POST /api/forum/questions/45/comments/ HTTP/1.1" 201 165
INFO 2025-09-02 11:12:34,055 basehttp "OPTIONS /api/forum/comments/45/ HTTP/1.1" 200 0
INFO 2025-09-02 11:12:34,094 basehttp "DELETE /api/forum/comments/45/ HTTP/1.1" 204 0
INFO 2025-09-02 11:12:34,563 basehttp "OPTIONS /api/forum/questions/45/ HTTP/1.1" 200 0
INFO 2025-09-02 11:12:34,609 basehttp "DELETE /api/forum/questions/45/ HTTP/1.1" 204 0
INFO 2025-09-02 11:12:35,695 basehttp "POST /api/auth/login/ HTTP/1.1" 200 832
INFO 2025-09-02 11:12:38,077 basehttp "GET /api/forum/questions/ HTTP/1.1" 200 278
INFO 2025-09-02 11:12:39,588 basehttp "POST /api/forum/questions/ HTTP/1.1" 201 351
INFO 2025-09-02 11:12:40,135 basehttp "OPTIONS /api/forum/questions/46/toggle-sticky/ HTTP/1.1" 200 0
INFO 2025-09-02 11:12:40,160 basehttp "PATCH /api/forum/questions/46/toggle-sticky/ HTTP/1.1" 200 18
INFO 2025-09-02 11:12:40,819 basehttp "PATCH /api/forum/questions/46/toggle-sticky/ HTTP/1.1" 200 19
INFO 2025-09-02 11:12:41,077 basehttp "OPTIONS /api/forum/questions/46/toggle-like/ HTTP/1.1" 200 0
INFO 2025-09-02 11:12:41,106 basehttp "PATCH /api/forum/questions/46/toggle-like/ HTTP/1.1" 200 30
INFO 2025-09-02 11:12:41,782 basehttp "PATCH /api/forum/questions/46/toggle-like/ HTTP/1.1" 200 31
INFO 2025-09-02 11:12:42,187 basehttp "OPTIONS /api/forum/questions/46/comments/ HTTP/1.1" 200 0
INFO 2025-09-02 11:12:42,213 basehttp "POST /api/forum/questions/46/comments/ HTTP/1.1" 201 165
INFO 2025-09-02 11:12:42,644 basehttp "OPTIONS /api/forum/comments/46/ HTTP/1.1" 200 0
INFO 2025-09-02 11:12:42,663 basehttp "DELETE /api/forum/comments/46/ HTTP/1.1" 204 0
INFO 2025-09-02 11:12:43,033 basehttp "OPTIONS /api/forum/questions/46/ HTTP/1.1" 200 0
INFO 2025-09-02 11:12:43,057 basehttp "DELETE /api/forum/questions/46/ HTTP/1.1" 204 0
INFO 2025-09-02 11:24:11,093 basehttp "POST /api/auth/login/ HTTP/1.1" 200 832
INFO 2025-09-02 11:24:13,790 basehttp "OPTIONS /api/notices/unread_count/ HTTP/1.1" 200 0
INFO 2025-09-02 11:24:13,816 basehttp "GET /api/notices/unread_count/ HTTP/1.1" 200 11
INFO 2025-09-02 11:24:14,541 basehttp "OPTIONS /api/forum/questions/ HTTP/1.1" 200 0
INFO 2025-09-02 11:24:14,567 basehttp "GET /api/forum/questions/ HTTP/1.1" 200 278
INFO 2025-09-02 11:24:15,872 basehttp "POST /api/forum/questions/ HTTP/1.1" 201 351
INFO 2025-09-02 11:24:16,320 basehttp "OPTIONS /api/forum/questions/47/toggle-like/ HTTP/1.1" 200 0
INFO 2025-09-02 11:24:16,344 basehttp "PATCH /api/forum/questions/47/toggle-like/ HTTP/1.1" 200 30
INFO 2025-09-02 11:24:16,996 basehttp "PATCH /api/forum/questions/47/toggle-like/ HTTP/1.1" 200 31
INFO 2025-09-02 11:24:17,448 basehttp "OPTIONS /api/forum/questions/47/comments/ HTTP/1.1" 200 0
INFO 2025-09-02 11:24:17,475 basehttp "POST /api/forum/questions/47/comments/ HTTP/1.1" 201 165
INFO 2025-09-02 11:24:17,944 basehttp "OPTIONS /api/forum/comments/47/ HTTP/1.1" 200 0
INFO 2025-09-02 11:24:17,987 basehttp "DELETE /api/forum/comments/47/ HTTP/1.1" 204 0
INFO 2025-09-02 11:24:18,485 basehttp "OPTIONS /api/forum/questions/47/ HTTP/1.1" 200 0
INFO 2025-09-02 11:24:18,520 basehttp "DELETE /api/forum/questions/47/ HTTP/1.1" 204 0
INFO 2025-09-02 11:24:19,544 basehttp "POST /api/auth/login/ HTTP/1.1" 200 832
INFO 2025-09-02 11:24:21,727 basehttp "GET /api/forum/questions/ HTTP/1.1" 200 278
INFO 2025-09-02 11:24:23,019 basehttp "POST /api/forum/questions/ HTTP/1.1" 201 351
INFO 2025-09-02 11:24:23,377 basehttp "OPTIONS /api/forum/questions/48/toggle-sticky/ HTTP/1.1" 200 0
INFO 2025-09-02 11:24:23,397 basehttp "PATCH /api/forum/questions/48/toggle-sticky/ HTTP/1.1" 200 18
INFO 2025-09-02 11:24:24,036 basehttp "PATCH /api/forum/questions/48/toggle-sticky/ HTTP/1.1" 200 19
INFO 2025-09-02 11:24:24,209 basehttp "OPTIONS /api/forum/questions/48/toggle-like/ HTTP/1.1" 200 0
INFO 2025-09-02 11:24:24,233 basehttp "PATCH /api/forum/questions/48/toggle-like/ HTTP/1.1" 200 30
INFO 2025-09-02 11:24:24,882 basehttp "PATCH /api/forum/questions/48/toggle-like/ HTTP/1.1" 200 31
INFO 2025-09-02 11:24:25,273 basehttp "OPTIONS /api/forum/questions/48/comments/ HTTP/1.1" 200 0
INFO 2025-09-02 11:24:25,310 basehttp "POST /api/forum/questions/48/comments/ HTTP/1.1" 201 165
INFO 2025-09-02 11:24:25,652 basehttp "OPTIONS /api/forum/comments/48/ HTTP/1.1" 200 0
INFO 2025-09-02 11:24:25,680 basehttp "DELETE /api/forum/comments/48/ HTTP/1.1" 204 0
INFO 2025-09-02 11:24:26,069 basehttp "OPTIONS /api/forum/questions/48/ HTTP/1.1" 200 0
INFO 2025-09-02 11:24:26,097 basehttp "DELETE /api/forum/questions/48/ HTTP/1.1" 204 0
WARNING 2025-09-02 11:46:35,304 log Unauthorized: /api/auth/user/profile/
WARNING 2025-09-02 11:46:35,305 basehttp "GET /api/auth/user/profile/ HTTP/1.1" 401 96
INFO 2025-09-02 11:46:43,858 basehttp "POST /api/auth/login/ HTTP/1.1" 200 832
INFO 2025-09-02 11:46:59,421 basehttp "GET /api/auth/user/profile/ HTTP/1.1" 200 119
INFO 2025-09-02 11:54:21,227 basehttp "POST /api/auth/login/ HTTP/1.1" 200 832
INFO 2025-09-02 11:54:30,932 basehttp "GET /api/auth/user/profile/ HTTP/1.1" 200 119
INFO 2025-09-02 14:07:41,466 basehttp "POST /api/auth/login/ HTTP/1.1" 200 832
INFO 2025-09-02 14:07:44,413 basehttp "OPTIONS /api/notices/unread_count/ HTTP/1.1" 200 0
INFO 2025-09-02 14:07:44,454 basehttp "GET /api/notices/unread_count/ HTTP/1.1" 200 11
INFO 2025-09-02 14:07:45,152 basehttp "OPTIONS /api/forum/questions/ HTTP/1.1" 200 0
INFO 2025-09-02 14:07:45,186 basehttp "GET /api/forum/questions/ HTTP/1.1" 200 278
INFO 2025-09-02 14:07:45,344 basehttp "POST /api/forum/questions/ HTTP/1.1" 201 351
INFO 2025-09-02 14:07:56,098 basehttp "POST /api/auth/login/ HTTP/1.1" 200 832
INFO 2025-09-02 14:07:58,515 basehttp "GET /api/forum/questions/ HTTP/1.1" 200 630
INFO 2025-09-02 14:07:58,672 basehttp "POST /api/forum/questions/ HTTP/1.1" 201 351
INFO 2025-09-02 14:10:11,452 basehttp "POST /api/auth/login/ HTTP/1.1" 200 832
INFO 2025-09-02 14:10:13,516 basehttp "GET /api/notices/unread_count/ HTTP/1.1" 200 11
INFO 2025-09-02 14:10:14,212 basehttp "GET /api/forum/questions/ HTTP/1.1" 200 982
INFO 2025-09-02 14:10:14,405 basehttp "POST /api/forum/questions/ HTTP/1.1" 201 351
INFO 2025-09-02 14:10:24,959 basehttp "POST /api/auth/login/ HTTP/1.1" 200 832
INFO 2025-09-02 14:10:27,267 basehttp "GET /api/forum/questions/ HTTP/1.1" 200 1334
INFO 2025-09-02 14:10:27,410 basehttp "POST /api/forum/questions/ HTTP/1.1" 201 351
INFO 2025-09-02 14:10:41,518 basehttp "POST /api/auth/login/ HTTP/1.1" 200 832
INFO 2025-09-02 14:10:43,476 basehttp "GET /api/notices/unread_count/ HTTP/1.1" 200 11
INFO 2025-09-02 14:10:44,243 basehttp "GET /api/forum/questions/ HTTP/1.1" 200 1686
INFO 2025-09-02 14:10:44,413 basehttp "POST /api/forum/questions/ HTTP/1.1" 201 351
INFO 2025-09-02 14:10:55,265 basehttp "POST /api/auth/login/ HTTP/1.1" 200 832
INFO 2025-09-02 14:10:57,905 basehttp "GET /api/forum/questions/ HTTP/1.1" 200 2038
INFO 2025-09-02 14:10:58,002 basehttp "POST /api/forum/questions/ HTTP/1.1" 201 351
INFO 2025-09-02 14:12:29,688 basehttp "POST /api/auth/login/ HTTP/1.1" 200 832
INFO 2025-09-02 14:12:31,766 basehttp "GET /api/notices/unread_count/ HTTP/1.1" 200 11
INFO 2025-09-02 14:12:32,590 basehttp "GET /api/forum/questions/ HTTP/1.1" 200 2390
INFO 2025-09-02 14:12:34,135 basehttp "POST /api/forum/questions/ HTTP/1.1" 201 351
INFO 2025-09-02 14:12:41,322 basehttp "POST /api/auth/login/ HTTP/1.1" 200 832
INFO 2025-09-02 14:12:43,294 basehttp "GET /api/notices/unread_count/ HTTP/1.1" 200 11
INFO 2025-09-02 14:12:44,288 basehttp "GET /api/forum/questions/ HTTP/1.1" 200 2742
INFO 2025-09-02 14:12:45,806 basehttp "POST /api/forum/questions/ HTTP/1.1" 201 351
INFO 2025-09-02 14:12:56,481 basehttp "POST /api/auth/login/ HTTP/1.1" 200 832
INFO 2025-09-02 14:12:59,218 basehttp "GET /api/forum/questions/ HTTP/1.1" 200 3094
INFO 2025-09-02 14:13:00,270 basehttp "POST /api/forum/questions/ HTTP/1.1" 201 351
INFO 2025-09-02 14:13:24,553 basehttp "POST /api/auth/login/ HTTP/1.1" 200 832
INFO 2025-09-02 14:13:26,412 basehttp "GET /api/notices/unread_count/ HTTP/1.1" 200 11
INFO 2025-09-02 14:13:27,530 basehttp "GET /api/forum/questions/ HTTP/1.1" 200 3446
INFO 2025-09-02 14:13:28,833 basehttp "POST /api/forum/questions/ HTTP/1.1" 201 351
INFO 2025-09-02 14:13:39,432 basehttp "POST /api/auth/login/ HTTP/1.1" 200 832
INFO 2025-09-02 14:13:42,279 basehttp "GET /api/forum/questions/ HTTP/1.1" 200 3798
INFO 2025-09-02 14:13:43,116 basehttp "POST /api/forum/questions/ HTTP/1.1" 201 351
INFO 2025-09-02 14:13:56,019 basehttp "POST /api/auth/login/ HTTP/1.1" 200 832
INFO 2025-09-02 14:13:57,443 basehttp "GET /api/notices/unread_count/ HTTP/1.1" 200 11
INFO 2025-09-02 14:13:58,672 basehttp "GET /api/forum/questions/ HTTP/1.1" 200 4150
INFO 2025-09-02 14:14:00,149 basehttp "POST /api/forum/questions/ HTTP/1.1" 201 351
WARNING 2025-09-02 14:14:00,586 log Not Found: /api/forum/questions/like/
WARNING 2025-09-02 14:14:00,587 basehttp "POST /api/forum/questions/like/ HTTP/1.1" 404 8359
INFO 2025-09-02 14:14:01,339 basehttp "POST /api/auth/login/ HTTP/1.1" 200 832
INFO 2025-09-02 14:14:03,444 basehttp "GET /api/forum/questions/ HTTP/1.1" 200 4502
INFO 2025-09-02 14:14:04,691 basehttp "POST /api/forum/questions/ HTTP/1.1" 201 351
WARNING 2025-09-02 14:14:05,179 log Not Found: /api/forum/questions/top/
WARNING 2025-09-02 14:14:05,181 basehttp "POST /api/forum/questions/top/ HTTP/1.1" 404 8356
INFO 2025-09-02 14:19:08,141 basehttp "POST /api/auth/login/ HTTP/1.1" 200 832
INFO 2025-09-02 14:19:10,071 basehttp "GET /api/notices/unread_count/ HTTP/1.1" 200 11
INFO 2025-09-02 14:19:10,962 basehttp "GET /api/forum/questions/ HTTP/1.1" 200 4854
INFO 2025-09-02 14:19:12,423 basehttp "POST /api/forum/questions/ HTTP/1.1" 201 351
INFO 2025-09-02 14:19:13,055 basehttp "OPTIONS /api/forum/questions/62/toggle-like/ HTTP/1.1" 200 0
INFO 2025-09-02 14:19:13,093 basehttp "PATCH /api/forum/questions/62/toggle-like/ HTTP/1.1" 200 30
INFO 2025-09-02 14:19:13,798 basehttp "PATCH /api/forum/questions/62/toggle-like/ HTTP/1.1" 200 31
INFO 2025-09-02 14:19:14,314 basehttp "OPTIONS /api/forum/questions/62/comments/ HTTP/1.1" 200 0
INFO 2025-09-02 14:19:14,343 basehttp "POST /api/forum/questions/62/comments/ HTTP/1.1" 201 165
INFO 2025-09-02 14:19:14,771 basehttp "OPTIONS /api/forum/comments/49/ HTTP/1.1" 200 0
INFO 2025-09-02 14:19:14,799 basehttp "DELETE /api/forum/comments/49/ HTTP/1.1" 204 0
INFO 2025-09-02 14:19:15,196 basehttp "OPTIONS /api/forum/questions/62/ HTTP/1.1" 200 0
INFO 2025-09-02 14:19:15,219 basehttp "DELETE /api/forum/questions/62/ HTTP/1.1" 204 0
INFO 2025-09-02 14:19:16,056 basehttp "POST /api/auth/login/ HTTP/1.1" 200 832
INFO 2025-09-02 14:19:18,087 basehttp "GET /api/forum/questions/ HTTP/1.1" 200 4854
INFO 2025-09-02 14:19:19,280 basehttp "POST /api/forum/questions/ HTTP/1.1" 201 351
INFO 2025-09-02 14:19:19,654 basehttp "OPTIONS /api/forum/questions/63/toggle-sticky/ HTTP/1.1" 200 0
INFO 2025-09-02 14:19:19,679 basehttp "PATCH /api/forum/questions/63/toggle-sticky/ HTTP/1.1" 200 18
INFO 2025-09-02 14:19:20,307 basehttp "PATCH /api/forum/questions/63/toggle-sticky/ HTTP/1.1" 200 19
INFO 2025-09-02 14:19:20,475 basehttp "OPTIONS /api/forum/questions/63/toggle-like/ HTTP/1.1" 200 0
INFO 2025-09-02 14:19:20,501 basehttp "PATCH /api/forum/questions/63/toggle-like/ HTTP/1.1" 200 30
INFO 2025-09-02 14:19:21,137 basehttp "PATCH /api/forum/questions/63/toggle-like/ HTTP/1.1" 200 31
INFO 2025-09-02 14:19:21,532 basehttp "OPTIONS /api/forum/questions/63/comments/ HTTP/1.1" 200 0
INFO 2025-09-02 14:19:21,556 basehttp "POST /api/forum/questions/63/comments/ HTTP/1.1" 201 165
INFO 2025-09-02 14:19:22,004 basehttp "OPTIONS /api/forum/comments/50/ HTTP/1.1" 200 0
INFO 2025-09-02 14:19:22,033 basehttp "DELETE /api/forum/comments/50/ HTTP/1.1" 204 0
INFO 2025-09-02 14:19:22,336 basehttp "OPTIONS /api/forum/questions/63/ HTTP/1.1" 200 0
INFO 2025-09-02 14:19:22,366 basehttp "DELETE /api/forum/questions/63/ HTTP/1.1" 204 0
INFO 2025-09-02 14:21:33,196 basehttp "POST /api/auth/login/ HTTP/1.1" 200 832
INFO 2025-09-02 14:21:35,527 basehttp "GET /api/notices/unread_count/ HTTP/1.1" 200 11
INFO 2025-09-02 14:21:36,401 basehttp "GET /api/forum/questions/ HTTP/1.1" 200 4854
INFO 2025-09-02 14:21:37,634 basehttp "POST /api/forum/questions/ HTTP/1.1" 201 351
INFO 2025-09-02 14:21:38,110 basehttp "OPTIONS /api/forum/questions/64/toggle-like/ HTTP/1.1" 200 0
INFO 2025-09-02 14:21:38,149 basehttp "PATCH /api/forum/questions/64/toggle-like/ HTTP/1.1" 200 30
INFO 2025-09-02 14:21:39,536 basehttp "POST /api/auth/login/ HTTP/1.1" 200 832
INFO 2025-09-02 14:21:40,923 basehttp "GET /api/notices/unread_count/ HTTP/1.1" 200 11
INFO 2025-09-02 14:21:42,106 basehttp "GET /api/forum/questions/ HTTP/1.1" 200 5205
INFO 2025-09-02 14:21:43,389 basehttp "POST /api/forum/questions/ HTTP/1.1" 201 351
INFO 2025-09-02 14:21:43,840 basehttp "OPTIONS /api/forum/questions/65/toggle-like/ HTTP/1.1" 200 0
INFO 2025-09-02 14:21:43,869 basehttp "PATCH /api/forum/questions/65/toggle-like/ HTTP/1.1" 200 30
INFO 2025-09-02 14:21:44,589 basehttp "PATCH /api/forum/questions/65/toggle-like/ HTTP/1.1" 200 31
INFO 2025-09-02 14:21:45,053 basehttp "OPTIONS /api/forum/questions/65/comments/ HTTP/1.1" 200 0
INFO 2025-09-02 14:21:45,079 basehttp "POST /api/forum/questions/65/comments/ HTTP/1.1" 201 165
INFO 2025-09-02 14:21:46,512 basehttp "OPTIONS /api/forum/comments/51/ HTTP/1.1" 200 0
INFO 2025-09-02 14:21:46,543 basehttp "DELETE /api/forum/comments/51/ HTTP/1.1" 204 0
INFO 2025-09-02 14:21:47,048 basehttp "OPTIONS /api/forum/questions/65/ HTTP/1.1" 200 0
INFO 2025-09-02 14:21:47,080 basehttp "DELETE /api/forum/questions/65/ HTTP/1.1" 204 0
INFO 2025-09-02 14:21:47,992 basehttp "POST /api/auth/login/ HTTP/1.1" 200 832
INFO 2025-09-02 14:21:50,345 basehttp "GET /api/forum/questions/ HTTP/1.1" 200 5206
INFO 2025-09-02 14:21:51,583 basehttp "POST /api/forum/questions/ HTTP/1.1" 201 351
INFO 2025-09-02 14:21:51,851 basehttp "OPTIONS /api/forum/questions/66/toggle-sticky/ HTTP/1.1" 200 0
INFO 2025-09-02 14:21:51,871 basehttp "PATCH /api/forum/questions/66/toggle-sticky/ HTTP/1.1" 200 18
INFO 2025-09-02 14:21:52,532 basehttp "PATCH /api/forum/questions/66/toggle-sticky/ HTTP/1.1" 200 19
INFO 2025-09-02 14:21:52,688 basehttp "OPTIONS /api/forum/questions/66/toggle-like/ HTTP/1.1" 200 0
INFO 2025-09-02 14:21:52,708 basehttp "PATCH /api/forum/questions/66/toggle-like/ HTTP/1.1" 200 30
INFO 2025-09-02 14:21:53,348 basehttp "PATCH /api/forum/questions/66/toggle-like/ HTTP/1.1" 200 31
INFO 2025-09-02 14:21:53,755 basehttp "OPTIONS /api/forum/questions/66/comments/ HTTP/1.1" 200 0
INFO 2025-09-02 14:21:53,778 basehttp "POST /api/forum/questions/66/comments/ HTTP/1.1" 201 165
INFO 2025-09-02 14:21:54,196 basehttp "OPTIONS /api/forum/comments/52/ HTTP/1.1" 200 0
INFO 2025-09-02 14:21:54,218 basehttp "DELETE /api/forum/comments/52/ HTTP/1.1" 204 0
INFO 2025-09-02 14:21:54,543 basehttp "OPTIONS /api/forum/questions/66/ HTTP/1.1" 200 0
INFO 2025-09-02 14:21:54,569 basehttp "DELETE /api/forum/questions/66/ HTTP/1.1" 204 0
INFO 2025-09-02 14:32:11,616 basehttp "POST /api/auth/login/ HTTP/1.1" 200 832
INFO 2025-09-02 14:32:14,346 basehttp "OPTIONS /api/notices/unread_count/ HTTP/1.1" 200 0
INFO 2025-09-02 14:32:14,375 basehttp "GET /api/notices/unread_count/ HTTP/1.1" 200 11
INFO 2025-09-02 14:32:15,002 basehttp "OPTIONS /api/forum/questions/ HTTP/1.1" 200 0
INFO 2025-09-02 14:32:15,120 basehttp "GET /api/forum/questions/ HTTP/1.1" 200 5205
INFO 2025-09-02 14:32:16,442 basehttp "POST /api/forum/questions/ HTTP/1.1" 201 351
INFO 2025-09-02 14:32:16,850 basehttp "OPTIONS /api/forum/questions/67/toggle-like/ HTTP/1.1" 200 0
INFO 2025-09-02 14:32:16,883 basehttp "PATCH /api/forum/questions/67/toggle-like/ HTTP/1.1" 200 30
INFO 2025-09-02 14:32:17,595 basehttp "PATCH /api/forum/questions/67/toggle-like/ HTTP/1.1" 200 31
INFO 2025-09-02 14:32:18,133 basehttp "OPTIONS /api/forum/questions/67/comments/ HTTP/1.1" 200 0
INFO 2025-09-02 14:32:18,158 basehttp "POST /api/forum/questions/67/comments/ HTTP/1.1" 201 165
INFO 2025-09-02 14:32:18,720 basehttp "OPTIONS /api/forum/comments/53/ HTTP/1.1" 200 0
INFO 2025-09-02 14:32:18,748 basehttp "DELETE /api/forum/comments/53/ HTTP/1.1" 204 0
INFO 2025-09-02 14:32:19,278 basehttp "OPTIONS /api/forum/questions/67/ HTTP/1.1" 200 0
INFO 2025-09-02 14:32:19,308 basehttp "DELETE /api/forum/questions/67/ HTTP/1.1" 204 0
INFO 2025-09-02 14:32:20,363 basehttp "POST /api/auth/login/ HTTP/1.1" 200 832
INFO 2025-09-02 14:32:22,626 basehttp "GET /api/forum/questions/ HTTP/1.1" 200 5206
INFO 2025-09-02 14:32:23,857 basehttp "POST /api/forum/questions/ HTTP/1.1" 201 351
INFO 2025-09-02 14:32:24,172 basehttp "OPTIONS /api/forum/questions/68/toggle-sticky/ HTTP/1.1" 200 0
INFO 2025-09-02 14:32:24,193 basehttp "PATCH /api/forum/questions/68/toggle-sticky/ HTTP/1.1" 200 18
INFO 2025-09-02 14:32:24,875 basehttp "PATCH /api/forum/questions/68/toggle-sticky/ HTTP/1.1" 200 19
INFO 2025-09-02 14:32:25,080 basehttp "OPTIONS /api/forum/questions/68/toggle-like/ HTTP/1.1" 200 0
INFO 2025-09-02 14:32:25,103 basehttp "PATCH /api/forum/questions/68/toggle-like/ HTTP/1.1" 200 30
INFO 2025-09-02 14:32:25,756 basehttp "PATCH /api/forum/questions/68/toggle-like/ HTTP/1.1" 200 31
INFO 2025-09-02 14:32:26,187 basehttp "OPTIONS /api/forum/questions/68/comments/ HTTP/1.1" 200 0
INFO 2025-09-02 14:32:26,218 basehttp "POST /api/forum/questions/68/comments/ HTTP/1.1" 201 165
INFO 2025-09-02 14:32:26,657 basehttp "OPTIONS /api/forum/comments/54/ HTTP/1.1" 200 0
INFO 2025-09-02 14:32:26,685 basehttp "DELETE /api/forum/comments/54/ HTTP/1.1" 204 0
INFO 2025-09-02 14:32:27,075 basehttp "OPTIONS /api/forum/questions/68/ HTTP/1.1" 200 0
INFO 2025-09-02 14:32:27,100 basehttp "DELETE /api/forum/questions/68/ HTTP/1.1" 204 0
INFO 2025-09-02 14:33:15,813 basehttp "POST /api/auth/login/ HTTP/1.1" 200 832
INFO 2025-09-02 14:33:17,653 basehttp "GET /api/notices/unread_count/ HTTP/1.1" 200 11
INFO 2025-09-02 14:33:18,559 basehttp "GET /api/forum/questions/ HTTP/1.1" 200 5205
INFO 2025-09-02 14:33:19,765 basehttp "POST /api/forum/questions/ HTTP/1.1" 201 351
INFO 2025-09-02 14:33:20,292 basehttp "OPTIONS /api/forum/questions/69/toggle-like/ HTTP/1.1" 200 0
INFO 2025-09-02 14:33:20,318 basehttp "PATCH /api/forum/questions/69/toggle-like/ HTTP/1.1" 200 30
INFO 2025-09-02 14:33:21,061 basehttp "PATCH /api/forum/questions/69/toggle-like/ HTTP/1.1" 200 31
INFO 2025-09-02 14:33:21,611 basehttp "OPTIONS /api/forum/questions/69/comments/ HTTP/1.1" 200 0
INFO 2025-09-02 14:33:21,641 basehttp "POST /api/forum/questions/69/comments/ HTTP/1.1" 201 165
INFO 2025-09-02 14:33:22,138 basehttp "OPTIONS /api/forum/comments/55/ HTTP/1.1" 200 0
INFO 2025-09-02 14:33:22,170 basehttp "DELETE /api/forum/comments/55/ HTTP/1.1" 204 0
INFO 2025-09-02 14:33:22,580 basehttp "OPTIONS /api/forum/questions/69/ HTTP/1.1" 200 0
INFO 2025-09-02 14:33:22,620 basehttp "DELETE /api/forum/questions/69/ HTTP/1.1" 204 0
INFO 2025-09-02 14:33:23,984 basehttp "POST /api/auth/login/ HTTP/1.1" 200 832
INFO 2025-09-02 14:33:25,421 basehttp "GET /api/notices/unread_count/ HTTP/1.1" 200 11
INFO 2025-09-02 14:33:26,652 basehttp "GET /api/forum/questions/ HTTP/1.1" 200 5205
INFO 2025-09-02 14:33:28,010 basehttp "POST /api/forum/questions/ HTTP/1.1" 201 351
INFO 2025-09-02 14:33:28,659 basehttp "OPTIONS /api/forum/questions/70/toggle-like/ HTTP/1.1" 200 0
INFO 2025-09-02 14:33:28,699 basehttp "PATCH /api/forum/questions/70/toggle-like/ HTTP/1.1" 200 30
INFO 2025-09-02 14:33:29,721 basehttp "PATCH /api/forum/questions/70/toggle-like/ HTTP/1.1" 200 31
INFO 2025-09-02 14:33:30,460 basehttp "OPTIONS /api/forum/questions/70/comments/ HTTP/1.1" 200 0
INFO 2025-09-02 14:33:30,515 basehttp "POST /api/forum/questions/70/comments/ HTTP/1.1" 201 165
INFO 2025-09-02 14:33:31,128 basehttp "OPTIONS /api/forum/comments/56/ HTTP/1.1" 200 0
INFO 2025-09-02 14:33:31,161 basehttp "DELETE /api/forum/comments/56/ HTTP/1.1" 204 0
INFO 2025-09-02 14:33:31,640 basehttp "OPTIONS /api/forum/questions/70/ HTTP/1.1" 200 0
INFO 2025-09-02 14:33:31,672 basehttp "DELETE /api/forum/questions/70/ HTTP/1.1" 204 0
INFO 2025-09-02 14:33:36,397 basehttp "POST /api/auth/login/ HTTP/1.1" 200 832
INFO 2025-09-02 14:33:38,860 basehttp "GET /api/forum/questions/ HTTP/1.1" 200 5206
INFO 2025-09-02 14:33:40,217 basehttp "POST /api/forum/questions/ HTTP/1.1" 201 351
INFO 2025-09-02 14:33:40,654 basehttp "OPTIONS /api/forum/questions/71/toggle-sticky/ HTTP/1.1" 200 0
INFO 2025-09-02 14:33:40,675 basehttp "PATCH /api/forum/questions/71/toggle-sticky/ HTTP/1.1" 200 18
INFO 2025-09-02 14:33:41,386 basehttp "PATCH /api/forum/questions/71/toggle-sticky/ HTTP/1.1" 200 19
INFO 2025-09-02 14:33:41,622 basehttp "OPTIONS /api/forum/questions/71/toggle-like/ HTTP/1.1" 200 0
INFO 2025-09-02 14:33:41,656 basehttp "PATCH /api/forum/questions/71/toggle-like/ HTTP/1.1" 200 30
INFO 2025-09-02 14:33:42,364 basehttp "PATCH /api/forum/questions/71/toggle-like/ HTTP/1.1" 200 31
INFO 2025-09-02 14:33:42,755 basehttp "OPTIONS /api/forum/questions/71/comments/ HTTP/1.1" 200 0
INFO 2025-09-02 14:33:42,782 basehttp "POST /api/forum/questions/71/comments/ HTTP/1.1" 201 165
INFO 2025-09-02 14:33:43,351 basehttp "OPTIONS /api/forum/comments/57/ HTTP/1.1" 200 0
INFO 2025-09-02 14:33:43,375 basehttp "DELETE /api/forum/comments/57/ HTTP/1.1" 204 0
INFO 2025-09-02 14:33:43,801 basehttp "OPTIONS /api/forum/questions/71/ HTTP/1.1" 200 0
INFO 2025-09-02 14:33:43,835 basehttp "DELETE /api/forum/questions/71/ HTTP/1.1" 204 0
INFO 2025-09-02 14:34:34,798 basehttp "POST /api/auth/login/ HTTP/1.1" 200 832
INFO 2025-09-02 14:34:36,792 basehttp "GET /api/notices/unread_count/ HTTP/1.1" 200 11
INFO 2025-09-02 14:34:37,688 basehttp "GET /api/forum/questions/ HTTP/1.1" 200 5205
INFO 2025-09-02 14:34:39,214 basehttp "POST /api/forum/questions/ HTTP/1.1" 201 351
INFO 2025-09-02 14:34:39,788 basehttp "OPTIONS /api/forum/questions/72/toggle-like/ HTTP/1.1" 200 0
INFO 2025-09-02 14:34:39,835 basehttp "PATCH /api/forum/questions/72/toggle-like/ HTTP/1.1" 200 30
INFO 2025-09-02 14:34:41,231 basehttp "POST /api/auth/login/ HTTP/1.1" 200 832
INFO 2025-09-02 14:34:42,773 basehttp "GET /api/notices/unread_count/ HTTP/1.1" 200 11
INFO 2025-09-02 14:34:43,966 basehttp "GET /api/forum/questions/ HTTP/1.1" 200 5556
INFO 2025-09-02 14:34:45,341 basehttp "POST /api/forum/questions/ HTTP/1.1" 201 351
INFO 2025-09-02 14:34:45,994 basehttp "OPTIONS /api/forum/questions/73/toggle-like/ HTTP/1.1" 200 0
INFO 2025-09-02 14:34:46,028 basehttp "PATCH /api/forum/questions/73/toggle-like/ HTTP/1.1" 200 30
INFO 2025-09-02 14:34:46,872 basehttp "PATCH /api/forum/questions/73/toggle-like/ HTTP/1.1" 200 31
INFO 2025-09-02 14:34:47,530 basehttp "OPTIONS /api/forum/questions/73/comments/ HTTP/1.1" 200 0
INFO 2025-09-02 14:34:47,568 basehttp "POST /api/forum/questions/73/comments/ HTTP/1.1" 201 165
INFO 2025-09-02 14:34:48,141 basehttp "OPTIONS /api/forum/comments/58/ HTTP/1.1" 200 0
INFO 2025-09-02 14:34:48,173 basehttp "DELETE /api/forum/comments/58/ HTTP/1.1" 204 0
INFO 2025-09-02 14:34:48,818 basehttp "OPTIONS /api/forum/questions/73/ HTTP/1.1" 200 0
INFO 2025-09-02 14:34:48,852 basehttp "DELETE /api/forum/questions/73/ HTTP/1.1" 204 0
INFO 2025-09-02 14:34:53,516 basehttp "POST /api/auth/login/ HTTP/1.1" 200 832
INFO 2025-09-02 14:34:55,978 basehttp "GET /api/forum/questions/ HTTP/1.1" 200 5558
INFO 2025-09-02 14:34:57,289 basehttp "POST /api/forum/questions/ HTTP/1.1" 201 351
INFO 2025-09-02 14:34:57,716 basehttp "OPTIONS /api/forum/questions/74/toggle-sticky/ HTTP/1.1" 200 0
INFO 2025-09-02 14:34:57,740 basehttp "PATCH /api/forum/questions/74/toggle-sticky/ HTTP/1.1" 200 18
INFO 2025-09-02 14:34:58,484 basehttp "PATCH /api/forum/questions/74/toggle-sticky/ HTTP/1.1" 200 19
INFO 2025-09-02 14:34:58,737 basehttp "OPTIONS /api/forum/questions/74/toggle-like/ HTTP/1.1" 200 0
INFO 2025-09-02 14:34:58,764 basehttp "PATCH /api/forum/questions/74/toggle-like/ HTTP/1.1" 200 30
INFO 2025-09-02 14:34:59,432 basehttp "PATCH /api/forum/questions/74/toggle-like/ HTTP/1.1" 200 31
INFO 2025-09-02 14:34:59,859 basehttp "OPTIONS /api/forum/questions/74/comments/ HTTP/1.1" 200 0
INFO 2025-09-02 14:34:59,882 basehttp "POST /api/forum/questions/74/comments/ HTTP/1.1" 201 165
INFO 2025-09-02 14:35:00,463 basehttp "OPTIONS /api/forum/comments/59/ HTTP/1.1" 200 0
INFO 2025-09-02 14:35:00,482 basehttp "DELETE /api/forum/comments/59/ HTTP/1.1" 204 0
INFO 2025-09-02 14:35:00,891 basehttp "OPTIONS /api/forum/questions/74/ HTTP/1.1" 200 0
INFO 2025-09-02 14:35:00,920 basehttp "DELETE /api/forum/questions/74/ HTTP/1.1" 204 0
INFO 2025-09-02 14:35:09,130 basehttp "OPTIONS /api/forum/questions/50/ HTTP/1.1" 200 0
INFO 2025-09-02 14:35:09,158 basehttp "DELETE /api/forum/questions/50/ HTTP/1.1" 204 0
INFO 2025-09-02 14:36:06,807 basehttp "OPTIONS /api/notices/unread_count/ HTTP/1.1" 200 0
WARNING 2025-09-02 14:36:06,817 log Unauthorized: /api/notices/unread_count/
WARNING 2025-09-02 14:36:06,817 basehttp "GET /api/notices/unread_count/ HTTP/1.1" 401 623
INFO 2025-09-02 14:36:17,822 basehttp "OPTIONS /api/auth/login/ HTTP/1.1" 200 0
INFO 2025-09-02 14:36:18,282 basehttp "POST /api/auth/login/ HTTP/1.1" 200 832
INFO 2025-09-02 14:36:18,749 basehttp "POST /api/auth/login/ HTTP/1.1" 200 832
INFO 2025-09-02 14:36:20,899 basehttp "OPTIONS /api/experiments/experiments/ HTTP/1.1" 200 0
INFO 2025-09-02 14:36:20,902 basehttp "OPTIONS /api/experiments/submissions/ HTTP/1.1" 200 0
INFO 2025-09-02 14:36:20,982 basehttp "GET /api/experiments/submissions/ HTTP/1.1" 200 2236
INFO 2025-09-02 14:36:20,983 basehttp "GET /api/experiments/experiments/ HTTP/1.1" 200 4002
INFO 2025-09-02 14:36:21,924 basehttp "OPTIONS /api/forum/questions/ HTTP/1.1" 200 0
INFO 2025-09-02 14:36:22,009 basehttp "GET /api/forum/questions/ HTTP/1.1" 200 5206
INFO 2025-09-02 14:36:25,956 basehttp "OPTIONS /api/forum/questions/61/ HTTP/1.1" 200 0
INFO 2025-09-02 14:36:25,989 basehttp "DELETE /api/forum/questions/61/ HTTP/1.1" 204 0
INFO 2025-09-02 14:36:28,713 basehttp "OPTIONS /api/forum/questions/59/ HTTP/1.1" 200 0
INFO 2025-09-02 14:36:28,727 basehttp "DELETE /api/forum/questions/59/ HTTP/1.1" 204 0
INFO 2025-09-02 14:36:30,897 basehttp "OPTIONS /api/forum/questions/57/ HTTP/1.1" 200 0
INFO 2025-09-02 14:36:30,912 basehttp "DELETE /api/forum/questions/57/ HTTP/1.1" 204 0
INFO 2025-09-02 14:36:33,463 basehttp "OPTIONS /api/forum/questions/54/ HTTP/1.1" 200 0
INFO 2025-09-02 14:36:33,484 basehttp "DELETE /api/forum/questions/54/ HTTP/1.1" 204 0
INFO 2025-09-02 14:36:35,609 basehttp "OPTIONS /api/forum/questions/52/ HTTP/1.1" 200 0
INFO 2025-09-02 14:36:35,622 basehttp "DELETE /api/forum/questions/52/ HTTP/1.1" 204 0
INFO 2025-09-02 14:37:05,989 basehttp "POST /api/auth/login/ HTTP/1.1" 200 832
INFO 2025-09-02 14:37:06,489 basehttp "POST /api/auth/login/ HTTP/1.1" 200 832
INFO 2025-09-02 14:37:06,531 basehttp "GET /api/notices/unread_count/ HTTP/1.1" 200 11
INFO 2025-09-02 14:37:06,724 basehttp "GET /api/notices/unread_count/ HTTP/1.1" 200 11
INFO 2025-09-02 14:37:08,202 basehttp "OPTIONS /materials/ HTTP/1.1" 200 0
INFO 2025-09-02 14:37:08,219 basehttp "GET /materials/ HTTP/1.1" 200 804
INFO 2025-09-02 14:37:09,208 basehttp "OPTIONS /api/experiments/experiments/ HTTP/1.1" 200 0
INFO 2025-09-02 14:37:09,263 basehttp "GET /api/experiments/experiments/ HTTP/1.1" 200 4002
INFO 2025-09-02 14:37:10,870 basehttp "GET /api/experiments/submissions/ HTTP/1.1" 200 2236
INFO 2025-09-02 14:37:11,894 basehttp "GET /api/forum/questions/ HTTP/1.1" 200 3444
INFO 2025-09-02 14:37:14,277 basehttp "OPTIONS /api/forum/questions/72/ HTTP/1.1" 200 0
INFO 2025-09-02 14:37:14,298 basehttp "DELETE /api/forum/questions/72/ HTTP/1.1" 204 0
INFO 2025-09-02 14:37:15,129 basehttp "OPTIONS /api/forum/questions/64/ HTTP/1.1" 200 0
INFO 2025-09-02 14:37:15,141 basehttp "DELETE /api/forum/questions/64/ HTTP/1.1" 204 0
INFO 2025-09-02 14:37:15,807 basehttp "OPTIONS /api/forum/questions/60/ HTTP/1.1" 200 0
INFO 2025-09-02 14:37:15,823 basehttp "DELETE /api/forum/questions/60/ HTTP/1.1" 204 0
INFO 2025-09-02 14:37:16,405 basehttp "OPTIONS /api/forum/questions/58/ HTTP/1.1" 200 0
INFO 2025-09-02 14:37:16,423 basehttp "DELETE /api/forum/questions/58/ HTTP/1.1" 204 0
INFO 2025-09-02 14:37:16,974 basehttp "OPTIONS /api/forum/questions/56/ HTTP/1.1" 200 0
INFO 2025-09-02 14:37:16,989 basehttp "DELETE /api/forum/questions/56/ HTTP/1.1" 204 0
INFO 2025-09-02 14:37:17,530 basehttp "OPTIONS /api/forum/questions/55/ HTTP/1.1" 200 0
INFO 2025-09-02 14:37:17,547 basehttp "DELETE /api/forum/questions/55/ HTTP/1.1" 204 0
INFO 2025-09-02 14:37:18,081 basehttp "OPTIONS /api/forum/questions/53/ HTTP/1.1" 200 0
INFO 2025-09-02 14:37:18,093 basehttp "DELETE /api/forum/questions/53/ HTTP/1.1" 204 0
INFO 2025-09-02 14:37:18,567 basehttp "OPTIONS /api/forum/questions/51/ HTTP/1.1" 200 0
INFO 2025-09-02 14:37:18,588 basehttp "DELETE /api/forum/questions/51/ HTTP/1.1" 204 0
INFO 2025-09-02 14:37:19,335 basehttp "OPTIONS /api/forum/questions/49/ HTTP/1.1" 200 0
INFO 2025-09-02 14:37:19,365 basehttp "DELETE /api/forum/questions/49/ HTTP/1.1" 204 0
INFO 2025-09-02 14:37:31,135 basehttp "POST /api/auth/login/ HTTP/1.1" 200 832
INFO 2025-09-02 14:37:33,454 basehttp "GET /api/notices/unread_count/ HTTP/1.1" 200 11
INFO 2025-09-02 14:37:34,182 basehttp "GET /api/forum/questions/ HTTP/1.1" 200 278
INFO 2025-09-02 14:37:35,873 basehttp "POST /api/forum/questions/ HTTP/1.1" 201 351
INFO 2025-09-02 14:37:36,451 basehttp "OPTIONS /api/forum/questions/75/toggle-like/ HTTP/1.1" 200 0
INFO 2025-09-02 14:37:36,488 basehttp "PATCH /api/forum/questions/75/toggle-like/ HTTP/1.1" 200 30
INFO 2025-09-02 14:37:38,319 basehttp "POST /api/auth/login/ HTTP/1.1" 200 832
INFO 2025-09-02 14:37:39,560 basehttp "GET /api/notices/unread_count/ HTTP/1.1" 200 11
INFO 2025-09-02 14:37:40,638 basehttp "GET /api/forum/questions/ HTTP/1.1" 200 629
INFO 2025-09-02 14:37:41,961 basehttp "POST /api/forum/questions/ HTTP/1.1" 201 351
INFO 2025-09-02 14:37:42,321 basehttp "OPTIONS /api/forum/questions/76/toggle-like/ HTTP/1.1" 200 0
INFO 2025-09-02 14:37:42,362 basehttp "PATCH /api/forum/questions/76/toggle-like/ HTTP/1.1" 200 30
INFO 2025-09-02 14:37:43,071 basehttp "PATCH /api/forum/questions/76/toggle-like/ HTTP/1.1" 200 31
INFO 2025-09-02 14:37:43,566 basehttp "OPTIONS /api/forum/questions/76/comments/ HTTP/1.1" 200 0
INFO 2025-09-02 14:37:43,589 basehttp "POST /api/forum/questions/76/comments/ HTTP/1.1" 201 165
INFO 2025-09-02 14:37:44,005 basehttp "OPTIONS /api/forum/comments/60/ HTTP/1.1" 200 0
INFO 2025-09-02 14:37:44,040 basehttp "DELETE /api/forum/comments/60/ HTTP/1.1" 204 0
INFO 2025-09-02 14:37:44,427 basehttp "OPTIONS /api/forum/questions/76/ HTTP/1.1" 200 0
INFO 2025-09-02 14:37:44,462 basehttp "DELETE /api/forum/questions/76/ HTTP/1.1" 204 0
INFO 2025-09-02 14:37:50,619 basehttp "POST /api/auth/login/ HTTP/1.1" 200 832
INFO 2025-09-02 14:37:52,812 basehttp "GET /api/forum/questions/ HTTP/1.1" 200 630
INFO 2025-09-02 14:37:54,383 basehttp "POST /api/forum/questions/ HTTP/1.1" 201 351
INFO 2025-09-02 14:37:54,701 basehttp "OPTIONS /api/forum/questions/77/toggle-sticky/ HTTP/1.1" 200 0
INFO 2025-09-02 14:37:54,720 basehttp "PATCH /api/forum/questions/77/toggle-sticky/ HTTP/1.1" 200 18
INFO 2025-09-02 14:37:55,418 basehttp "PATCH /api/forum/questions/77/toggle-sticky/ HTTP/1.1" 200 19
INFO 2025-09-02 14:37:55,598 basehttp "OPTIONS /api/forum/questions/77/toggle-like/ HTTP/1.1" 200 0
INFO 2025-09-02 14:37:55,634 basehttp "PATCH /api/forum/questions/77/toggle-like/ HTTP/1.1" 200 30
INFO 2025-09-02 14:37:56,318 basehttp "PATCH /api/forum/questions/77/toggle-like/ HTTP/1.1" 200 31
INFO 2025-09-02 14:37:56,765 basehttp "OPTIONS /api/forum/questions/77/comments/ HTTP/1.1" 200 0
INFO 2025-09-02 14:37:56,788 basehttp "POST /api/forum/questions/77/comments/ HTTP/1.1" 201 165
INFO 2025-09-02 14:37:57,193 basehttp "OPTIONS /api/forum/comments/61/ HTTP/1.1" 200 0
INFO 2025-09-02 14:37:57,206 basehttp "DELETE /api/forum/comments/61/ HTTP/1.1" 204 0
INFO 2025-09-02 14:37:57,516 basehttp "OPTIONS /api/forum/questions/77/ HTTP/1.1" 200 0
INFO 2025-09-02 14:37:57,544 basehttp "DELETE /api/forum/questions/77/ HTTP/1.1" 204 0
INFO 2025-09-02 14:38:14,926 basehttp "GET /api/notices/unread_count/ HTTP/1.1" 200 11
INFO 2025-09-02 14:38:14,933 basehttp "GET /api/forum/questions/ HTTP/1.1" 200 629
INFO 2025-09-02 14:38:17,760 basehttp "OPTIONS /api/forum/questions/75/ HTTP/1.1" 200 0
INFO 2025-09-02 14:38:17,777 basehttp "DELETE /api/forum/questions/75/ HTTP/1.1" 204 0
INFO 2025-09-02 14:38:21,358 basehttp "GET /api/notices/unread_count/ HTTP/1.1" 200 11
INFO 2025-09-02 14:38:21,365 basehttp "GET /api/forum/questions/ HTTP/1.1" 200 278
INFO 2025-09-02 14:39:08,759 basehttp "GET /api/notices/unread_count/ HTTP/1.1" 200 11
INFO 2025-09-02 14:39:08,762 basehttp "GET /api/forum/questions/ HTTP/1.1" 200 278
INFO 2025-09-02 14:39:13,495 basehttp "POST /api/auth/login/ HTTP/1.1" 200 832
INFO 2025-09-02 14:39:14,948 basehttp "GET /api/notices/unread_count/ HTTP/1.1" 200 11
INFO 2025-09-02 14:39:15,661 basehttp "GET /api/forum/questions/ HTTP/1.1" 200 278
INFO 2025-09-02 14:39:16,891 basehttp "POST /api/forum/questions/ HTTP/1.1" 201 351
INFO 2025-09-02 14:39:17,176 basehttp "OPTIONS /api/forum/questions/78/toggle-like/ HTTP/1.1" 200 0
INFO 2025-09-02 14:39:17,205 basehttp "PATCH /api/forum/questions/78/toggle-like/ HTTP/1.1" 200 30
INFO 2025-09-02 14:39:17,840 basehttp "PATCH /api/forum/questions/78/toggle-like/ HTTP/1.1" 200 31
INFO 2025-09-02 14:39:18,392 basehttp "OPTIONS /api/forum/questions/78/comments/ HTTP/1.1" 200 0
INFO 2025-09-02 14:39:18,408 basehttp "POST /api/forum/questions/78/comments/ HTTP/1.1" 201 165
INFO 2025-09-02 14:39:18,790 basehttp "OPTIONS /api/forum/comments/62/ HTTP/1.1" 200 0
INFO 2025-09-02 14:39:18,812 basehttp "DELETE /api/forum/comments/62/ HTTP/1.1" 204 0
INFO 2025-09-02 14:39:19,030 basehttp "OPTIONS /api/forum/questions/78/ HTTP/1.1" 200 0
INFO 2025-09-02 14:39:19,057 basehttp "DELETE /api/forum/questions/78/ HTTP/1.1" 204 0
INFO 2025-09-02 14:39:21,217 basehttp "POST /api/auth/login/ HTTP/1.1" 200 832
INFO 2025-09-02 14:39:23,165 basehttp "GET /api/forum/questions/ HTTP/1.1" 200 278
INFO 2025-09-02 14:39:24,375 basehttp "POST /api/forum/questions/ HTTP/1.1" 201 351
INFO 2025-09-02 14:39:24,661 basehttp "OPTIONS /api/forum/questions/79/toggle-sticky/ HTTP/1.1" 200 0
INFO 2025-09-02 14:39:24,680 basehttp "PATCH /api/forum/questions/79/toggle-sticky/ HTTP/1.1" 200 18
INFO 2025-09-02 14:39:25,331 basehttp "PATCH /api/forum/questions/79/toggle-sticky/ HTTP/1.1" 200 19
INFO 2025-09-02 14:39:25,500 basehttp "OPTIONS /api/forum/questions/79/toggle-like/ HTTP/1.1" 200 0
INFO 2025-09-02 14:39:25,525 basehttp "PATCH /api/forum/questions/79/toggle-like/ HTTP/1.1" 200 30
INFO 2025-09-02 14:39:26,165 basehttp "PATCH /api/forum/questions/79/toggle-like/ HTTP/1.1" 200 31
INFO 2025-09-02 14:39:26,525 basehttp "OPTIONS /api/forum/questions/79/comments/ HTTP/1.1" 200 0
INFO 2025-09-02 14:39:26,547 basehttp "POST /api/forum/questions/79/comments/ HTTP/1.1" 201 165
INFO 2025-09-02 14:39:26,888 basehttp "OPTIONS /api/forum/comments/63/ HTTP/1.1" 200 0
INFO 2025-09-02 14:39:26,921 basehttp "DELETE /api/forum/comments/63/ HTTP/1.1" 204 0
INFO 2025-09-02 14:39:27,125 basehttp "OPTIONS /api/forum/questions/79/ HTTP/1.1" 200 0
INFO 2025-09-02 14:39:27,151 basehttp "DELETE /api/forum/questions/79/ HTTP/1.1" 204 0
INFO 2025-09-02 14:49:19,055 basehttp "POST /api/auth/login/ HTTP/1.1" 200 832
INFO 2025-09-02 14:49:21,519 basehttp "OPTIONS /api/notices/unread_count/ HTTP/1.1" 200 0
INFO 2025-09-02 14:49:21,546 basehttp "GET /api/notices/unread_count/ HTTP/1.1" 200 11
INFO 2025-09-02 14:49:22,224 basehttp "OPTIONS /api/forum/questions/ HTTP/1.1" 200 0
INFO 2025-09-02 14:49:22,245 basehttp "GET /api/forum/questions/ HTTP/1.1" 200 278
INFO 2025-09-02 14:49:23,557 basehttp "POST /api/forum/questions/ HTTP/1.1" 201 351
INFO 2025-09-02 14:49:24,076 basehttp "GET /api/notices/unread_count/ HTTP/1.1" 200 11
INFO 2025-09-02 14:49:24,080 basehttp "GET /api/forum/questions/ HTTP/1.1" 200 630
INFO 2025-09-02 14:49:26,147 basehttp "OPTIONS /api/forum/questions/80/toggle-like/ HTTP/1.1" 200 0
INFO 2025-09-02 14:49:26,169 basehttp "PATCH /api/forum/questions/80/toggle-like/ HTTP/1.1" 200 30
INFO 2025-09-02 14:49:26,818 basehttp "PATCH /api/forum/questions/80/toggle-like/ HTTP/1.1" 200 31
INFO 2025-09-02 14:49:27,250 basehttp "OPTIONS /api/forum/questions/80/comments/ HTTP/1.1" 200 0
INFO 2025-09-02 14:49:27,282 basehttp "POST /api/forum/questions/80/comments/ HTTP/1.1" 201 165
INFO 2025-09-02 14:49:27,590 basehttp "OPTIONS /api/forum/comments/64/ HTTP/1.1" 200 0
INFO 2025-09-02 14:49:27,620 basehttp "DELETE /api/forum/comments/64/ HTTP/1.1" 204 0
INFO 2025-09-02 14:49:27,897 basehttp "OPTIONS /api/forum/questions/80/ HTTP/1.1" 200 0
INFO 2025-09-02 14:49:27,930 basehttp "DELETE /api/forum/questions/80/ HTTP/1.1" 204 0
INFO 2025-09-02 14:49:30,165 basehttp "POST /api/auth/login/ HTTP/1.1" 200 832
INFO 2025-09-02 14:49:32,629 basehttp "GET /api/forum/questions/ HTTP/1.1" 200 278
INFO 2025-09-02 14:49:33,919 basehttp "POST /api/forum/questions/ HTTP/1.1" 201 351
INFO 2025-09-02 14:49:34,543 basehttp "GET /api/forum/questions/ HTTP/1.1" 200 630
INFO 2025-09-02 14:49:36,540 basehttp "OPTIONS /api/forum/questions/81/toggle-sticky/ HTTP/1.1" 200 0
INFO 2025-09-02 14:49:36,560 basehttp "PATCH /api/forum/questions/81/toggle-sticky/ HTTP/1.1" 200 18
INFO 2025-09-02 14:49:37,202 basehttp "PATCH /api/forum/questions/81/toggle-sticky/ HTTP/1.1" 200 19
INFO 2025-09-02 14:49:37,357 basehttp "OPTIONS /api/forum/questions/81/toggle-like/ HTTP/1.1" 200 0
INFO 2025-09-02 14:49:37,375 basehttp "PATCH /api/forum/questions/81/toggle-like/ HTTP/1.1" 200 30
INFO 2025-09-02 14:49:38,001 basehttp "PATCH /api/forum/questions/81/toggle-like/ HTTP/1.1" 200 31
INFO 2025-09-02 14:49:38,351 basehttp "OPTIONS /api/forum/questions/81/comments/ HTTP/1.1" 200 0
INFO 2025-09-02 14:49:38,374 basehttp "POST /api/forum/questions/81/comments/ HTTP/1.1" 201 165
INFO 2025-09-02 14:49:38,675 basehttp "OPTIONS /api/forum/comments/65/ HTTP/1.1" 200 0
INFO 2025-09-02 14:49:38,694 basehttp "DELETE /api/forum/comments/65/ HTTP/1.1" 204 0
INFO 2025-09-02 14:49:38,963 basehttp "OPTIONS /api/forum/questions/81/ HTTP/1.1" 200 0
INFO 2025-09-02 14:49:38,988 basehttp "DELETE /api/forum/questions/81/ HTTP/1.1" 204 0
INFO 2025-09-02 15:01:29,562 basehttp "POST /api/auth/login/ HTTP/1.1" 200 832
INFO 2025-09-02 15:01:31,979 basehttp "OPTIONS /api/notices/unread_count/ HTTP/1.1" 200 0
INFO 2025-09-02 15:01:32,015 basehttp "GET /api/notices/unread_count/ HTTP/1.1" 200 11
INFO 2025-09-02 15:01:32,730 basehttp "GET /api/forum/questions/ HTTP/1.1" 200 278
INFO 2025-09-02 15:01:34,195 basehttp "POST /api/forum/questions/ HTTP/1.1" 201 351
WARNING 2025-09-02 15:01:34,313 log Unauthorized: /api/forum/questions/
WARNING 2025-09-02 15:01:34,314 basehttp "POST /api/forum/questions/ HTTP/1.1" 401 96
INFO 2025-09-02 15:01:35,039 basehttp "POST /api/auth/login/ HTTP/1.1" 200 832
INFO 2025-09-02 15:01:37,064 basehttp "GET /api/forum/questions/ HTTP/1.1" 200 630
INFO 2025-09-02 15:01:38,395 basehttp "POST /api/forum/questions/ HTTP/1.1" 201 351
WARNING 2025-09-02 15:01:38,487 log Unauthorized: /api/forum/questions/
WARNING 2025-09-02 15:01:38,488 basehttp "POST /api/forum/questions/ HTTP/1.1" 401 96
INFO 2025-09-02 15:02:18,349 basehttp "POST /api/auth/login/ HTTP/1.1" 200 832
INFO 2025-09-02 15:02:19,972 basehttp "GET /api/notices/unread_count/ HTTP/1.1" 200 11
INFO 2025-09-02 15:02:21,046 basehttp "GET /api/forum/questions/ HTTP/1.1" 200 982
INFO 2025-09-02 15:02:22,699 basehttp "POST /api/forum/questions/ HTTP/1.1" 201 351
INFO 2025-09-02 15:02:23,907 basehttp "POST /api/auth/login/ HTTP/1.1" 200 832
INFO 2025-09-02 15:02:24,001 basehttp "POST /api/forum/questions/ HTTP/1.1" 201 351
INFO 2025-09-02 15:02:24,828 basehttp "GET /api/notices/unread_count/ HTTP/1.1" 200 11
INFO 2025-09-02 15:02:24,938 basehttp "GET /api/forum/questions/ HTTP/1.1" 200 1686
INFO 2025-09-02 15:02:27,071 basehttp "PATCH /api/forum/questions/85/toggle-like/ HTTP/1.1" 200 30
INFO 2025-09-02 15:02:27,824 basehttp "PATCH /api/forum/questions/85/toggle-like/ HTTP/1.1" 200 31
INFO 2025-09-02 15:02:28,456 basehttp "POST /api/forum/questions/85/comments/ HTTP/1.1" 201 165
INFO 2025-09-02 15:02:29,017 basehttp "DELETE /api/forum/comments/66/ HTTP/1.1" 204 0
INFO 2025-09-02 15:02:29,563 basehttp "DELETE /api/forum/questions/85/ HTTP/1.1" 204 0
INFO 2025-09-02 15:02:31,121 basehttp "POST /api/auth/login/ HTTP/1.1" 200 832
INFO 2025-09-02 15:02:32,563 basehttp "GET /api/notices/unread_count/ HTTP/1.1" 200 11
INFO 2025-09-02 15:02:33,649 basehttp "GET /api/forum/questions/ HTTP/1.1" 200 1334
INFO 2025-09-02 15:02:35,037 basehttp "POST /api/forum/questions/ HTTP/1.1" 201 351
INFO 2025-09-02 15:02:36,214 basehttp "POST /api/auth/login/ HTTP/1.1" 200 832
INFO 2025-09-02 15:02:36,277 basehttp "POST /api/forum/questions/ HTTP/1.1" 201 351
INFO 2025-09-02 15:02:36,766 basehttp "GET /api/notices/unread_count/ HTTP/1.1" 200 11
INFO 2025-09-02 15:02:36,821 basehttp "GET /api/forum/questions/ HTTP/1.1" 200 2038
INFO 2025-09-02 15:02:38,874 basehttp "PATCH /api/forum/questions/87/toggle-like/ HTTP/1.1" 200 30
INFO 2025-09-02 15:02:39,517 basehttp "PATCH /api/forum/questions/87/toggle-like/ HTTP/1.1" 200 31
INFO 2025-09-02 15:02:39,974 basehttp "POST /api/forum/questions/87/comments/ HTTP/1.1" 201 165
INFO 2025-09-02 15:02:40,353 basehttp "DELETE /api/forum/comments/67/ HTTP/1.1" 204 0
INFO 2025-09-02 15:02:40,629 basehttp "DELETE /api/forum/questions/87/ HTTP/1.1" 204 0
INFO 2025-09-02 15:02:46,971 basehttp "POST /api/auth/login/ HTTP/1.1" 200 832
INFO 2025-09-02 15:02:49,381 basehttp "GET /api/forum/questions/ HTTP/1.1" 200 1686
INFO 2025-09-02 15:02:50,779 basehttp "POST /api/forum/questions/ HTTP/1.1" 201 351
INFO 2025-09-02 15:02:51,465 basehttp "POST /api/auth/login/ HTTP/1.1" 200 832
INFO 2025-09-02 15:02:51,505 basehttp "POST /api/forum/questions/ HTTP/1.1" 201 351
INFO 2025-09-02 15:02:52,010 basehttp "GET /api/forum/questions/ HTTP/1.1" 200 2390
INFO 2025-09-02 15:02:54,054 basehttp "PATCH /api/forum/questions/89/toggle-sticky/ HTTP/1.1" 200 18
INFO 2025-09-02 15:02:54,727 basehttp "PATCH /api/forum/questions/89/toggle-sticky/ HTTP/1.1" 200 19
INFO 2025-09-02 15:02:54,961 basehttp "PATCH /api/forum/questions/89/toggle-like/ HTTP/1.1" 200 30
INFO 2025-09-02 15:02:55,636 basehttp "PATCH /api/forum/questions/89/toggle-like/ HTTP/1.1" 200 31
INFO 2025-09-02 15:02:56,119 basehttp "POST /api/forum/questions/89/comments/ HTTP/1.1" 201 165
INFO 2025-09-02 15:02:56,578 basehttp "DELETE /api/forum/comments/68/ HTTP/1.1" 204 0
INFO 2025-09-02 15:02:56,934 basehttp "DELETE /api/forum/questions/89/ HTTP/1.1" 204 0
INFO 2025-09-02 15:04:38,751 basehttp "POST /api/auth/login/ HTTP/1.1" 200 832
INFO 2025-09-02 15:04:40,594 basehttp "GET /api/notices/unread_count/ HTTP/1.1" 200 11
INFO 2025-09-02 15:04:41,430 basehttp "GET /api/forum/questions/ HTTP/1.1" 200 2038
INFO 2025-09-02 15:04:43,236 basehttp "POST /api/forum/questions/ HTTP/1.1" 201 369
INFO 2025-09-02 15:04:44,026 basehttp "POST /api/auth/login/ HTTP/1.1" 200 832
INFO 2025-09-02 15:04:44,081 basehttp "POST /api/forum/questions/ HTTP/1.1" 201 370
INFO 2025-09-02 15:04:44,621 basehttp "GET /api/notices/unread_count/ HTTP/1.1" 200 11
INFO 2025-09-02 15:04:44,713 basehttp "GET /api/forum/questions/ HTTP/1.1" 200 2779
INFO 2025-09-02 15:04:46,217 basehttp "POST /api/auth/login/ HTTP/1.1" 200 832
INFO 2025-09-02 15:04:47,712 basehttp "GET /api/notices/unread_count/ HTTP/1.1" 200 11
INFO 2025-09-02 15:04:48,817 basehttp "GET /api/forum/questions/ HTTP/1.1" 200 2779
INFO 2025-09-02 15:04:50,422 basehttp "POST /api/forum/questions/ HTTP/1.1" 201 369
INFO 2025-09-02 15:04:51,172 basehttp "POST /api/auth/login/ HTTP/1.1" 200 832
INFO 2025-09-02 15:04:51,224 basehttp "POST /api/forum/questions/ HTTP/1.1" 201 370
INFO 2025-09-02 15:04:51,681 basehttp "GET /api/notices/unread_count/ HTTP/1.1" 200 11
INFO 2025-09-02 15:04:51,773 basehttp "GET /api/forum/questions/ HTTP/1.1" 200 3520
INFO 2025-09-02 15:04:53,791 basehttp "PATCH /api/forum/questions/92/toggle-like/ HTTP/1.1" 200 30
INFO 2025-09-02 15:04:54,438 basehttp "PATCH /api/forum/questions/92/toggle-like/ HTTP/1.1" 200 31
INFO 2025-09-02 15:04:54,958 basehttp "POST /api/forum/questions/92/comments/ HTTP/1.1" 201 165
INFO 2025-09-02 15:04:55,377 basehttp "DELETE /api/forum/comments/69/ HTTP/1.1" 204 0
INFO 2025-09-02 15:04:55,723 basehttp "DELETE /api/forum/questions/92/ HTTP/1.1" 204 0
INFO 2025-09-02 15:04:57,884 basehttp "POST /api/auth/login/ HTTP/1.1" 200 832
INFO 2025-09-02 15:05:00,240 basehttp "GET /api/forum/questions/ HTTP/1.1" 200 3150
INFO 2025-09-02 15:05:01,756 basehttp "POST /api/forum/questions/ HTTP/1.1" 201 370
INFO 2025-09-02 15:05:02,399 basehttp "POST /api/auth/login/ HTTP/1.1" 200 832
INFO 2025-09-02 15:05:02,447 basehttp "POST /api/forum/questions/ HTTP/1.1" 201 369
INFO 2025-09-02 15:05:02,918 basehttp "GET /api/forum/questions/ HTTP/1.1" 200 3891
INFO 2025-09-02 15:05:04,949 basehttp "PATCH /api/forum/questions/95/toggle-sticky/ HTTP/1.1" 200 18
INFO 2025-09-02 15:05:05,624 basehttp "PATCH /api/forum/questions/95/toggle-sticky/ HTTP/1.1" 200 19
INFO 2025-09-02 15:05:05,862 basehttp "PATCH /api/forum/questions/95/toggle-like/ HTTP/1.1" 200 30
INFO 2025-09-02 15:05:06,539 basehttp "PATCH /api/forum/questions/95/toggle-like/ HTTP/1.1" 200 31
INFO 2025-09-02 15:05:06,977 basehttp "POST /api/forum/questions/95/comments/ HTTP/1.1" 201 165
INFO 2025-09-02 15:05:07,406 basehttp "DELETE /api/forum/comments/70/ HTTP/1.1" 204 0
INFO 2025-09-02 15:05:07,749 basehttp "DELETE /api/forum/questions/95/ HTTP/1.1" 204 0
INFO 2025-09-02 15:05:28,815 basehttp "DELETE /api/forum/questions/88/ HTTP/1.1" 204 0
INFO 2025-09-02 15:05:48,974 basehttp "GET /api/notices/unread_count/ HTTP/1.1" 200 11
INFO 2025-09-02 15:05:49,089 basehttp "GET /api/forum/questions/ HTTP/1.1" 200 3169
INFO 2025-09-02 15:05:51,978 basehttp "OPTIONS /api/forum/questions/93/ HTTP/1.1" 200 0
INFO 2025-09-02 15:05:51,997 basehttp "DELETE /api/forum/questions/93/ HTTP/1.1" 204 0
INFO 2025-09-02 15:05:53,701 basehttp "OPTIONS /api/forum/questions/91/ HTTP/1.1" 200 0
INFO 2025-09-02 15:05:53,723 basehttp "DELETE /api/forum/questions/91/ HTTP/1.1" 204 0
INFO 2025-09-02 15:05:54,714 basehttp "OPTIONS /api/forum/questions/90/ HTTP/1.1" 200 0
INFO 2025-09-02 15:05:54,744 basehttp "DELETE /api/forum/questions/90/ HTTP/1.1" 204 0
INFO 2025-09-02 15:05:55,643 basehttp "OPTIONS /api/forum/questions/86/ HTTP/1.1" 200 0
INFO 2025-09-02 15:05:55,658 basehttp "DELETE /api/forum/questions/86/ HTTP/1.1" 204 0
INFO 2025-09-02 15:05:56,897 basehttp "OPTIONS /api/forum/questions/84/ HTTP/1.1" 200 0
INFO 2025-09-02 15:05:56,917 basehttp "DELETE /api/forum/questions/84/ HTTP/1.1" 204 0
INFO 2025-09-02 15:05:59,761 basehttp "OPTIONS /api/forum/questions/82/ HTTP/1.1" 200 0
INFO 2025-09-02 15:05:59,798 basehttp "DELETE /api/forum/questions/82/ HTTP/1.1" 204 0
INFO 2025-09-02 15:06:05,967 basehttp "GET /api/notices/unread_count/ HTTP/1.1" 200 11
INFO 2025-09-02 15:06:06,003 basehttp "GET /api/forum/questions/ HTTP/1.1" 200 1001
INFO 2025-09-02 15:06:11,243 basehttp "GET /api/notices/unread_count/ HTTP/1.1" 200 11
INFO 2025-09-02 15:06:11,253 basehttp "GET /api/forum/questions/ HTTP/1.1" 200 1001
INFO 2025-09-02 15:06:31,557 basehttp "POST /api/auth/login/ HTTP/1.1" 200 832
INFO 2025-09-02 15:06:32,029 basehttp "POST /api/auth/login/ HTTP/1.1" 200 832
INFO 2025-09-02 15:06:35,138 basehttp "GET /api/forum/questions/ HTTP/1.1" 200 1001
INFO 2025-09-02 15:06:37,469 basehttp "OPTIONS /api/forum/questions/94/ HTTP/1.1" 200 0
INFO 2025-09-02 15:06:37,480 basehttp "DELETE /api/forum/questions/94/ HTTP/1.1" 204 0
INFO 2025-09-02 15:06:38,186 basehttp "OPTIONS /api/forum/questions/83/ HTTP/1.1" 200 0
INFO 2025-09-02 15:06:38,200 basehttp "DELETE /api/forum/questions/83/ HTTP/1.1" 204 0
INFO 2025-09-02 15:06:56,766 basehttp "POST /api/auth/login/ HTTP/1.1" 200 832
INFO 2025-09-02 15:06:58,181 basehttp "GET /api/notices/unread_count/ HTTP/1.1" 200 11
INFO 2025-09-02 15:06:58,901 basehttp "GET /api/forum/questions/ HTTP/1.1" 200 278
INFO 2025-09-02 15:07:00,496 basehttp "POST /api/forum/questions/ HTTP/1.1" 201 370
INFO 2025-09-02 15:07:01,061 basehttp "POST /api/auth/login/ HTTP/1.1" 200 832
INFO 2025-09-02 15:07:01,103 basehttp "POST /api/forum/questions/ HTTP/1.1" 201 370
INFO 2025-09-02 15:07:01,458 basehttp "GET /api/notices/unread_count/ HTTP/1.1" 200 11
INFO 2025-09-02 15:07:01,483 basehttp "GET /api/forum/questions/ HTTP/1.1" 200 1020
INFO 2025-09-02 15:07:03,516 basehttp "PATCH /api/forum/questions/96/toggle-like/ HTTP/1.1" 200 30
INFO 2025-09-02 15:07:04,158 basehttp "PATCH /api/forum/questions/96/toggle-like/ HTTP/1.1" 200 31
INFO 2025-09-02 15:07:04,540 basehttp "POST /api/forum/questions/96/comments/ HTTP/1.1" 201 165
INFO 2025-09-02 15:07:04,889 basehttp "DELETE /api/forum/comments/71/ HTTP/1.1" 204 0
INFO 2025-09-02 15:07:05,175 basehttp "DELETE /api/forum/questions/96/ HTTP/1.1" 204 0
INFO 2025-09-02 15:07:07,446 basehttp "POST /api/auth/login/ HTTP/1.1" 200 832
INFO 2025-09-02 15:07:09,888 basehttp "GET /api/forum/questions/ HTTP/1.1" 200 649
INFO 2025-09-02 15:07:11,491 basehttp "POST /api/forum/questions/ HTTP/1.1" 201 370
INFO 2025-09-02 15:07:12,247 basehttp "POST /api/auth/login/ HTTP/1.1" 200 832
INFO 2025-09-02 15:07:12,299 basehttp "POST /api/forum/questions/ HTTP/1.1" 201 370
INFO 2025-09-02 15:07:12,770 basehttp "GET /api/forum/questions/ HTTP/1.1" 200 1391
INFO 2025-09-02 15:07:14,839 basehttp "PATCH /api/forum/questions/99/toggle-sticky/ HTTP/1.1" 200 18
INFO 2025-09-02 15:07:15,477 basehttp "PATCH /api/forum/questions/99/toggle-sticky/ HTTP/1.1" 200 19
INFO 2025-09-02 15:07:15,656 basehttp "PATCH /api/forum/questions/99/toggle-like/ HTTP/1.1" 200 30
INFO 2025-09-02 15:07:16,336 basehttp "PATCH /api/forum/questions/99/toggle-like/ HTTP/1.1" 200 31
INFO 2025-09-02 15:07:16,705 basehttp "POST /api/forum/questions/99/comments/ HTTP/1.1" 201 165
INFO 2025-09-02 15:07:17,071 basehttp "DELETE /api/forum/comments/72/ HTTP/1.1" 204 0
INFO 2025-09-02 15:07:17,346 basehttp "DELETE /api/forum/questions/99/ HTTP/1.1" 204 0
INFO 2025-09-02 15:07:43,651 basehttp "POST /api/auth/login/ HTTP/1.1" 200 832
INFO 2025-09-02 15:07:45,882 basehttp "GET /api/notices/unread_count/ HTTP/1.1" 200 11
INFO 2025-09-02 15:07:46,575 basehttp "GET /api/forum/questions/ HTTP/1.1" 200 1020
INFO 2025-09-02 15:07:48,429 basehttp "POST /api/forum/questions/ HTTP/1.1" 201 371
INFO 2025-09-02 15:07:49,353 basehttp "POST /api/auth/login/ HTTP/1.1" 200 832
INFO 2025-09-02 15:07:49,405 basehttp "POST /api/forum/questions/ HTTP/1.1" 201 371
INFO 2025-09-02 15:07:49,982 basehttp "GET /api/notices/unread_count/ HTTP/1.1" 200 11
INFO 2025-09-02 15:07:50,046 basehttp "GET /api/forum/questions/ HTTP/1.1" 200 1764
INFO 2025-09-02 15:07:52,201 basehttp "PATCH /api/forum/questions/100/toggle-like/ HTTP/1.1" 200 30
INFO 2025-09-02 15:07:52,925 basehttp "PATCH /api/forum/questions/100/toggle-like/ HTTP/1.1" 200 31
INFO 2025-09-02 15:07:53,465 basehttp "POST /api/forum/questions/100/comments/ HTTP/1.1" 201 165
INFO 2025-09-02 15:07:53,885 basehttp "DELETE /api/forum/comments/73/ HTTP/1.1" 204 0
INFO 2025-09-02 15:07:54,326 basehttp "DELETE /api/forum/questions/100/ HTTP/1.1" 204 0
INFO 2025-09-02 15:07:57,230 basehttp "GET /api/notices/unread_count/ HTTP/1.1" 200 11
INFO 2025-09-02 15:07:57,287 basehttp "GET /api/forum/questions/ HTTP/1.1" 200 1392
INFO 2025-09-02 15:07:59,756 basehttp "POST /api/auth/login/ HTTP/1.1" 200 832
INFO 2025-09-02 15:08:01,919 basehttp "GET /api/forum/questions/ HTTP/1.1" 200 1392
INFO 2025-09-02 15:08:03,484 basehttp "POST /api/forum/questions/ HTTP/1.1" 201 371
INFO 2025-09-02 15:08:04,046 basehttp "POST /api/auth/login/ HTTP/1.1" 200 832
INFO 2025-09-02 15:08:04,087 basehttp "POST /api/forum/questions/ HTTP/1.1" 201 371
INFO 2025-09-02 15:08:04,506 basehttp "GET /api/forum/questions/ HTTP/1.1" 200 2136
INFO 2025-09-02 15:08:06,632 basehttp "PATCH /api/forum/questions/103/toggle-sticky/ HTTP/1.1" 200 18
INFO 2025-09-02 15:08:07,334 basehttp "PATCH /api/forum/questions/103/toggle-sticky/ HTTP/1.1" 200 19
INFO 2025-09-02 15:08:07,588 basehttp "PATCH /api/forum/questions/103/toggle-like/ HTTP/1.1" 200 30
INFO 2025-09-02 15:08:08,269 basehttp "PATCH /api/forum/questions/103/toggle-like/ HTTP/1.1" 200 31
INFO 2025-09-02 15:08:08,740 basehttp "POST /api/forum/questions/103/comments/ HTTP/1.1" 201 165
INFO 2025-09-02 15:08:09,153 basehttp "DELETE /api/forum/comments/74/ HTTP/1.1" 204 0
INFO 2025-09-02 15:08:09,510 basehttp "DELETE /api/forum/questions/103/ HTTP/1.1" 204 0
INFO 2025-09-02 15:08:12,287 basehttp "GET /api/forum/questions/ HTTP/1.1" 200 1764
INFO 2025-09-02 15:08:24,485 basehttp "POST /api/auth/login/ HTTP/1.1" 200 832
INFO 2025-09-02 15:08:26,602 basehttp "GET /api/notices/unread_count/ HTTP/1.1" 200 11
INFO 2025-09-02 15:08:27,419 basehttp "OPTIONS /api/forum/questions/ HTTP/1.1" 200 0
INFO 2025-09-02 15:08:27,501 basehttp "GET /api/forum/questions/ HTTP/1.1" 200 1764
INFO 2025-09-02 15:08:28,937 basehttp "POST /api/forum/questions/ HTTP/1.1" 201 352
INFO 2025-09-02 15:08:29,571 basehttp "GET /api/forum/questions/ HTTP/1.1" 200 2117
INFO 2025-09-02 15:08:29,603 basehttp "GET /api/notices/unread_count/ HTTP/1.1" 200 11
INFO 2025-09-02 15:08:31,611 basehttp "OPTIONS /api/forum/questions/104/toggle-like/ HTTP/1.1" 200 0
INFO 2025-09-02 15:08:31,632 basehttp "PATCH /api/forum/questions/104/toggle-like/ HTTP/1.1" 200 30
INFO 2025-09-02 15:08:32,282 basehttp "PATCH /api/forum/questions/104/toggle-like/ HTTP/1.1" 200 31
INFO 2025-09-02 15:08:32,672 basehttp "OPTIONS /api/forum/questions/104/comments/ HTTP/1.1" 200 0
INFO 2025-09-02 15:08:32,689 basehttp "POST /api/forum/questions/104/comments/ HTTP/1.1" 201 165
INFO 2025-09-02 15:08:33,021 basehttp "OPTIONS /api/forum/comments/75/ HTTP/1.1" 200 0
INFO 2025-09-02 15:08:33,042 basehttp "DELETE /api/forum/comments/75/ HTTP/1.1" 204 0
INFO 2025-09-02 15:08:33,398 basehttp "OPTIONS /api/forum/questions/104/ HTTP/1.1" 200 0
INFO 2025-09-02 15:08:33,426 basehttp "DELETE /api/forum/questions/104/ HTTP/1.1" 204 0
INFO 2025-09-02 15:08:39,640 basehttp "POST /api/auth/login/ HTTP/1.1" 200 832
INFO 2025-09-02 15:08:41,988 basehttp "GET /api/forum/questions/ HTTP/1.1" 200 1764
INFO 2025-09-02 15:08:43,388 basehttp "POST /api/forum/questions/ HTTP/1.1" 201 352
INFO 2025-09-02 15:08:43,977 basehttp "GET /api/forum/questions/ HTTP/1.1" 200 2117
INFO 2025-09-02 15:08:46,118 basehttp "OPTIONS /api/forum/questions/105/toggle-sticky/ HTTP/1.1" 200 0
INFO 2025-09-02 15:08:46,137 basehttp "PATCH /api/forum/questions/105/toggle-sticky/ HTTP/1.1" 200 18
INFO 2025-09-02 15:08:46,793 basehttp "PATCH /api/forum/questions/105/toggle-sticky/ HTTP/1.1" 200 19
INFO 2025-09-02 15:08:47,044 basehttp "OPTIONS /api/forum/questions/105/toggle-like/ HTTP/1.1" 200 0
INFO 2025-09-02 15:08:47,073 basehttp "PATCH /api/forum/questions/105/toggle-like/ HTTP/1.1" 200 30
INFO 2025-09-02 15:08:47,805 basehttp "PATCH /api/forum/questions/105/toggle-like/ HTTP/1.1" 200 31
INFO 2025-09-02 15:08:48,242 basehttp "OPTIONS /api/forum/questions/105/comments/ HTTP/1.1" 200 0
INFO 2025-09-02 15:08:48,265 basehttp "POST /api/forum/questions/105/comments/ HTTP/1.1" 201 165
INFO 2025-09-02 15:08:48,786 basehttp "OPTIONS /api/forum/comments/76/ HTTP/1.1" 200 0
INFO 2025-09-02 15:08:48,819 basehttp "DELETE /api/forum/comments/76/ HTTP/1.1" 204 0
INFO 2025-09-02 15:08:49,332 basehttp "OPTIONS /api/forum/questions/105/ HTTP/1.1" 200 0
INFO 2025-09-02 15:08:49,360 basehttp "DELETE /api/forum/questions/105/ HTTP/1.1" 204 0
INFO 2025-09-02 15:09:18,876 basehttp "POST /api/auth/login/ HTTP/1.1" 200 832
INFO 2025-09-02 15:09:21,314 basehttp "GET /api/notices/unread_count/ HTTP/1.1" 200 11
INFO 2025-09-02 15:09:21,959 basehttp "GET /api/forum/questions/ HTTP/1.1" 200 1764
INFO 2025-09-02 15:09:23,357 basehttp "POST /api/forum/questions/ HTTP/1.1" 201 352
INFO 2025-09-02 15:09:23,942 basehttp "GET /api/notices/unread_count/ HTTP/1.1" 200 11
INFO 2025-09-02 15:09:23,992 basehttp "GET /api/forum/questions/ HTTP/1.1" 200 2117
INFO 2025-09-02 15:09:26,027 basehttp "OPTIONS /api/forum/questions/106/toggle-like/ HTTP/1.1" 200 0
INFO 2025-09-02 15:09:26,048 basehttp "PATCH /api/forum/questions/106/toggle-like/ HTTP/1.1" 200 30
INFO 2025-09-02 15:09:26,686 basehttp "PATCH /api/forum/questions/106/toggle-like/ HTTP/1.1" 200 31
INFO 2025-09-02 15:09:27,072 basehttp "OPTIONS /api/forum/questions/106/comments/ HTTP/1.1" 200 0
INFO 2025-09-02 15:09:27,093 basehttp "POST /api/forum/questions/106/comments/ HTTP/1.1" 201 165
INFO 2025-09-02 15:09:27,419 basehttp "OPTIONS /api/forum/comments/77/ HTTP/1.1" 200 0
INFO 2025-09-02 15:09:27,444 basehttp "DELETE /api/forum/comments/77/ HTTP/1.1" 204 0
INFO 2025-09-02 15:09:27,680 basehttp "OPTIONS /api/forum/questions/106/ HTTP/1.1" 200 0
INFO 2025-09-02 15:09:27,707 basehttp "DELETE /api/forum/questions/106/ HTTP/1.1" 204 0
INFO 2025-09-02 15:09:33,829 basehttp "POST /api/auth/login/ HTTP/1.1" 200 832
INFO 2025-09-02 15:09:36,402 basehttp "GET /api/forum/questions/ HTTP/1.1" 200 1764
INFO 2025-09-02 15:09:37,394 basehttp "POST /api/forum/questions/ HTTP/1.1" 201 352
INFO 2025-09-02 15:09:37,930 basehttp "GET /api/forum/questions/ HTTP/1.1" 200 2117
INFO 2025-09-02 15:09:39,995 basehttp "OPTIONS /api/forum/questions/107/toggle-sticky/ HTTP/1.1" 200 0
INFO 2025-09-02 15:09:40,012 basehttp "PATCH /api/forum/questions/107/toggle-sticky/ HTTP/1.1" 200 18
INFO 2025-09-02 15:09:40,682 basehttp "PATCH /api/forum/questions/107/toggle-sticky/ HTTP/1.1" 200 19
INFO 2025-09-02 15:09:40,867 basehttp "OPTIONS /api/forum/questions/107/toggle-like/ HTTP/1.1" 200 0
INFO 2025-09-02 15:09:40,892 basehttp "PATCH /api/forum/questions/107/toggle-like/ HTTP/1.1" 200 30
INFO 2025-09-02 15:09:41,530 basehttp "PATCH /api/forum/questions/107/toggle-like/ HTTP/1.1" 200 31
INFO 2025-09-02 15:09:41,951 basehttp "OPTIONS /api/forum/questions/107/comments/ HTTP/1.1" 200 0
INFO 2025-09-02 15:09:41,966 basehttp "POST /api/forum/questions/107/comments/ HTTP/1.1" 201 165
INFO 2025-09-02 15:09:42,389 basehttp "OPTIONS /api/forum/comments/78/ HTTP/1.1" 200 0
INFO 2025-09-02 15:09:42,414 basehttp "DELETE /api/forum/comments/78/ HTTP/1.1" 204 0
INFO 2025-09-02 15:09:42,686 basehttp "OPTIONS /api/forum/questions/107/ HTTP/1.1" 200 0
INFO 2025-09-02 15:09:42,708 basehttp "DELETE /api/forum/questions/107/ HTTP/1.1" 204 0
INFO 2025-09-02 15:09:59,193 basehttp "GET /api/forum/questions/ HTTP/1.1" 200 1764
INFO 2025-09-02 15:10:00,598 basehttp "OPTIONS /api/forum/questions/102/ HTTP/1.1" 200 0
INFO 2025-09-02 15:10:00,617 basehttp "DELETE /api/forum/questions/102/ HTTP/1.1" 204 0
INFO 2025-09-02 15:10:03,199 basehttp "OPTIONS /api/forum/questions/98/ HTTP/1.1" 200 0
INFO 2025-09-02 15:10:03,214 basehttp "DELETE /api/forum/questions/98/ HTTP/1.1" 204 0
INFO 2025-09-02 15:10:09,134 basehttp "GET /api/forum/questions/ HTTP/1.1" 200 1021
INFO 2025-09-02 15:10:31,525 basehttp "POST /api/auth/login/ HTTP/1.1" 200 832
INFO 2025-09-02 15:10:31,944 basehttp "POST /api/auth/login/ HTTP/1.1" 200 832
INFO 2025-09-02 15:10:31,976 basehttp "GET /api/notices/unread_count/ HTTP/1.1" 200 11
INFO 2025-09-02 15:10:32,123 basehttp "GET /api/notices/unread_count/ HTTP/1.1" 200 11
INFO 2025-09-02 15:10:33,632 basehttp "GET /api/experiments/submissions/ HTTP/1.1" 200 2236
INFO 2025-09-02 15:10:35,767 basehttp "GET /api/forum/questions/ HTTP/1.1" 200 1021
INFO 2025-09-02 15:10:37,465 basehttp "OPTIONS /api/forum/questions/101/ HTTP/1.1" 200 0
INFO 2025-09-02 15:10:37,484 basehttp "DELETE /api/forum/questions/101/ HTTP/1.1" 204 0
INFO 2025-09-02 15:10:38,264 basehttp "OPTIONS /api/forum/questions/97/ HTTP/1.1" 200 0
INFO 2025-09-02 15:10:38,283 basehttp "DELETE /api/forum/questions/97/ HTTP/1.1" 204 0
INFO 2025-09-02 15:11:59,882 basehttp "POST /api/auth/login/ HTTP/1.1" 200 832
INFO 2025-09-02 15:12:01,987 basehttp "GET /api/notices/unread_count/ HTTP/1.1" 200 11
INFO 2025-09-02 15:12:02,656 basehttp "GET /api/forum/questions/ HTTP/1.1" 200 278
INFO 2025-09-02 15:12:04,109 basehttp "POST /api/forum/questions/ HTTP/1.1" 201 352
INFO 2025-09-02 15:12:04,750 basehttp "GET /api/notices/unread_count/ HTTP/1.1" 200 11
INFO 2025-09-02 15:12:04,755 basehttp "GET /api/forum/questions/ HTTP/1.1" 200 631
INFO 2025-09-02 15:12:07,070 basehttp "POST /api/auth/login/ HTTP/1.1" 200 832
INFO 2025-09-02 15:12:09,115 basehttp "GET /api/notices/unread_count/ HTTP/1.1" 200 11
INFO 2025-09-02 15:12:10,166 basehttp "GET /api/forum/questions/ HTTP/1.1" 200 631
INFO 2025-09-02 15:12:11,701 basehttp "POST /api/forum/questions/ HTTP/1.1" 201 352
INFO 2025-09-02 15:12:12,361 basehttp "GET /api/forum/questions/ HTTP/1.1" 200 984
INFO 2025-09-02 15:12:12,386 basehttp "GET /api/notices/unread_count/ HTTP/1.1" 200 11
INFO 2025-09-02 15:12:14,447 basehttp "OPTIONS /api/forum/questions/109/toggle-like/ HTTP/1.1" 200 0
INFO 2025-09-02 15:12:14,474 basehttp "PATCH /api/forum/questions/109/toggle-like/ HTTP/1.1" 200 30
INFO 2025-09-02 15:12:15,138 basehttp "PATCH /api/forum/questions/109/toggle-like/ HTTP/1.1" 200 31
INFO 2025-09-02 15:12:15,567 basehttp "OPTIONS /api/forum/questions/109/comments/ HTTP/1.1" 200 0
INFO 2025-09-02 15:12:15,600 basehttp "POST /api/forum/questions/109/comments/ HTTP/1.1" 201 165
INFO 2025-09-02 15:12:15,943 basehttp "OPTIONS /api/forum/comments/79/ HTTP/1.1" 200 0
INFO 2025-09-02 15:12:15,968 basehttp "DELETE /api/forum/comments/79/ HTTP/1.1" 204 0
INFO 2025-09-02 15:12:16,264 basehttp "OPTIONS /api/forum/questions/109/ HTTP/1.1" 200 0
INFO 2025-09-02 15:12:16,289 basehttp "DELETE /api/forum/questions/109/ HTTP/1.1" 204 0
INFO 2025-09-02 15:12:18,669 basehttp "POST /api/auth/login/ HTTP/1.1" 200 832
INFO 2025-09-02 15:12:20,581 basehttp "GET /api/forum/questions/ HTTP/1.1" 200 631
INFO 2025-09-02 15:12:21,791 basehttp "POST /api/forum/questions/ HTTP/1.1" 201 352
INFO 2025-09-02 15:12:22,270 basehttp "GET /api/forum/questions/ HTTP/1.1" 200 984
INFO 2025-09-02 15:12:24,341 basehttp "OPTIONS /api/forum/questions/110/toggle-sticky/ HTTP/1.1" 200 0
INFO 2025-09-02 15:12:24,357 basehttp "PATCH /api/forum/questions/110/toggle-sticky/ HTTP/1.1" 200 18
INFO 2025-09-02 15:12:25,027 basehttp "PATCH /api/forum/questions/110/toggle-sticky/ HTTP/1.1" 200 19
INFO 2025-09-02 15:12:25,205 basehttp "OPTIONS /api/forum/questions/110/toggle-like/ HTTP/1.1" 200 0
INFO 2025-09-02 15:12:25,226 basehttp "PATCH /api/forum/questions/110/toggle-like/ HTTP/1.1" 200 30
INFO 2025-09-02 15:12:25,860 basehttp "PATCH /api/forum/questions/110/toggle-like/ HTTP/1.1" 200 31
INFO 2025-09-02 15:12:26,248 basehttp "OPTIONS /api/forum/questions/110/comments/ HTTP/1.1" 200 0
INFO 2025-09-02 15:12:26,262 basehttp "POST /api/forum/questions/110/comments/ HTTP/1.1" 201 165
INFO 2025-09-02 15:12:26,634 basehttp "OPTIONS /api/forum/comments/80/ HTTP/1.1" 200 0
INFO 2025-09-02 15:12:26,658 basehttp "DELETE /api/forum/comments/80/ HTTP/1.1" 204 0
INFO 2025-09-02 15:12:27,045 basehttp "OPTIONS /api/forum/questions/110/ HTTP/1.1" 200 0
INFO 2025-09-02 15:12:27,072 basehttp "DELETE /api/forum/questions/110/ HTTP/1.1" 204 0
INFO 2025-09-02 15:12:29,326 basehttp "GET /api/forum/questions/ HTTP/1.1" 200 631
INFO 2025-09-02 15:13:01,350 basehttp "GET /api/notices/unread_count/ HTTP/1.1" 200 11
INFO 2025-09-02 15:13:01,359 basehttp "GET /api/forum/questions/ HTTP/1.1" 200 631
INFO 2025-09-02 15:13:02,661 basehttp "OPTIONS /api/forum/questions/108/ HTTP/1.1" 200 0
INFO 2025-09-02 15:13:02,673 basehttp "DELETE /api/forum/questions/108/ HTTP/1.1" 204 0
INFO 2025-09-02 15:13:13,385 basehttp "POST /api/auth/login/ HTTP/1.1" 200 832
INFO 2025-09-02 15:13:14,993 basehttp "GET /api/notices/unread_count/ HTTP/1.1" 200 11
INFO 2025-09-02 15:13:15,739 basehttp "GET /api/forum/questions/ HTTP/1.1" 200 278
INFO 2025-09-02 15:13:17,072 basehttp "POST /api/forum/questions/ HTTP/1.1" 201 352
INFO 2025-09-02 15:13:17,586 basehttp "GET /api/notices/unread_count/ HTTP/1.1" 200 11
INFO 2025-09-02 15:13:17,595 basehttp "GET /api/forum/questions/ HTTP/1.1" 200 631
INFO 2025-09-02 15:13:19,689 basehttp "OPTIONS /api/forum/questions/111/toggle-like/ HTTP/1.1" 200 0
INFO 2025-09-02 15:13:19,709 basehttp "PATCH /api/forum/questions/111/toggle-like/ HTTP/1.1" 200 30
INFO 2025-09-02 15:13:20,368 basehttp "PATCH /api/forum/questions/111/toggle-like/ HTTP/1.1" 200 31
INFO 2025-09-02 15:13:20,795 basehttp "OPTIONS /api/forum/questions/111/comments/ HTTP/1.1" 200 0
INFO 2025-09-02 15:13:20,819 basehttp "POST /api/forum/questions/111/comments/ HTTP/1.1" 201 165
INFO 2025-09-02 15:13:21,185 basehttp "OPTIONS /api/forum/comments/81/ HTTP/1.1" 200 0
INFO 2025-09-02 15:13:21,212 basehttp "DELETE /api/forum/comments/81/ HTTP/1.1" 204 0
INFO 2025-09-02 15:13:21,506 basehttp "OPTIONS /api/forum/questions/111/ HTTP/1.1" 200 0
INFO 2025-09-02 15:13:21,532 basehttp "DELETE /api/forum/questions/111/ HTTP/1.1" 204 0
INFO 2025-09-02 15:13:23,891 basehttp "POST /api/auth/login/ HTTP/1.1" 200 832
INFO 2025-09-02 15:13:25,857 basehttp "GET /api/forum/questions/ HTTP/1.1" 200 278
INFO 2025-09-02 15:13:27,069 basehttp "POST /api/forum/questions/ HTTP/1.1" 201 352
INFO 2025-09-02 15:13:27,470 basehttp "GET /api/forum/questions/ HTTP/1.1" 200 631
INFO 2025-09-02 15:13:29,522 basehttp "OPTIONS /api/forum/questions/112/toggle-sticky/ HTTP/1.1" 200 0
INFO 2025-09-02 15:13:29,540 basehttp "PATCH /api/forum/questions/112/toggle-sticky/ HTTP/1.1" 200 18
INFO 2025-09-02 15:13:30,178 basehttp "PATCH /api/forum/questions/112/toggle-sticky/ HTTP/1.1" 200 19
INFO 2025-09-02 15:13:30,343 basehttp "OPTIONS /api/forum/questions/112/toggle-like/ HTTP/1.1" 200 0
INFO 2025-09-02 15:13:30,371 basehttp "PATCH /api/forum/questions/112/toggle-like/ HTTP/1.1" 200 30
INFO 2025-09-02 15:13:31,002 basehttp "PATCH /api/forum/questions/112/toggle-like/ HTTP/1.1" 200 31
INFO 2025-09-02 15:13:31,365 basehttp "OPTIONS /api/forum/questions/112/comments/ HTTP/1.1" 200 0
INFO 2025-09-02 15:13:31,384 basehttp "POST /api/forum/questions/112/comments/ HTTP/1.1" 201 165
INFO 2025-09-02 15:13:31,730 basehttp "OPTIONS /api/forum/comments/82/ HTTP/1.1" 200 0
INFO 2025-09-02 15:13:31,751 basehttp "DELETE /api/forum/comments/82/ HTTP/1.1" 204 0
INFO 2025-09-02 15:13:31,971 basehttp "OPTIONS /api/forum/questions/112/ HTTP/1.1" 200 0
INFO 2025-09-02 15:13:31,996 basehttp "DELETE /api/forum/questions/112/ HTTP/1.1" 204 0
INFO 2025-09-02 15:13:34,265 basehttp "GET /api/forum/questions/ HTTP/1.1" 200 278
INFO 2025-09-02 15:36:28,633 basehttp "POST /api/auth/login/ HTTP/1.1" 200 832
INFO 2025-09-02 15:36:31,060 basehttp "OPTIONS /api/notices/unread_count/ HTTP/1.1" 200 0
INFO 2025-09-02 15:36:31,104 basehttp "GET /api/notices/unread_count/ HTTP/1.1" 200 11
INFO 2025-09-02 15:36:31,788 basehttp "OPTIONS /api/forum/questions/ HTTP/1.1" 200 0
INFO 2025-09-02 15:36:31,816 basehttp "GET /api/forum/questions/ HTTP/1.1" 200 278
INFO 2025-09-02 15:36:33,118 basehttp "POST /api/forum/questions/ HTTP/1.1" 201 352
INFO 2025-09-02 15:36:33,215 basehttp "GET /api/forum/questions/ HTTP/1.1" 200 631
INFO 2025-09-02 15:36:33,569 basehttp "GET /api/notices/unread_count/ HTTP/1.1" 200 11
INFO 2025-09-02 15:36:33,569 basehttp "GET /api/forum/questions/ HTTP/1.1" 200 631
INFO 2025-09-02 15:36:35,689 basehttp "OPTIONS /api/forum/questions/113/toggle-like/ HTTP/1.1" 200 0
INFO 2025-09-02 15:36:35,710 basehttp "PATCH /api/forum/questions/113/toggle-like/ HTTP/1.1" 200 30
INFO 2025-09-02 15:36:36,345 basehttp "PATCH /api/forum/questions/113/toggle-like/ HTTP/1.1" 200 31
INFO 2025-09-02 15:36:36,844 basehttp "OPTIONS /api/forum/questions/113/comments/ HTTP/1.1" 200 0
INFO 2025-09-02 15:36:36,878 basehttp "POST /api/forum/questions/113/comments/ HTTP/1.1" 201 165
INFO 2025-09-02 15:36:37,229 basehttp "OPTIONS /api/forum/comments/83/ HTTP/1.1" 200 0
INFO 2025-09-02 15:36:37,257 basehttp "DELETE /api/forum/comments/83/ HTTP/1.1" 204 0
INFO 2025-09-02 15:36:37,568 basehttp "OPTIONS /api/forum/questions/113/ HTTP/1.1" 200 0
INFO 2025-09-02 15:36:37,592 basehttp "DELETE /api/forum/questions/113/ HTTP/1.1" 204 0
INFO 2025-09-02 15:36:40,295 basehttp "POST /api/auth/login/ HTTP/1.1" 200 832
INFO 2025-09-02 15:36:42,454 basehttp "GET /api/forum/questions/ HTTP/1.1" 200 278
INFO 2025-09-02 15:36:43,936 basehttp "POST /api/forum/questions/ HTTP/1.1" 201 352
INFO 2025-09-02 15:36:44,021 basehttp "GET /api/forum/questions/ HTTP/1.1" 200 631
INFO 2025-09-02 15:36:44,412 basehttp "GET /api/forum/questions/ HTTP/1.1" 200 631
INFO 2025-09-02 15:36:46,478 basehttp "OPTIONS /api/forum/questions/114/toggle-sticky/ HTTP/1.1" 200 0
INFO 2025-09-02 15:36:46,493 basehttp "PATCH /api/forum/questions/114/toggle-sticky/ HTTP/1.1" 200 18
INFO 2025-09-02 15:36:47,124 basehttp "PATCH /api/forum/questions/114/toggle-sticky/ HTTP/1.1" 200 19
INFO 2025-09-02 15:36:47,296 basehttp "OPTIONS /api/forum/questions/114/toggle-like/ HTTP/1.1" 200 0
INFO 2025-09-02 15:36:47,322 basehttp "PATCH /api/forum/questions/114/toggle-like/ HTTP/1.1" 200 30
INFO 2025-09-02 15:36:47,958 basehttp "PATCH /api/forum/questions/114/toggle-like/ HTTP/1.1" 200 31
INFO 2025-09-02 15:36:48,326 basehttp "OPTIONS /api/forum/questions/114/comments/ HTTP/1.1" 200 0
INFO 2025-09-02 15:36:48,352 basehttp "POST /api/forum/questions/114/comments/ HTTP/1.1" 201 165
INFO 2025-09-02 15:36:48,650 basehttp "OPTIONS /api/forum/comments/84/ HTTP/1.1" 200 0
INFO 2025-09-02 15:36:48,674 basehttp "DELETE /api/forum/comments/84/ HTTP/1.1" 204 0
INFO 2025-09-02 15:36:48,926 basehttp "OPTIONS /api/forum/questions/114/ HTTP/1.1" 200 0
INFO 2025-09-02 15:36:48,953 basehttp "DELETE /api/forum/questions/114/ HTTP/1.1" 204 0
INFO 2025-09-02 15:36:51,239 basehttp "GET /api/forum/questions/ HTTP/1.1" 200 278
INFO 2025-09-02 15:46:27,617 basehttp "POST /api/auth/login/ HTTP/1.1" 200 832
INFO 2025-09-02 15:46:31,573 basehttp "OPTIONS /materials/ HTTP/1.1" 200 0
INFO 2025-09-02 15:46:31,594 basehttp "GET /materials/ HTTP/1.1" 200 2
INFO 2025-09-02 15:46:33,003 views 文件保存成功 - 文件名: test.pdf, 大小: 30213字节
INFO 2025-09-02 15:46:33,003 basehttp "POST /materials/ HTTP/1.1" 201 368
INFO 2025-09-02 15:46:33,070 basehttp "GET /materials/ HTTP/1.1" 200 370
INFO 2025-09-02 15:46:34,854 views 文件保存成功 - 文件名: test.docx, 大小: 12字节
INFO 2025-09-02 15:46:34,854 basehttp "POST /materials/ HTTP/1.1" 201 374
INFO 2025-09-02 15:46:34,908 basehttp "GET /materials/ HTTP/1.1" 200 745
INFO 2025-09-02 15:46:36,723 views 文件保存成功 - 文件名: test.png, 大小: 26779字节
INFO 2025-09-02 15:46:36,725 basehttp "POST /materials/ HTTP/1.1" 201 376
INFO 2025-09-02 15:46:36,765 basehttp "GET /materials/ HTTP/1.1" 200 1122
INFO 2025-09-02 15:46:37,453 basehttp "GET /media/materials/2025/09/02/test.png HTTP/1.1" 200 26779
INFO 2025-09-02 15:46:39,562 views 文件保存成功 - 文件名: test.mp4, 大小: 4852276字节
INFO 2025-09-02 15:46:39,564 basehttp "POST /materials/ HTTP/1.1" 201 378
INFO 2025-09-02 15:46:39,600 basehttp "GET /materials/ HTTP/1.1" 200 1501
INFO 2025-09-02 15:46:39,849 basehttp "GET /media/materials/2025/09/02/test.mp4 HTTP/1.1" 200 4852276
INFO 2025-09-02 15:46:40,738 basehttp "POST /api/auth/login/ HTTP/1.1" 200 832
INFO 2025-09-02 15:46:41,938 basehttp "OPTIONS /api/notices/unread_count/ HTTP/1.1" 200 0
INFO 2025-09-02 15:46:41,961 basehttp "GET /api/notices/unread_count/ HTTP/1.1" 200 11
INFO 2025-09-02 15:46:42,994 basehttp "GET /materials/ HTTP/1.1" 200 2304
INFO 2025-09-02 15:46:43,051 basehttp "GET /media/materials/2025/09/02/test.png HTTP/1.1" 304 0
INFO 2025-09-02 15:46:43,128 basehttp "GET /media/materials/2025/09/02/test.mp4 HTTP/1.1" 200 4852276
INFO 2025-09-02 15:46:43,443 basehttp "GET /media/materials/2025/09/02/test.mp4 HTTP/1.1" 304 0
INFO 2025-09-02 15:46:43,709 basehttp "GET /media/materials/2025/09/02/test.pdf HTTP/1.1" 200 30213
INFO 2025-09-02 15:46:43,905 basehttp "GET /media/materials/2025/06/08/%E5%AD%A6%E4%B9%A0%E8%B5%84%E6%96%99.mp4 HTTP/1.1" 200 22463413
WARNING 2025-09-02 15:46:44,027 log Not Found: /favicon.ico
WARNING 2025-09-02 15:46:44,028 basehttp "GET /favicon.ico HTTP/1.1" 404 6597
INFO 2025-09-02 15:46:46,344 basehttp "GET /media/materials/2025/09/02/test.png HTTP/1.1" 200 26779
INFO 2025-09-02 15:46:50,043 basehttp "GET /media/materials/2025/09/02/test.mp4 HTTP/1.1" 200 4852276
INFO 2025-09-02 15:46:50,138 basehttp - Broken pipe from ('127.0.0.1', 63651)
INFO 2025-09-02 15:46:50,250 basehttp "GET /media/materials/2025/09/02/test.mp4 HTTP/1.1" 200 4852276
INFO 2025-09-02 15:46:51,233 basehttp "GET /media/materials/2025/09/02/test.mp4 HTTP/1.1" 200 4852276
INFO 2025-09-02 15:46:52,647 basehttp "POST /api/auth/login/ HTTP/1.1" 200 832
INFO 2025-09-02 15:46:55,254 basehttp "GET /materials/ HTTP/1.1" 200 1501
INFO 2025-09-02 15:46:55,661 basehttp "GET /media/materials/2025/09/02/test.png HTTP/1.1" 304 0
INFO 2025-09-02 15:46:55,724 basehttp "OPTIONS /materials/64/ HTTP/1.1" 200 0
INFO 2025-09-02 15:46:55,780 basehttp "DELETE /materials/64/ HTTP/1.1" 204 0
INFO 2025-09-02 15:46:55,782 basehttp "GET /media/materials/2025/09/02/test.mp4 HTTP/1.1" 200 4852276
INFO 2025-09-02 15:46:55,844 basehttp "GET /materials/ HTTP/1.1" 200 1132
INFO 2025-09-02 15:46:56,193 basehttp - Broken pipe from ('127.0.0.1', 54539)
INFO 2025-09-02 15:46:56,384 basehttp "OPTIONS /materials/65/ HTTP/1.1" 200 0
INFO 2025-09-02 15:46:56,421 basehttp "DELETE /materials/65/ HTTP/1.1" 204 0
INFO 2025-09-02 15:46:56,459 basehttp "GET /materials/ HTTP/1.1" 200 757
INFO 2025-09-02 15:46:57,006 basehttp "OPTIONS /materials/66/ HTTP/1.1" 200 0
INFO 2025-09-02 15:46:57,039 basehttp "DELETE /materials/66/ HTTP/1.1" 204 0
INFO 2025-09-02 15:46:57,082 basehttp "GET /materials/ HTTP/1.1" 200 380
INFO 2025-09-02 15:46:57,756 basehttp "OPTIONS /materials/67/ HTTP/1.1" 200 0
INFO 2025-09-02 15:46:57,793 basehttp "DELETE /materials/67/ HTTP/1.1" 204 0
INFO 2025-09-02 15:46:57,870 basehttp "GET /materials/ HTTP/1.1" 200 2
INFO 2025-09-02 15:48:32,779 basehttp "POST /api/auth/login/ HTTP/1.1" 200 832
INFO 2025-09-02 15:48:36,183 basehttp "OPTIONS /api/notices/ HTTP/1.1" 200 0
INFO 2025-09-02 15:48:36,228 basehttp "GET /api/notices/ HTTP/1.1" 200 2450
INFO 2025-09-02 15:48:37,867 basehttp "POST /api/notices/ HTTP/1.1" 201 278
INFO 2025-09-02 15:48:37,928 basehttp "GET /api/notices/ HTTP/1.1" 200 2729
INFO 2025-09-02 15:48:39,559 basehttp "POST /api/notices/ HTTP/1.1" 201 278
INFO 2025-09-02 15:48:39,614 basehttp "GET /api/notices/ HTTP/1.1" 200 3008
INFO 2025-09-02 15:48:41,290 basehttp "OPTIONS /api/notices/67/ HTTP/1.1" 200 0
INFO 2025-09-02 15:48:41,316 basehttp "PUT /api/notices/67/ HTTP/1.1" 200 276
INFO 2025-09-02 15:48:41,367 basehttp "GET /api/notices/ HTTP/1.1" 200 3006
INFO 2025-09-02 15:48:43,424 basehttp "POST /api/auth/login/ HTTP/1.1" 200 832
INFO 2025-09-02 15:48:44,700 basehttp "OPTIONS /api/notices/unread_count/ HTTP/1.1" 200 0
INFO 2025-09-02 15:48:44,725 basehttp "GET /api/notices/unread_count/ HTTP/1.1" 200 11
INFO 2025-09-02 15:48:45,761 basehttp "GET /api/notices/unread_count/ HTTP/1.1" 200 11
INFO 2025-09-02 15:48:45,782 basehttp "GET /api/notices/ HTTP/1.1" 200 3005
INFO 2025-09-02 15:48:45,829 basehttp "GET /api/notices/unread_count/ HTTP/1.1" 200 11
INFO 2025-09-02 15:48:46,078 basehttp "OPTIONS /api/notices/68/mark_as_read/ HTTP/1.1" 200 0
INFO 2025-09-02 15:48:46,111 basehttp "POST /api/notices/68/mark_as_read/ HTTP/1.1" 200 35
INFO 2025-09-02 15:48:46,193 basehttp "GET /api/notices/ HTTP/1.1" 200 3004
INFO 2025-09-02 15:48:46,256 basehttp "GET /api/notices/unread_count/ HTTP/1.1" 200 11
INFO 2025-09-02 15:48:46,275 basehttp "GET /api/notices/unread_count/ HTTP/1.1" 200 11
INFO 2025-09-02 15:48:47,868 basehttp "POST /api/auth/login/ HTTP/1.1" 200 832
INFO 2025-09-02 15:48:49,850 basehttp "GET /api/notices/ HTTP/1.1" 200 3006
INFO 2025-09-02 15:48:50,427 basehttp "DELETE /api/notices/67/ HTTP/1.1" 204 0
INFO 2025-09-02 15:48:50,468 basehttp "GET /api/notices/ HTTP/1.1" 200 2729
INFO 2025-09-02 15:48:50,695 basehttp "OPTIONS /api/notices/68/ HTTP/1.1" 200 0
INFO 2025-09-02 15:48:50,723 basehttp "DELETE /api/notices/68/ HTTP/1.1" 204 0
INFO 2025-09-02 15:48:50,766 basehttp "GET /api/notices/ HTTP/1.1" 200 2450
INFO 2025-09-02 15:51:24,716 basehttp "POST /api/auth/login/ HTTP/1.1" 200 832
INFO 2025-09-02 15:51:27,023 basehttp "OPTIONS /api/notices/unread_count/ HTTP/1.1" 200 0
INFO 2025-09-02 15:51:27,052 basehttp "GET /api/notices/unread_count/ HTTP/1.1" 200 11
INFO 2025-09-02 15:51:27,921 basehttp "OPTIONS /api/forum/questions/ HTTP/1.1" 200 0
INFO 2025-09-02 15:51:27,955 basehttp "GET /api/forum/questions/ HTTP/1.1" 200 278
INFO 2025-09-02 15:51:29,269 basehttp "POST /api/forum/questions/ HTTP/1.1" 201 352
INFO 2025-09-02 15:51:29,384 basehttp "GET /api/forum/questions/ HTTP/1.1" 200 631
INFO 2025-09-02 15:51:29,817 basehttp "GET /api/notices/unread_count/ HTTP/1.1" 200 11
INFO 2025-09-02 15:51:29,825 basehttp "GET /api/forum/questions/ HTTP/1.1" 200 631
INFO 2025-09-02 15:51:31,888 basehttp "OPTIONS /api/forum/questions/115/toggle-like/ HTTP/1.1" 200 0
INFO 2025-09-02 15:51:31,911 basehttp "PATCH /api/forum/questions/115/toggle-like/ HTTP/1.1" 200 30
INFO 2025-09-02 15:51:32,556 basehttp "PATCH /api/forum/questions/115/toggle-like/ HTTP/1.1" 200 31
INFO 2025-09-02 15:51:32,958 basehttp "OPTIONS /api/forum/questions/115/comments/ HTTP/1.1" 200 0
INFO 2025-09-02 15:51:32,979 basehttp "POST /api/forum/questions/115/comments/ HTTP/1.1" 201 165
INFO 2025-09-02 15:51:33,281 basehttp "OPTIONS /api/forum/comments/85/ HTTP/1.1" 200 0
INFO 2025-09-02 15:51:33,306 basehttp "DELETE /api/forum/comments/85/ HTTP/1.1" 204 0
INFO 2025-09-02 15:51:33,545 basehttp "OPTIONS /api/forum/questions/115/ HTTP/1.1" 200 0
INFO 2025-09-02 15:51:33,571 basehttp "DELETE /api/forum/questions/115/ HTTP/1.1" 204 0
INFO 2025-09-02 15:51:36,007 basehttp "POST /api/auth/login/ HTTP/1.1" 200 832
INFO 2025-09-02 15:51:37,899 basehttp "GET /api/forum/questions/ HTTP/1.1" 200 278
INFO 2025-09-02 15:51:39,223 basehttp "POST /api/forum/questions/ HTTP/1.1" 201 352
INFO 2025-09-02 15:51:39,359 basehttp "GET /api/forum/questions/ HTTP/1.1" 200 631
INFO 2025-09-02 15:51:39,897 basehttp "GET /api/forum/questions/ HTTP/1.1" 200 631
INFO 2025-09-02 15:51:41,962 basehttp "OPTIONS /api/forum/questions/116/toggle-sticky/ HTTP/1.1" 200 0
INFO 2025-09-02 15:51:41,992 basehttp "PATCH /api/forum/questions/116/toggle-sticky/ HTTP/1.1" 200 18
INFO 2025-09-02 15:51:42,615 basehttp "PATCH /api/forum/questions/116/toggle-sticky/ HTTP/1.1" 200 19
INFO 2025-09-02 15:51:42,810 basehttp "OPTIONS /api/forum/questions/116/toggle-like/ HTTP/1.1" 200 0
INFO 2025-09-02 15:51:42,835 basehttp "PATCH /api/forum/questions/116/toggle-like/ HTTP/1.1" 200 30
INFO 2025-09-02 15:51:43,459 basehttp "PATCH /api/forum/questions/116/toggle-like/ HTTP/1.1" 200 31
INFO 2025-09-02 15:51:43,836 basehttp "OPTIONS /api/forum/questions/116/comments/ HTTP/1.1" 200 0
INFO 2025-09-02 15:51:43,855 basehttp "POST /api/forum/questions/116/comments/ HTTP/1.1" 201 165
INFO 2025-09-02 15:51:44,177 basehttp "OPTIONS /api/forum/comments/86/ HTTP/1.1" 200 0
INFO 2025-09-02 15:51:44,204 basehttp "DELETE /api/forum/comments/86/ HTTP/1.1" 204 0
INFO 2025-09-02 15:51:44,446 basehttp "OPTIONS /api/forum/questions/116/ HTTP/1.1" 200 0
INFO 2025-09-02 15:51:44,473 basehttp "DELETE /api/forum/questions/116/ HTTP/1.1" 204 0
INFO 2025-09-02 15:51:46,711 basehttp "GET /api/forum/questions/ HTTP/1.1" 200 278
INFO 2025-09-02 16:14:22,963 basehttp "POST /api/auth/login/ HTTP/1.1" 200 832
INFO 2025-09-02 16:14:25,006 basehttp "OPTIONS /api/notices/unread_count/ HTTP/1.1" 200 0
INFO 2025-09-02 16:14:25,051 basehttp "GET /api/notices/unread_count/ HTTP/1.1" 200 11
INFO 2025-09-02 16:14:25,738 basehttp "OPTIONS /api/forum/questions/ HTTP/1.1" 200 0
INFO 2025-09-02 16:14:25,777 basehttp "GET /api/forum/questions/ HTTP/1.1" 200 278
INFO 2025-09-02 16:14:27,092 basehttp "POST /api/forum/questions/ HTTP/1.1" 201 352
INFO 2025-09-02 16:14:27,267 basehttp "GET /api/forum/questions/ HTTP/1.1" 200 631
INFO 2025-09-02 16:14:27,853 basehttp "GET /api/notices/unread_count/ HTTP/1.1" 200 11
INFO 2025-09-02 16:14:27,859 basehttp "GET /api/forum/questions/ HTTP/1.1" 200 631
INFO 2025-09-02 16:14:31,409 basehttp "OPTIONS /api/forum/questions/117/toggle-like/ HTTP/1.1" 200 0
INFO 2025-09-02 16:14:31,433 basehttp "PATCH /api/forum/questions/117/toggle-like/ HTTP/1.1" 200 30
INFO 2025-09-02 16:14:32,254 basehttp "PATCH /api/forum/questions/117/toggle-like/ HTTP/1.1" 200 31
INFO 2025-09-02 16:14:33,093 basehttp "OPTIONS /api/forum/questions/117/comments/ HTTP/1.1" 200 0
INFO 2025-09-02 16:14:33,124 basehttp "POST /api/forum/questions/117/comments/ HTTP/1.1" 201 165
INFO 2025-09-02 16:14:33,880 basehttp "OPTIONS /api/forum/comments/87/ HTTP/1.1" 200 0
INFO 2025-09-02 16:14:33,911 basehttp "DELETE /api/forum/comments/87/ HTTP/1.1" 204 0
INFO 2025-09-02 16:14:34,702 basehttp "OPTIONS /api/forum/questions/117/ HTTP/1.1" 200 0
INFO 2025-09-02 16:14:34,730 basehttp "DELETE /api/forum/questions/117/ HTTP/1.1" 204 0
INFO 2025-09-02 16:14:37,767 basehttp "POST /api/auth/login/ HTTP/1.1" 200 832
INFO 2025-09-02 16:14:39,205 basehttp "GET /api/forum/questions/ HTTP/1.1" 200 278
INFO 2025-09-02 16:14:40,433 basehttp "POST /api/forum/questions/ HTTP/1.1" 201 352
INFO 2025-09-02 16:14:40,551 basehttp "GET /api/forum/questions/ HTTP/1.1" 200 631
INFO 2025-09-02 16:14:41,249 basehttp "GET /api/forum/questions/ HTTP/1.1" 200 631
INFO 2025-09-02 16:14:44,430 basehttp "OPTIONS /api/forum/questions/118/toggle-sticky/ HTTP/1.1" 200 0
INFO 2025-09-02 16:14:44,448 basehttp "PATCH /api/forum/questions/118/toggle-sticky/ HTTP/1.1" 200 18
INFO 2025-09-02 16:14:45,208 basehttp "PATCH /api/forum/questions/118/toggle-sticky/ HTTP/1.1" 200 19
INFO 2025-09-02 16:14:45,597 basehttp "OPTIONS /api/forum/questions/118/toggle-like/ HTTP/1.1" 200 0
INFO 2025-09-02 16:14:45,640 basehttp "PATCH /api/forum/questions/118/toggle-like/ HTTP/1.1" 200 30
INFO 2025-09-02 16:14:46,449 basehttp "PATCH /api/forum/questions/118/toggle-like/ HTTP/1.1" 200 31
INFO 2025-09-02 16:14:47,115 basehttp "OPTIONS /api/forum/questions/118/comments/ HTTP/1.1" 200 0
INFO 2025-09-02 16:14:47,141 basehttp "POST /api/forum/questions/118/comments/ HTTP/1.1" 201 165
INFO 2025-09-02 16:14:47,993 basehttp "OPTIONS /api/forum/comments/88/ HTTP/1.1" 200 0
INFO 2025-09-02 16:14:48,027 basehttp "DELETE /api/forum/comments/88/ HTTP/1.1" 204 0
INFO 2025-09-02 16:14:48,863 basehttp "OPTIONS /api/forum/questions/118/ HTTP/1.1" 200 0
INFO 2025-09-02 16:14:48,912 basehttp "DELETE /api/forum/questions/118/ HTTP/1.1" 204 0
INFO 2025-09-02 16:14:51,756 basehttp "GET /api/forum/questions/ HTTP/1.1" 200 278
WARNING 2025-09-02 16:25:24,822 log Unauthorized: /api/forum/questions/
WARNING 2025-09-02 16:25:24,825 basehttp "GET /api/forum/questions/ HTTP/1.1" 401 623
WARNING 2025-09-02 16:25:24,926 log Unauthorized: /api/forum/questions/
WARNING 2025-09-02 16:25:24,928 basehttp "GET /api/forum/questions/ HTTP/1.1" 401 623
INFO 2025-09-02 16:26:19,376 basehttp "POST /api/auth/login/ HTTP/1.1" 200 832
INFO 2025-09-02 16:26:21,190 basehttp "OPTIONS /api/notices/unread_count/ HTTP/1.1" 200 0
INFO 2025-09-02 16:26:21,204 basehttp "GET /api/notices/unread_count/ HTTP/1.1" 200 11
INFO 2025-09-02 16:26:21,929 basehttp "OPTIONS /api/forum/questions/ HTTP/1.1" 200 0
INFO 2025-09-02 16:26:21,957 basehttp "GET /api/forum/questions/ HTTP/1.1" 200 278
INFO 2025-09-02 16:26:23,205 basehttp "POST /api/forum/questions/ HTTP/1.1" 201 352
INFO 2025-09-02 16:26:23,349 basehttp "GET /api/forum/questions/ HTTP/1.1" 200 631
INFO 2025-09-02 16:26:23,900 basehttp "GET /api/notices/unread_count/ HTTP/1.1" 200 11
INFO 2025-09-02 16:26:23,907 basehttp "GET /api/forum/questions/ HTTP/1.1" 200 631
INFO 2025-09-02 16:26:27,453 basehttp "OPTIONS /api/forum/questions/119/toggle-like/ HTTP/1.1" 200 0
INFO 2025-09-02 16:26:27,477 basehttp "PATCH /api/forum/questions/119/toggle-like/ HTTP/1.1" 200 30
INFO 2025-09-02 16:26:28,221 basehttp "PATCH /api/forum/questions/119/toggle-like/ HTTP/1.1" 200 31
INFO 2025-09-02 16:26:28,884 basehttp "OPTIONS /api/forum/questions/119/comments/ HTTP/1.1" 200 0
INFO 2025-09-02 16:26:28,918 basehttp "POST /api/forum/questions/119/comments/ HTTP/1.1" 201 165
INFO 2025-09-02 16:26:29,687 basehttp "OPTIONS /api/forum/comments/89/ HTTP/1.1" 200 0
INFO 2025-09-02 16:26:29,710 basehttp "DELETE /api/forum/comments/89/ HTTP/1.1" 204 0
INFO 2025-09-02 16:26:30,434 basehttp "OPTIONS /api/forum/questions/119/ HTTP/1.1" 200 0
INFO 2025-09-02 16:26:30,466 basehttp "DELETE /api/forum/questions/119/ HTTP/1.1" 204 0
INFO 2025-09-02 16:26:33,354 basehttp "POST /api/auth/login/ HTTP/1.1" 200 832
INFO 2025-09-02 16:26:34,788 basehttp "GET /api/forum/questions/ HTTP/1.1" 200 278
INFO 2025-09-02 16:26:35,991 basehttp "POST /api/forum/questions/ HTTP/1.1" 201 352
INFO 2025-09-02 16:26:36,092 basehttp "GET /api/forum/questions/ HTTP/1.1" 200 631
INFO 2025-09-02 16:26:36,482 basehttp "GET /api/forum/questions/ HTTP/1.1" 200 631
INFO 2025-09-02 16:26:39,978 basehttp "OPTIONS /api/forum/questions/120/toggle-sticky/ HTTP/1.1" 200 0
INFO 2025-09-02 16:26:40,001 basehttp "PATCH /api/forum/questions/120/toggle-sticky/ HTTP/1.1" 200 18
INFO 2025-09-02 16:26:40,773 basehttp "PATCH /api/forum/questions/120/toggle-sticky/ HTTP/1.1" 200 19
INFO 2025-09-02 16:26:41,179 basehttp "OPTIONS /api/forum/questions/120/toggle-like/ HTTP/1.1" 200 0
INFO 2025-09-02 16:26:41,207 basehttp "PATCH /api/forum/questions/120/toggle-like/ HTTP/1.1" 200 30
INFO 2025-09-02 16:26:42,025 basehttp "PATCH /api/forum/questions/120/toggle-like/ HTTP/1.1" 200 31
INFO 2025-09-02 16:26:42,715 basehttp "OPTIONS /api/forum/questions/120/comments/ HTTP/1.1" 200 0
INFO 2025-09-02 16:26:42,739 basehttp "POST /api/forum/questions/120/comments/ HTTP/1.1" 201 165
INFO 2025-09-02 16:26:43,451 basehttp "OPTIONS /api/forum/comments/90/ HTTP/1.1" 200 0
INFO 2025-09-02 16:26:43,476 basehttp "DELETE /api/forum/comments/90/ HTTP/1.1" 204 0
INFO 2025-09-02 16:26:44,069 basehttp "OPTIONS /api/forum/questions/120/ HTTP/1.1" 200 0
INFO 2025-09-02 16:26:44,093 basehttp "DELETE /api/forum/questions/120/ HTTP/1.1" 204 0
INFO 2025-09-02 16:26:46,668 basehttp "GET /api/forum/questions/ HTTP/1.1" 200 278
INFO 2025-09-02 16:35:53,595 basehttp "POST /api/auth/login/ HTTP/1.1" 200 832
INFO 2025-09-02 16:35:55,394 basehttp "OPTIONS /api/forum/questions/ HTTP/1.1" 200 0
INFO 2025-09-02 16:35:55,394 basehttp "OPTIONS /api/notices/unread_count/ HTTP/1.1" 200 0
INFO 2025-09-02 16:35:55,451 basehttp "GET /api/notices/unread_count/ HTTP/1.1" 200 11
INFO 2025-09-02 16:35:55,453 basehttp "GET /api/forum/questions/ HTTP/1.1" 200 278
INFO 2025-09-02 16:35:57,375 basehttp "POST /api/forum/questions/ HTTP/1.1" 201 352
INFO 2025-09-02 16:35:57,487 basehttp "GET /api/forum/questions/ HTTP/1.1" 200 631
INFO 2025-09-02 16:35:57,994 basehttp "GET /api/notices/unread_count/ HTTP/1.1" 200 11
INFO 2025-09-02 16:35:57,999 basehttp "GET /api/forum/questions/ HTTP/1.1" 200 631
INFO 2025-09-02 16:36:01,668 basehttp "OPTIONS /api/forum/questions/121/toggle-like/ HTTP/1.1" 200 0
INFO 2025-09-02 16:36:01,694 basehttp "PATCH /api/forum/questions/121/toggle-like/ HTTP/1.1" 200 30
INFO 2025-09-02 16:36:02,488 basehttp "PATCH /api/forum/questions/121/toggle-like/ HTTP/1.1" 200 31
INFO 2025-09-02 16:36:03,340 basehttp "OPTIONS /api/forum/questions/121/comments/ HTTP/1.1" 200 0
INFO 2025-09-02 16:36:03,376 basehttp "POST /api/forum/questions/121/comments/ HTTP/1.1" 201 165
INFO 2025-09-02 16:36:04,195 basehttp "OPTIONS /api/forum/comments/91/ HTTP/1.1" 200 0
INFO 2025-09-02 16:36:04,219 basehttp "DELETE /api/forum/comments/91/ HTTP/1.1" 204 0
INFO 2025-09-02 16:36:05,003 basehttp "OPTIONS /api/forum/questions/121/ HTTP/1.1" 200 0
INFO 2025-09-02 16:36:05,031 basehttp "DELETE /api/forum/questions/121/ HTTP/1.1" 204 0
INFO 2025-09-02 16:36:08,076 basehttp "POST /api/auth/login/ HTTP/1.1" 200 832
INFO 2025-09-02 16:36:08,409 basehttp "GET /api/forum/questions/ HTTP/1.1" 200 278
INFO 2025-09-02 16:36:10,592 basehttp "POST /api/forum/questions/ HTTP/1.1" 201 352
INFO 2025-09-02 16:36:10,699 basehttp "GET /api/forum/questions/ HTTP/1.1" 200 631
INFO 2025-09-02 16:36:11,137 basehttp "GET /api/forum/questions/ HTTP/1.1" 200 631
INFO 2025-09-02 16:36:14,577 basehttp "OPTIONS /api/forum/questions/122/toggle-sticky/ HTTP/1.1" 200 0
INFO 2025-09-02 16:36:14,599 basehttp "PATCH /api/forum/questions/122/toggle-sticky/ HTTP/1.1" 200 18
INFO 2025-09-02 16:36:15,444 basehttp "PATCH /api/forum/questions/122/toggle-sticky/ HTTP/1.1" 200 19
INFO 2025-09-02 16:36:15,930 basehttp "OPTIONS /api/forum/questions/122/toggle-like/ HTTP/1.1" 200 0
INFO 2025-09-02 16:36:15,958 basehttp "PATCH /api/forum/questions/122/toggle-like/ HTTP/1.1" 200 30
INFO 2025-09-02 16:36:16,781 basehttp "PATCH /api/forum/questions/122/toggle-like/ HTTP/1.1" 200 31
INFO 2025-09-02 16:36:17,536 basehttp "OPTIONS /api/forum/questions/122/comments/ HTTP/1.1" 200 0
INFO 2025-09-02 16:36:17,561 basehttp "POST /api/forum/questions/122/comments/ HTTP/1.1" 201 165
INFO 2025-09-02 16:36:18,302 basehttp "OPTIONS /api/forum/comments/92/ HTTP/1.1" 200 0
INFO 2025-09-02 16:36:18,328 basehttp "DELETE /api/forum/comments/92/ HTTP/1.1" 204 0
INFO 2025-09-02 16:36:18,946 basehttp "OPTIONS /api/forum/questions/122/ HTTP/1.1" 200 0
INFO 2025-09-02 16:36:18,969 basehttp "DELETE /api/forum/questions/122/ HTTP/1.1" 204 0
INFO 2025-09-02 16:36:21,549 basehttp "GET /api/forum/questions/ HTTP/1.1" 200 278
INFO 2025-09-02 16:45:00,881 basehttp "OPTIONS /api/forum/questions/ HTTP/1.1" 200 0
WARNING 2025-09-02 16:45:00,891 log Unauthorized: /api/forum/questions/
WARNING 2025-09-02 16:45:00,893 basehttp "GET /api/forum/questions/ HTTP/1.1" 401 623
WARNING 2025-09-02 16:45:00,941 log Unauthorized: /api/forum/questions/
WARNING 2025-09-02 16:45:00,941 basehttp "GET /api/forum/questions/ HTTP/1.1" 401 623
WARNING 2025-09-02 16:45:31,250 log Unauthorized: /api/forum/questions/
WARNING 2025-09-02 16:45:31,251 basehttp "GET /api/forum/questions/ HTTP/1.1" 401 623
WARNING 2025-09-02 16:45:31,289 log Unauthorized: /api/forum/questions/
WARNING 2025-09-02 16:45:31,290 basehttp "GET /api/forum/questions/ HTTP/1.1" 401 623
WARNING 2025-09-02 18:22:29,827 log Unauthorized: /api/forum/questions/
INFO 2025-09-02 18:22:29,829 basehttp "OPTIONS /api/notices/unread_count/ HTTP/1.1" 200 0
WARNING 2025-09-02 18:22:29,850 log Unauthorized: /api/notices/unread_count/
WARNING 2025-09-02 18:22:29,851 basehttp "GET /api/forum/questions/ HTTP/1.1" 401 623
INFO 2025-09-02 18:22:29,851 basehttp "OPTIONS /api/notices/unread_count/ HTTP/1.1" 200 0
WARNING 2025-09-02 18:22:29,854 basehttp "GET /api/notices/unread_count/ HTTP/1.1" 401 623
WARNING 2025-09-02 18:22:29,859 log Unauthorized: /api/forum/questions/
WARNING 2025-09-02 18:22:29,862 log Unauthorized: /api/notices/unread_count/
WARNING 2025-09-02 18:22:29,864 basehttp "GET /api/forum/questions/ HTTP/1.1" 401 623
WARNING 2025-09-02 18:22:29,865 basehttp "GET /api/notices/unread_count/ HTTP/1.1" 401 623
INFO 2025-09-02 18:23:34,211 basehttp "POST /api/auth/login/ HTTP/1.1" 200 832
INFO 2025-09-02 18:23:36,078 basehttp "OPTIONS /api/notices/unread_count/ HTTP/1.1" 200 0
INFO 2025-09-02 18:23:36,078 basehttp "OPTIONS /api/forum/questions/ HTTP/1.1" 200 0
INFO 2025-09-02 18:23:36,138 basehttp "GET /api/notices/unread_count/ HTTP/1.1" 200 11
INFO 2025-09-02 18:23:36,158 basehttp "GET /api/forum/questions/ HTTP/1.1" 200 278
INFO 2025-09-02 18:23:38,712 basehttp "GET /api/notices/unread_count/ HTTP/1.1" 200 11
INFO 2025-09-02 18:23:38,717 basehttp "GET /api/forum/questions/ HTTP/1.1" 200 278
INFO 2025-09-02 18:23:41,962 basehttp "GET /api/notices/unread_count/ HTTP/1.1" 200 11
INFO 2025-09-02 18:23:41,973 basehttp "GET /api/forum/questions/ HTTP/1.1" 200 278
INFO 2025-09-02 18:23:45,272 basehttp "POST /api/forum/questions/ HTTP/1.1" 201 352
INFO 2025-09-02 18:23:45,402 basehttp "GET /api/forum/questions/ HTTP/1.1" 200 631
INFO 2025-09-02 18:23:51,078 basehttp "GET /api/notices/unread_count/ HTTP/1.1" 200 11
INFO 2025-09-02 18:23:51,095 basehttp "GET /api/forum/questions/ HTTP/1.1" 200 631
INFO 2025-09-02 18:23:54,331 basehttp "GET /api/notices/unread_count/ HTTP/1.1" 200 11
INFO 2025-09-02 18:23:54,344 basehttp "GET /api/forum/questions/ HTTP/1.1" 200 631
INFO 2025-09-02 18:23:59,990 basehttp "OPTIONS /api/forum/questions/123/toggle-like/ HTTP/1.1" 200 0
INFO 2025-09-02 18:24:00,022 basehttp "PATCH /api/forum/questions/123/toggle-like/ HTTP/1.1" 200 30
INFO 2025-09-02 18:24:00,930 basehttp "PATCH /api/forum/questions/123/toggle-like/ HTTP/1.1" 200 31
INFO 2025-09-02 18:24:01,741 basehttp "OPTIONS /api/forum/questions/123/comments/ HTTP/1.1" 200 0
INFO 2025-09-02 18:24:01,769 basehttp "POST /api/forum/questions/123/comments/ HTTP/1.1" 201 165
INFO 2025-09-02 18:24:02,701 basehttp "OPTIONS /api/forum/comments/93/ HTTP/1.1" 200 0
INFO 2025-09-02 18:24:02,725 basehttp "DELETE /api/forum/comments/93/ HTTP/1.1" 204 0
INFO 2025-09-02 18:24:03,516 basehttp "OPTIONS /api/forum/questions/123/ HTTP/1.1" 200 0
INFO 2025-09-02 18:24:03,549 basehttp "DELETE /api/forum/questions/123/ HTTP/1.1" 204 0
INFO 2025-09-02 18:24:06,722 basehttp "POST /api/auth/login/ HTTP/1.1" 200 832
INFO 2025-09-02 18:24:07,128 basehttp "GET /api/forum/questions/ HTTP/1.1" 200 278
INFO 2025-09-02 18:24:10,467 basehttp "GET /api/forum/questions/ HTTP/1.1" 200 278
INFO 2025-09-02 18:24:13,775 basehttp "GET /api/forum/questions/ HTTP/1.1" 200 278
INFO 2025-09-02 18:24:17,159 basehttp "POST /api/forum/questions/ HTTP/1.1" 201 352
INFO 2025-09-02 18:24:17,312 basehttp "GET /api/forum/questions/ HTTP/1.1" 200 631
INFO 2025-09-02 18:24:23,177 basehttp "GET /api/forum/questions/ HTTP/1.1" 200 631
INFO 2025-09-02 18:24:26,339 basehttp "GET /api/forum/questions/ HTTP/1.1" 200 631
INFO 2025-09-02 18:24:33,005 basehttp "OPTIONS /api/forum/questions/124/toggle-sticky/ HTTP/1.1" 200 0
INFO 2025-09-02 18:24:33,040 basehttp "PATCH /api/forum/questions/124/toggle-sticky/ HTTP/1.1" 200 18
INFO 2025-09-02 18:24:33,607 basehttp "PATCH /api/forum/questions/124/toggle-sticky/ HTTP/1.1" 200 19
INFO 2025-09-02 18:24:34,094 basehttp "OPTIONS /api/forum/questions/124/toggle-like/ HTTP/1.1" 200 0
INFO 2025-09-02 18:24:34,126 basehttp "PATCH /api/forum/questions/124/toggle-like/ HTTP/1.1" 200 30
INFO 2025-09-02 18:24:34,948 basehttp "PATCH /api/forum/questions/124/toggle-like/ HTTP/1.1" 200 31
INFO 2025-09-02 18:24:35,645 basehttp "OPTIONS /api/forum/questions/124/comments/ HTTP/1.1" 200 0
INFO 2025-09-02 18:24:35,666 basehttp "POST /api/forum/questions/124/comments/ HTTP/1.1" 201 165
INFO 2025-09-02 18:24:36,539 basehttp "OPTIONS /api/forum/comments/94/ HTTP/1.1" 200 0
INFO 2025-09-02 18:24:36,574 basehttp "DELETE /api/forum/comments/94/ HTTP/1.1" 204 0
INFO 2025-09-02 18:24:37,262 basehttp "OPTIONS /api/forum/questions/124/ HTTP/1.1" 200 0
INFO 2025-09-02 18:24:37,298 basehttp "DELETE /api/forum/questions/124/ HTTP/1.1" 204 0
INFO 2025-09-02 18:24:39,842 basehttp "GET /api/forum/questions/ HTTP/1.1" 200 278
INFO 2025-09-02 19:54:21,014 basehttp - Broken pipe from ('127.0.0.1', 52335)
INFO 2025-09-02 19:54:21,017 basehttp - Broken pipe from ('127.0.0.1', 52296)
INFO 2025-09-02 19:54:21,018 basehttp - Broken pipe from ('127.0.0.1', 52259)
INFO 2025-09-02 22:45:43,956 autoreload Watching for file changes with StatReloader
INFO 2025-09-02 23:36:38,552 autoreload E:\BUAA\大三\小学期\github_lab\group-platform\backend\server\settings.py changed, reloading.
INFO 2025-09-02 23:36:39,354 autoreload Watching for file changes with StatReloader
INFO 2025-09-02 23:37:51,364 autoreload E:\BUAA\大三\小学期\github_lab\group-platform\backend\server\settings.py changed, reloading.
INFO 2025-09-02 23:37:52,244 autoreload Watching for file changes with StatReloader
INFO 2025-09-02 23:38:13,330 autoreload E:\BUAA\大三\小学期\github_lab\group-platform\backend\server\settings.py changed, reloading.
INFO 2025-09-02 23:38:14,283 autoreload Watching for file changes with StatReloader
WARNING 2025-09-03 09:06:50,159 log Unauthorized: /api/forum/questions/
WARNING 2025-09-03 09:06:50,161 basehttp "GET /api/forum/questions/ HTTP/1.1" 401 96
INFO 2025-09-03 09:06:59,143 basehttp "POST /api/auth/login/ HTTP/1.1" 200 832
INFO 2025-09-03 09:07:21,250 basehttp "GET /api/forum/questions/ HTTP/1.1" 200 278
INFO 2025-09-03 11:24:20,025 autoreload E:\BUAA\大三\小学期\github_lab\group-platform\backend\server\urls.py changed, reloading.
INFO 2025-09-03 11:24:21,845 autoreload Watching for file changes with StatReloader
INFO 2025-09-03 11:25:46,478 autoreload E:\BUAA\大三\小学期\github_lab\group-platform\backend\server\urls.py changed, reloading.
INFO 2025-09-03 11:25:47,865 autoreload Watching for file changes with StatReloader
INFO 2025-09-03 11:32:07,260 basehttp "POST /api/auth/login/ HTTP/1.1" 200 832
INFO 2025-09-03 11:32:10,815 basehttp "OPTIONS /api/notices/unread_count/ HTTP/1.1" 200 0
INFO 2025-09-03 11:32:10,834 basehttp "OPTIONS /api/forum/questions/ HTTP/1.1" 200 0
INFO 2025-09-03 11:32:10,899 basehttp "GET /api/notices/unread_count/ HTTP/1.1" 200 11
INFO 2025-09-03 11:32:10,926 basehttp "GET /api/forum/questions/ HTTP/1.1" 200 278
INFO 2025-09-03 11:32:13,475 basehttp "GET /api/notices/unread_count/ HTTP/1.1" 200 11
INFO 2025-09-03 11:32:13,500 basehttp "GET /api/forum/questions/ HTTP/1.1" 200 278
INFO 2025-09-03 11:32:16,898 basehttp "GET /api/notices/unread_count/ HTTP/1.1" 200 11
INFO 2025-09-03 11:32:16,915 basehttp "GET /api/forum/questions/ HTTP/1.1" 200 278
INFO 2025-09-03 11:32:25,309 basehttp "POST /api/forum/questions/ HTTP/1.1" 201 352
INFO 2025-09-03 11:32:25,461 basehttp "GET /api/forum/questions/ HTTP/1.1" 200 631
INFO 2025-09-03 11:32:31,842 basehttp "GET /api/notices/unread_count/ HTTP/1.1" 200 11
INFO 2025-09-03 11:32:31,876 basehttp "GET /api/forum/questions/ HTTP/1.1" 200 631
INFO 2025-09-03 11:32:34,970 basehttp "GET /api/notices/unread_count/ HTTP/1.1" 200 11
INFO 2025-09-03 11:32:34,985 basehttp "GET /api/forum/questions/ HTTP/1.1" 200 631
INFO 2025-09-03 11:32:45,485 basehttp "OPTIONS /api/forum/questions/125/toggle-like/ HTTP/1.1" 200 0
INFO 2025-09-03 11:32:45,530 basehttp "PATCH /api/forum/questions/125/toggle-like/ HTTP/1.1" 200 30
INFO 2025-09-03 11:32:46,475 basehttp "PATCH /api/forum/questions/125/toggle-like/ HTTP/1.1" 200 31
INFO 2025-09-03 11:32:47,386 basehttp "OPTIONS /api/forum/questions/125/comments/ HTTP/1.1" 200 0
INFO 2025-09-03 11:32:47,429 basehttp "POST /api/forum/questions/125/comments/ HTTP/1.1" 201 165
INFO 2025-09-03 11:32:48,379 basehttp "OPTIONS /api/forum/comments/95/ HTTP/1.1" 200 0
INFO 2025-09-03 11:32:48,431 basehttp "DELETE /api/forum/comments/95/ HTTP/1.1" 204 0
INFO 2025-09-03 11:32:49,631 basehttp "OPTIONS /api/forum/questions/125/ HTTP/1.1" 200 0
INFO 2025-09-03 11:32:49,707 basehttp "DELETE /api/forum/questions/125/ HTTP/1.1" 204 0
INFO 2025-09-03 11:32:53,600 basehttp "POST /api/auth/login/ HTTP/1.1" 200 832
INFO 2025-09-03 11:32:54,395 basehttp "GET /api/forum/questions/ HTTP/1.1" 200 278
INFO 2025-09-03 11:32:57,801 basehttp "GET /api/forum/questions/ HTTP/1.1" 200 278
INFO 2025-09-03 11:33:01,199 basehttp "GET /api/forum/questions/ HTTP/1.1" 200 278
INFO 2025-09-03 11:33:04,374 basehttp "POST /api/forum/questions/ HTTP/1.1" 201 352
INFO 2025-09-03 11:33:04,496 basehttp "GET /api/forum/questions/ HTTP/1.1" 200 631
INFO 2025-09-03 11:33:10,981 basehttp "GET /api/forum/questions/ HTTP/1.1" 200 631
INFO 2025-09-03 11:33:14,182 basehttp "GET /api/forum/questions/ HTTP/1.1" 200 631
INFO 2025-09-03 11:33:24,429 basehttp "OPTIONS /api/forum/questions/126/toggle-sticky/ HTTP/1.1" 200 0
INFO 2025-09-03 11:33:24,486 basehttp "PATCH /api/forum/questions/126/toggle-sticky/ HTTP/1.1" 200 18
INFO 2025-09-03 11:33:25,418 basehttp "PATCH /api/forum/questions/126/toggle-sticky/ HTTP/1.1" 200 19
INFO 2025-09-03 11:33:26,178 basehttp "OPTIONS /api/forum/questions/126/toggle-like/ HTTP/1.1" 200 0
INFO 2025-09-03 11:33:26,223 basehttp "PATCH /api/forum/questions/126/toggle-like/ HTTP/1.1" 200 30
INFO 2025-09-03 11:33:27,316 basehttp "PATCH /api/forum/questions/126/toggle-like/ HTTP/1.1" 200 31
INFO 2025-09-03 11:33:28,520 basehttp "OPTIONS /api/forum/questions/126/comments/ HTTP/1.1" 200 0
INFO 2025-09-03 11:33:28,566 basehttp "POST /api/forum/questions/126/comments/ HTTP/1.1" 201 165
INFO 2025-09-03 11:33:29,993 basehttp "OPTIONS /api/forum/comments/96/ HTTP/1.1" 200 0
INFO 2025-09-03 11:33:30,040 basehttp "DELETE /api/forum/comments/96/ HTTP/1.1" 204 0
INFO 2025-09-03 11:33:31,306 basehttp "OPTIONS /api/forum/questions/126/ HTTP/1.1" 200 0
INFO 2025-09-03 11:33:31,356 basehttp "DELETE /api/forum/questions/126/ HTTP/1.1" 204 0
INFO 2025-09-03 11:33:34,737 basehttp "GET /api/forum/questions/ HTTP/1.1" 200 278
INFO 2025-09-03 11:34:36,760 basehttp "POST /api/auth/login/ HTTP/1.1" 200 832
INFO 2025-09-03 11:34:37,822 basehttp "GET /api/notices/unread_count/ HTTP/1.1" 200 11
INFO 2025-09-03 11:34:37,846 basehttp "GET /api/forum/questions/ HTTP/1.1" 200 278
INFO 2025-09-03 11:34:40,803 basehttp "GET /api/notices/unread_count/ HTTP/1.1" 200 11
INFO 2025-09-03 11:34:40,813 basehttp "GET /api/forum/questions/ HTTP/1.1" 200 278
INFO 2025-09-03 11:34:44,234 basehttp "GET /api/notices/unread_count/ HTTP/1.1" 200 11
INFO 2025-09-03 11:34:44,256 basehttp "GET /api/forum/questions/ HTTP/1.1" 200 278
INFO 2025-09-03 11:34:52,546 basehttp "POST /api/forum/questions/ HTTP/1.1" 201 352
INFO 2025-09-03 11:34:52,685 basehttp "GET /api/forum/questions/ HTTP/1.1" 200 631
INFO 2025-09-03 11:34:59,022 basehttp "GET /api/notices/unread_count/ HTTP/1.1" 200 11
INFO 2025-09-03 11:34:59,063 basehttp "GET /api/forum/questions/ HTTP/1.1" 200 631
INFO 2025-09-03 11:35:02,134 basehttp "GET /api/notices/unread_count/ HTTP/1.1" 200 11
INFO 2025-09-03 11:35:02,167 basehttp "GET /api/forum/questions/ HTTP/1.1" 200 631
INFO 2025-09-03 11:35:04,189 basehttp "OPTIONS /api/forum/questions/127/toggle-like/ HTTP/1.1" 200 0
INFO 2025-09-03 11:35:04,240 basehttp "PATCH /api/forum/questions/127/toggle-like/ HTTP/1.1" 200 30
INFO 2025-09-03 11:35:04,884 basehttp "PATCH /api/forum/questions/127/toggle-like/ HTTP/1.1" 200 31
INFO 2025-09-03 11:35:05,271 basehttp "OPTIONS /api/forum/questions/127/comments/ HTTP/1.1" 200 0
INFO 2025-09-03 11:35:05,344 basehttp "POST /api/forum/questions/127/comments/ HTTP/1.1" 201 165
INFO 2025-09-03 11:35:05,663 basehttp "OPTIONS /api/forum/comments/97/ HTTP/1.1" 200 0
INFO 2025-09-03 11:35:05,716 basehttp "DELETE /api/forum/comments/97/ HTTP/1.1" 204 0
INFO 2025-09-03 11:35:05,993 basehttp "OPTIONS /api/forum/questions/127/ HTTP/1.1" 200 0
INFO 2025-09-03 11:35:06,054 basehttp "DELETE /api/forum/questions/127/ HTTP/1.1" 204 0
INFO 2025-09-03 11:35:09,342 basehttp "POST /api/auth/login/ HTTP/1.1" 200 832
INFO 2025-09-03 11:35:09,882 basehttp "GET /api/forum/questions/ HTTP/1.1" 200 278
INFO 2025-09-03 11:35:13,379 basehttp "GET /api/forum/questions/ HTTP/1.1" 200 278
INFO 2025-09-03 11:35:16,799 basehttp "GET /api/forum/questions/ HTTP/1.1" 200 278
INFO 2025-09-03 11:35:19,947 basehttp "POST /api/forum/questions/ HTTP/1.1" 201 352
INFO 2025-09-03 11:35:20,092 basehttp "GET /api/forum/questions/ HTTP/1.1" 200 631
INFO 2025-09-03 11:35:26,052 basehttp "GET /api/forum/questions/ HTTP/1.1" 200 631
INFO 2025-09-03 11:35:29,480 basehttp "GET /api/forum/questions/ HTTP/1.1" 200 631
INFO 2025-09-03 11:36:10,310 basehttp "OPTIONS /api/auth/register/ HTTP/1.1" 200 0
INFO 2025-09-03 11:36:11,686 basehttp "POST /api/auth/register/ HTTP/1.1" 201 47
INFO 2025-09-03 11:36:13,216 basehttp "OPTIONS /api/auth/login/ HTTP/1.1" 200 0
INFO 2025-09-03 11:36:14,423 basehttp "POST /api/auth/login/ HTTP/1.1" 200 843
INFO 2025-09-03 11:36:15,586 basehttp "POST /api/auth/login/ HTTP/1.1" 200 843
INFO 2025-09-03 11:36:17,576 basehttp "OPTIONS /api/auth/user/profile/ HTTP/1.1" 200 0
INFO 2025-09-03 11:36:17,616 basehttp "PATCH /api/auth/user/profile/ HTTP/1.1" 200 122
INFO 2025-09-03 11:36:22,336 basehttp "POST /api/auth/login/ HTTP/1.1" 200 945
INFO 2025-09-03 11:36:23,474 basehttp "POST /api/auth/login/ HTTP/1.1" 200 945
INFO 2025-09-03 11:36:24,793 basehttp "OPTIONS /api/students/ HTTP/1.1" 200 0
INFO 2025-09-03 11:36:25,134 basehttp "GET /api/students/ HTTP/1.1" 200 6556
INFO 2025-09-03 11:36:25,213 basehttp "OPTIONS /api/experiments/experiments/ HTTP/1.1" 200 0
INFO 2025-09-03 11:36:25,336 basehttp "GET /api/experiments/experiments/ HTTP/1.1" 200 4002
INFO 2025-09-03 11:36:35,248 basehttp - Broken pipe from ('127.0.0.1', 61312)
WARNING 2025-09-03 11:36:38,472 log Bad Request: /api/auth/login/
WARNING 2025-09-03 11:36:38,474 basehttp "POST /api/auth/login/ HTTP/1.1" 400 84
INFO 2025-09-03 11:36:43,515 basehttp "POST /api/auth/login/ HTTP/1.1" 200 945
INFO 2025-09-03 11:36:44,691 basehttp "POST /api/auth/login/ HTTP/1.1" 200 945
INFO 2025-09-03 11:36:45,614 basehttp "OPTIONS /api/experiments/submissions/ HTTP/1.1" 200 0
INFO 2025-09-03 11:36:45,756 basehttp "GET /api/experiments/experiments/ HTTP/1.1" 200 4911
INFO 2025-09-03 11:36:45,764 basehttp "GET /api/experiments/submissions/ HTTP/1.1" 200 2236
INFO 2025-09-03 11:36:46,389 basehttp "GET /api/experiments/submissions/1/ HTTP/1.1" 200 1266
INFO 2025-09-03 11:37:44,638 basehttp "OPTIONS /api/notices/ HTTP/1.1" 200 0
INFO 2025-09-03 11:37:44,694 basehttp "GET /api/notices/ HTTP/1.1" 200 2450
INFO 2025-09-03 11:39:37,340 basehttp "POST /api/auth/register/ HTTP/1.1" 201 47
INFO 2025-09-03 11:39:40,591 basehttp "POST /api/auth/register/ HTTP/1.1" 201 47
INFO 2025-09-03 11:39:42,443 basehttp "POST /api/auth/login/ HTTP/1.1" 200 843
INFO 2025-09-03 11:39:43,000 basehttp "POST /api/auth/login/ HTTP/1.1" 200 843
INFO 2025-09-03 11:39:44,935 basehttp "PATCH /api/auth/user/profile/ HTTP/1.1" 200 122
INFO 2025-09-03 11:39:49,678 basehttp "POST /api/auth/login/ HTTP/1.1" 200 945
INFO 2025-09-03 11:39:50,334 basehttp "POST /api/auth/login/ HTTP/1.1" 200 945
INFO 2025-09-03 11:39:51,659 basehttp "GET /api/students/ HTTP/1.1" 200 6618
INFO 2025-09-03 11:39:51,859 basehttp "GET /api/experiments/experiments/ HTTP/1.1" 200 4911
INFO 2025-09-03 11:40:35,363 basehttp "POST /api/auth/register/ HTTP/1.1" 201 47
INFO 2025-09-03 11:40:39,523 basehttp "POST /api/auth/register/ HTTP/1.1" 201 47
INFO 2025-09-03 11:40:44,592 basehttp "POST /api/auth/register/ HTTP/1.1" 201 47
INFO 2025-09-03 11:40:48,544 basehttp "POST /api/auth/register/ HTTP/1.1" 201 47
INFO 2025-09-03 11:40:50,969 basehttp "POST /api/auth/login/ HTTP/1.1" 200 838
INFO 2025-09-03 11:40:51,576 basehttp "POST /api/auth/login/ HTTP/1.1" 200 838
INFO 2025-09-03 11:40:54,297 basehttp "PATCH /api/auth/user/profile/ HTTP/1.1" 200 120
INFO 2025-09-03 11:41:01,486 basehttp "POST /api/auth/login/ HTTP/1.1" 200 936
INFO 2025-09-03 11:41:02,039 basehttp "POST /api/auth/login/ HTTP/1.1" 200 936
INFO 2025-09-03 11:41:03,973 basehttp "GET /api/students/ HTTP/1.1" 200 6738
INFO 2025-09-03 11:41:04,287 basehttp "GET /api/experiments/experiments/ HTTP/1.1" 200 4911
INFO 2025-09-03 11:41:27,625 basehttp "POST /api/auth/register/ HTTP/1.1" 201 47
INFO 2025-09-03 11:41:31,447 basehttp "POST /api/auth/register/ HTTP/1.1" 201 47
INFO 2025-09-03 11:41:36,506 basehttp "POST /api/auth/register/ HTTP/1.1" 201 47
INFO 2025-09-03 11:41:40,571 basehttp "POST /api/auth/register/ HTTP/1.1" 201 47
INFO 2025-09-03 11:41:42,335 basehttp "POST /api/auth/login/ HTTP/1.1" 200 843
INFO 2025-09-03 11:41:42,872 basehttp "POST /api/auth/login/ HTTP/1.1" 200 843
INFO 2025-09-03 11:41:44,575 basehttp "PATCH /api/auth/user/profile/ HTTP/1.1" 200 122
INFO 2025-09-03 11:41:48,820 basehttp "POST /api/auth/login/ HTTP/1.1" 200 945
INFO 2025-09-03 11:41:50,119 basehttp "POST /api/auth/login/ HTTP/1.1" 200 945
INFO 2025-09-03 11:41:50,963 basehttp "GET /api/students/ HTTP/1.1" 200 6862
INFO 2025-09-03 11:41:51,243 basehttp "GET /api/experiments/experiments/ HTTP/1.1" 200 4911
INFO 2025-09-03 11:42:03,682 basehttp "POST /api/auth/login/ HTTP/1.1" 200 843
INFO 2025-09-03 11:42:04,886 basehttp "POST /api/auth/login/ HTTP/1.1" 200 843
INFO 2025-09-03 11:42:05,078 basehttp "OPTIONS /api/notices/unread_count/ HTTP/1.1" 200 0
INFO 2025-09-03 11:42:05,574 basehttp "GET /api/notices/unread_count/ HTTP/1.1" 200 11
INFO 2025-09-03 11:42:06,161 basehttp "GET /api/experiments/experiments/ HTTP/1.1" 200 4911
INFO 2025-09-03 11:42:06,714 basehttp "OPTIONS /api/experiments/experiments/26/problems/ HTTP/1.1" 200 0
INFO 2025-09-03 11:42:06,767 basehttp "GET /api/experiments/experiments/26/problems/ HTTP/1.1" 200 1307
INFO 2025-09-03 11:42:07,735 basehttp "GET /api/experiments/experiments/26/coding/13/ HTTP/1.1" 200 195
INFO 2025-09-03 11:42:12,641 basehttp "POST /api/experiments/judge/ HTTP/1.1" 200 119
INFO 2025-09-03 11:42:13,072 basehttp "GET /api/experiments/experiments/26/problems/ HTTP/1.1" 200 1437
INFO 2025-09-03 11:42:20,413 basehttp "POST /api/auth/login/ HTTP/1.1" 200 945
INFO 2025-09-03 11:42:21,592 basehttp "POST /api/auth/login/ HTTP/1.1" 200 945
INFO 2025-09-03 11:42:22,551 basehttp "GET /api/experiments/submissions/ HTTP/1.1" 200 2236
INFO 2025-09-03 11:42:22,556 basehttp "GET /api/experiments/experiments/ HTTP/1.1" 200 4911
INFO 2025-09-03 11:42:23,155 basehttp "GET /api/experiments/submissions/1/ HTTP/1.1" 200 1266
INFO 2025-09-03 11:43:10,816 basehttp "OPTIONS /api/auth/login/ HTTP/1.1" 200 0
INFO 2025-09-03 11:43:12,094 basehttp "POST /api/auth/login/ HTTP/1.1" 200 832
INFO 2025-09-03 11:43:13,354 basehttp "POST /api/auth/login/ HTTP/1.1" 200 832
INFO 2025-09-03 11:43:15,546 basehttp "OPTIONS /api/students/ HTTP/1.1" 200 0
INFO 2025-09-03 11:43:15,574 basehttp "GET /api/students/ HTTP/1.1" 200 6862
INFO 2025-09-03 11:43:15,642 basehttp "OPTIONS /api/experiments/experiments/ HTTP/1.1" 200 0
INFO 2025-09-03 11:43:15,760 basehttp "GET /api/experiments/experiments/ HTTP/1.1" 200 4911
INFO 2025-09-03 11:43:23,802 basehttp "OPTIONS /api/experiments/submissions/ HTTP/1.1" 200 0
INFO 2025-09-03 11:43:23,970 basehttp "GET /api/experiments/submissions/ HTTP/1.1" 200 2236
INFO 2025-09-03 11:43:23,992 basehttp "GET /api/experiments/experiments/ HTTP/1.1" 200 4911
INFO 2025-09-03 11:43:47,986 basehttp "POST /api/auth/login/ HTTP/1.1" 200 945
INFO 2025-09-03 11:43:49,133 basehttp "POST /api/auth/login/ HTTP/1.1" 200 945
INFO 2025-09-03 11:43:51,298 basehttp "GET /api/students/ HTTP/1.1" 200 6862
INFO 2025-09-03 11:43:51,470 basehttp "GET /api/experiments/experiments/ HTTP/1.1" 200 4911
INFO 2025-09-03 11:43:56,533 basehttp "OPTIONS /api/experiments/experiments/26/ HTTP/1.1" 200 0
INFO 2025-09-03 11:43:56,588 basehttp "DELETE /api/experiments/experiments/26/ HTTP/1.1" 204 0
INFO 2025-09-03 11:43:56,674 basehttp "GET /api/experiments/experiments/ HTTP/1.1" 200 3536
INFO 2025-09-03 11:43:58,711 basehttp "GET /api/experiments/submissions/ HTTP/1.1" 200 1268
INFO 2025-09-03 11:43:58,732 basehttp "GET /api/experiments/experiments/ HTTP/1.1" 200 3536
INFO 2025-09-03 11:44:18,101 basehttp "POST /api/auth/login/ HTTP/1.1" 200 945
INFO 2025-09-03 11:44:19,425 basehttp "POST /api/auth/login/ HTTP/1.1" 200 945
INFO 2025-09-03 11:44:22,219 basehttp "GET /api/experiments/submissions/ HTTP/1.1" 200 1268
INFO 2025-09-03 11:44:22,246 basehttp "GET /api/experiments/experiments/ HTTP/1.1" 200 3536
INFO 2025-09-03 11:44:24,190 basehttp "GET /api/students/ HTTP/1.1" 200 6862
INFO 2025-09-03 11:44:24,337 basehttp "GET /api/experiments/experiments/ HTTP/1.1" 200 3536
INFO 2025-09-03 11:44:30,017 basehttp "OPTIONS /api/experiments/experiments/27/ HTTP/1.1" 200 0
INFO 2025-09-03 11:44:30,060 basehttp "DELETE /api/experiments/experiments/27/ HTTP/1.1" 204 0
INFO 2025-09-03 11:44:30,174 basehttp "GET /api/experiments/experiments/ HTTP/1.1" 200 2627
INFO 2025-09-03 11:44:40,003 basehttp "POST /api/auth/register/ HTTP/1.1" 201 47
INFO 2025-09-03 11:44:42,899 basehttp "POST /api/auth/register/ HTTP/1.1" 201 47
INFO 2025-09-03 11:44:44,865 basehttp "POST /api/auth/login/ HTTP/1.1" 200 843
INFO 2025-09-03 11:44:45,544 basehttp "POST /api/auth/login/ HTTP/1.1" 200 843
INFO 2025-09-03 11:44:47,563 basehttp "PATCH /api/auth/user/profile/ HTTP/1.1" 200 122
INFO 2025-09-03 11:44:51,565 basehttp "POST /api/auth/login/ HTTP/1.1" 200 945
INFO 2025-09-03 11:44:52,098 basehttp "POST /api/auth/login/ HTTP/1.1" 200 945
INFO 2025-09-03 11:44:53,458 basehttp "GET /api/students/ HTTP/1.1" 200 6924
INFO 2025-09-03 11:44:53,580 basehttp "GET /api/experiments/experiments/ HTTP/1.1" 200 2627
INFO 2025-09-03 11:45:02,772 basehttp "POST /api/experiments/experiments/ HTTP/1.1" 201 932
INFO 2025-09-03 11:45:02,804 basehttp "OPTIONS /api/experiments/experiments/28/ HTTP/1.1" 200 0
INFO 2025-09-03 11:45:02,834 basehttp "GET /api/experiments/experiments/28/ HTTP/1.1" 200 932
INFO 2025-09-03 11:45:02,907 basehttp "POST /api/notices/ HTTP/1.1" 201 462
INFO 2025-09-03 11:45:02,976 basehttp "OPTIONS /api/experiments/choice-problems/ HTTP/1.1" 200 0
INFO 2025-09-03 11:45:02,991 basehttp "OPTIONS /api/experiments/fill-problems/ HTTP/1.1" 200 0
INFO 2025-09-03 11:45:03,009 basehttp "OPTIONS /api/experiments/coding-problems/ HTTP/1.1" 200 0
INFO 2025-09-03 11:45:03,042 basehttp "POST /api/experiments/choice-problems/ HTTP/1.1" 201 195
INFO 2025-09-03 11:45:03,070 basehttp "POST /api/experiments/fill-problems/ HTTP/1.1" 201 115
INFO 2025-09-03 11:45:03,103 basehttp "POST /api/experiments/coding-problems/ HTTP/1.1" 201 156
INFO 2025-09-03 11:45:03,275 basehttp "GET /api/experiments/experiments/ HTTP/1.1" 200 4026
INFO 2025-09-03 11:45:05,423 basehttp "POST /api/auth/login/ HTTP/1.1" 200 843
INFO 2025-09-03 11:45:05,932 basehttp "POST /api/auth/login/ HTTP/1.1" 200 843
INFO 2025-09-03 11:45:06,514 basehttp "GET /api/notices/unread_count/ HTTP/1.1" 200 11
INFO 2025-09-03 11:45:06,687 basehttp "GET /api/experiments/experiments/ HTTP/1.1" 200 4026
INFO 2025-09-03 11:45:06,931 basehttp "OPTIONS /api/experiments/experiments/28/problems/ HTTP/1.1" 200 0
INFO 2025-09-03 11:45:06,965 basehttp "GET /api/experiments/experiments/28/problems/ HTTP/1.1" 200 1246
INFO 2025-09-03 11:45:07,745 basehttp "GET /api/experiments/experiments/28/coding/14/ HTTP/1.1" 200 195
INFO 2025-09-03 11:45:10,640 basehttp "POST /api/experiments/judge/ HTTP/1.1" 200 119
INFO 2025-09-03 11:45:11,178 basehttp "GET /api/experiments/experiments/28/problems/ HTTP/1.1" 200 1467
INFO 2025-09-03 11:45:11,694 basehttp "OPTIONS /submit/experiment/ HTTP/1.1" 200 0
INFO 2025-09-03 11:45:12,396 basehttp "POST /submit/experiment/ HTTP/1.1" 200 402
INFO 2025-09-03 11:45:14,317 basehttp "POST /api/auth/login/ HTTP/1.1" 200 945
INFO 2025-09-03 11:45:14,881 basehttp "POST /api/auth/login/ HTTP/1.1" 200 945
INFO 2025-09-03 11:45:15,628 basehttp "GET /api/experiments/experiments/ HTTP/1.1" 200 4026
INFO 2025-09-03 11:45:15,651 basehttp "GET /api/experiments/submissions/ HTTP/1.1" 200 2236
INFO 2025-09-03 11:45:16,093 basehttp "GET /api/experiments/submissions/1/ HTTP/1.1" 200 1266
INFO 2025-09-03 11:45:25,908 basehttp "GET /api/experiments/experiments/ HTTP/1.1" 200 4026
INFO 2025-09-03 11:45:25,911 basehttp "GET /api/experiments/submissions/ HTTP/1.1" 200 2236
INFO 2025-09-03 11:45:31,616 basehttp "GET /api/experiments/submissions/23/ HTTP/1.1" 200 967
INFO 2025-09-03 11:45:34,435 basehttp "OPTIONS /api/experiments/submissions/23/review_answers/ HTTP/1.1" 200 0
INFO 2025-09-03 11:45:34,478 basehttp "PATCH /api/experiments/submissions/23/review_answers/ HTTP/1.1" 200 44
INFO 2025-09-03 11:45:34,538 basehttp "GET /api/experiments/submissions/23/ HTTP/1.1" 200 967
INFO 2025-09-03 11:46:18,043 basehttp "POST /api/auth/register/ HTTP/1.1" 201 47
INFO 2025-09-03 11:46:21,317 basehttp "POST /api/auth/register/ HTTP/1.1" 201 47
INFO 2025-09-03 11:46:23,652 basehttp "POST /api/auth/login/ HTTP/1.1" 200 843
INFO 2025-09-03 11:46:24,840 basehttp "POST /api/auth/login/ HTTP/1.1" 200 843
INFO 2025-09-03 11:46:26,680 basehttp "PATCH /api/auth/user/profile/ HTTP/1.1" 200 122
INFO 2025-09-03 11:46:31,040 basehttp "POST /api/auth/login/ HTTP/1.1" 200 945
INFO 2025-09-03 11:46:32,282 basehttp "POST /api/auth/login/ HTTP/1.1" 200 945
INFO 2025-09-03 11:46:33,571 basehttp "GET /api/students/ HTTP/1.1" 200 6986
INFO 2025-09-03 11:46:33,741 basehttp "GET /api/experiments/experiments/ HTTP/1.1" 200 4026
INFO 2025-09-03 11:46:42,551 basehttp - Broken pipe from ('127.0.0.1', 59871)
INFO 2025-09-03 11:46:45,662 basehttp "POST /api/auth/login/ HTTP/1.1" 200 843
INFO 2025-09-03 11:46:46,823 basehttp "POST /api/auth/login/ HTTP/1.1" 200 843
INFO 2025-09-03 11:46:47,490 basehttp "GET /api/notices/unread_count/ HTTP/1.1" 200 11
INFO 2025-09-03 11:46:47,748 basehttp "GET /api/experiments/experiments/ HTTP/1.1" 200 4963
INFO 2025-09-03 11:46:48,047 basehttp "GET /api/experiments/experiments/28/problems/ HTTP/1.1" 200 1337
INFO 2025-09-03 11:46:48,826 basehttp "GET /api/experiments/experiments/28/coding/14/ HTTP/1.1" 200 195
INFO 2025-09-03 11:46:51,670 basehttp "POST /api/experiments/judge/ HTTP/1.1" 200 119
INFO 2025-09-03 11:46:52,069 basehttp "GET /api/experiments/experiments/28/problems/ HTTP/1.1" 200 1467
INFO 2025-09-03 11:46:53,697 basehttp "POST /submit/experiment/ HTTP/1.1" 200 402
INFO 2025-09-03 11:46:56,457 basehttp "POST /api/auth/login/ HTTP/1.1" 200 945
INFO 2025-09-03 11:46:57,548 basehttp "POST /api/auth/login/ HTTP/1.1" 200 945
INFO 2025-09-03 11:46:58,621 basehttp "GET /api/experiments/experiments/ HTTP/1.1" 200 4963
INFO 2025-09-03 11:46:58,640 basehttp "GET /api/experiments/submissions/ HTTP/1.1" 200 3204
INFO 2025-09-03 11:46:59,156 basehttp "GET /api/experiments/submissions/1/ HTTP/1.1" 200 1266
INFO 2025-09-03 11:47:00,108 basehttp "GET /api/students/ HTTP/1.1" 200 6986
INFO 2025-09-03 11:47:00,305 basehttp "GET /api/experiments/experiments/ HTTP/1.1" 200 4963
INFO 2025-09-03 11:48:00,305 basehttp "OPTIONS /api/experiments/experiments/29/ HTTP/1.1" 200 0
INFO 2025-09-03 11:48:00,351 basehttp "DELETE /api/experiments/experiments/29/ HTTP/1.1" 204 0
INFO 2025-09-03 11:48:00,430 basehttp "GET /api/experiments/experiments/ HTTP/1.1" 200 4026
INFO 2025-09-03 11:48:03,239 basehttp "OPTIONS /api/experiments/experiments/28/ HTTP/1.1" 200 0
WARNING 2025-09-03 11:48:03,261 log Forbidden: /api/experiments/experiments/28/
WARNING 2025-09-03 11:48:03,262 basehttp "DELETE /api/experiments/experiments/28/ HTTP/1.1" 403 24
INFO 2025-09-03 11:48:31,772 basehttp "POST /api/auth/login/ HTTP/1.1" 200 945
INFO 2025-09-03 11:48:32,943 basehttp "POST /api/auth/login/ HTTP/1.1" 200 945
INFO 2025-09-03 11:48:35,036 basehttp "GET /api/students/ HTTP/1.1" 200 6986
INFO 2025-09-03 11:48:35,193 basehttp "GET /api/experiments/experiments/ HTTP/1.1" 200 4026
INFO 2025-09-03 11:48:39,999 basehttp "OPTIONS /api/experiments/experiments/28/ HTTP/1.1" 200 0
INFO 2025-09-03 11:48:40,091 basehttp "DELETE /api/experiments/experiments/28/ HTTP/1.1" 204 0
INFO 2025-09-03 11:48:40,205 basehttp "GET /api/experiments/experiments/ HTTP/1.1" 200 2627
INFO 2025-09-03 11:48:41,141 basehttp "OPTIONS /api/notices/ HTTP/1.1" 200 0
INFO 2025-09-03 11:48:41,200 basehttp "GET /api/notices/ HTTP/1.1" 200 2913
INFO 2025-09-03 11:48:43,373 basehttp "OPTIONS /api/notices/69/ HTTP/1.1" 200 0
INFO 2025-09-03 11:48:43,409 basehttp "DELETE /api/notices/69/ HTTP/1.1" 204 0
INFO 2025-09-03 11:48:43,465 basehttp "GET /api/notices/ HTTP/1.1" 200 2450
INFO 2025-09-03 11:48:44,172 basehttp "OPTIONS /api/notices/64/ HTTP/1.1" 200 0
INFO 2025-09-03 11:48:44,214 basehttp "DELETE /api/notices/64/ HTTP/1.1" 204 0
INFO 2025-09-03 11:48:44,278 basehttp "GET /api/notices/ HTTP/1.1" 200 1987
INFO 2025-09-03 11:51:26,901 basehttp "POST /api/auth/register/ HTTP/1.1" 201 47
INFO 2025-09-03 11:51:30,606 basehttp "POST /api/auth/register/ HTTP/1.1" 201 47
INFO 2025-09-03 11:51:33,058 basehttp "POST /api/auth/login/ HTTP/1.1" 200 843
INFO 2025-09-03 11:51:34,201 basehttp "POST /api/auth/login/ HTTP/1.1" 200 843
INFO 2025-09-03 11:51:35,947 basehttp "PATCH /api/auth/user/profile/ HTTP/1.1" 200 122
INFO 2025-09-03 11:51:40,326 basehttp "POST /api/auth/login/ HTTP/1.1" 200 945
INFO 2025-09-03 11:51:41,598 basehttp "POST /api/auth/login/ HTTP/1.1" 200 945
INFO 2025-09-03 11:51:42,620 basehttp "GET /api/students/ HTTP/1.1" 200 7048
INFO 2025-09-03 11:51:42,764 basehttp "GET /api/experiments/experiments/ HTTP/1.1" 200 2627
INFO 2025-09-03 11:51:52,730 basehttp "POST /api/experiments/experiments/ HTTP/1.1" 201 940
INFO 2025-09-03 11:51:52,750 basehttp "OPTIONS /api/experiments/experiments/30/ HTTP/1.1" 200 0
INFO 2025-09-03 11:51:52,805 basehttp "GET /api/experiments/experiments/30/ HTTP/1.1" 200 940
INFO 2025-09-03 11:51:52,878 basehttp "POST /api/notices/ HTTP/1.1" 201 462
INFO 2025-09-03 11:51:52,986 basehttp "POST /api/experiments/choice-problems/ HTTP/1.1" 201 195
INFO 2025-09-03 11:51:53,042 basehttp "POST /api/experiments/fill-problems/ HTTP/1.1" 201 115
INFO 2025-09-03 11:51:53,094 basehttp "POST /api/experiments/coding-problems/ HTTP/1.1" 201 156
INFO 2025-09-03 11:51:53,365 basehttp "GET /api/experiments/experiments/ HTTP/1.1" 200 4034
INFO 2025-09-03 11:51:56,310 basehttp "POST /api/auth/login/ HTTP/1.1" 200 843
INFO 2025-09-03 11:51:57,464 basehttp "POST /api/auth/login/ HTTP/1.1" 200 843
INFO 2025-09-03 11:51:58,095 basehttp "GET /api/notices/unread_count/ HTTP/1.1" 200 11
INFO 2025-09-03 11:51:58,329 basehttp "GET /api/experiments/experiments/ HTTP/1.1" 200 4034
INFO 2025-09-03 11:51:58,594 basehttp "OPTIONS /api/experiments/experiments/30/problems/ HTTP/1.1" 200 0
INFO 2025-09-03 11:51:58,641 basehttp "GET /api/experiments/experiments/30/problems/ HTTP/1.1" 200 1256
INFO 2025-09-03 11:51:59,409 basehttp "GET /api/experiments/experiments/30/coding/15/ HTTP/1.1" 200 195
INFO 2025-09-03 11:52:02,223 basehttp "POST /api/experiments/judge/ HTTP/1.1" 200 119
INFO 2025-09-03 11:52:02,576 basehttp "GET /api/experiments/experiments/30/problems/ HTTP/1.1" 200 1477
INFO 2025-09-03 11:52:03,929 basehttp "POST /submit/experiment/ HTTP/1.1" 200 402
INFO 2025-09-03 11:52:06,614 basehttp "POST /api/auth/login/ HTTP/1.1" 200 945
INFO 2025-09-03 11:52:07,728 basehttp "POST /api/auth/login/ HTTP/1.1" 200 945
INFO 2025-09-03 11:52:08,561 basehttp "GET /api/experiments/experiments/ HTTP/1.1" 200 4034
INFO 2025-09-03 11:52:08,583 basehttp "GET /api/experiments/submissions/ HTTP/1.1" 200 2236
INFO 2025-09-03 11:52:09,036 basehttp "GET /api/experiments/submissions/1/ HTTP/1.1" 200 1266
INFO 2025-09-03 11:52:09,924 basehttp "GET /api/students/ HTTP/1.1" 200 7048
INFO 2025-09-03 11:52:10,191 basehttp "GET /api/experiments/experiments/ HTTP/1.1" 200 4034
INFO 2025-09-03 11:53:16,941 basehttp "POST /api/auth/login/ HTTP/1.1" 200 945
INFO 2025-09-03 11:53:18,115 basehttp "POST /api/auth/login/ HTTP/1.1" 200 945
INFO 2025-09-03 11:53:20,518 basehttp "GET /api/students/ HTTP/1.1" 200 7048
INFO 2025-09-03 11:53:20,701 basehttp "GET /api/experiments/experiments/ HTTP/1.1" 200 4034
INFO 2025-09-03 11:53:25,247 basehttp "OPTIONS /api/experiments/experiments/30/ HTTP/1.1" 200 0
INFO 2025-09-03 11:53:25,337 basehttp "DELETE /api/experiments/experiments/30/ HTTP/1.1" 204 0
INFO 2025-09-03 11:53:25,460 basehttp "GET /api/experiments/experiments/ HTTP/1.1" 200 2627
INFO 2025-09-03 11:55:45,418 basehttp "POST /api/auth/register/ HTTP/1.1" 201 47
INFO 2025-09-03 11:55:49,042 basehttp "POST /api/auth/register/ HTTP/1.1" 201 47
INFO 2025-09-03 11:55:51,787 basehttp "POST /api/auth/login/ HTTP/1.1" 200 843
INFO 2025-09-03 11:55:53,083 basehttp "POST /api/auth/login/ HTTP/1.1" 200 843
INFO 2025-09-03 11:55:54,889 basehttp "PATCH /api/auth/user/profile/ HTTP/1.1" 200 122
INFO 2025-09-03 11:55:59,116 basehttp "POST /api/auth/login/ HTTP/1.1" 200 945
INFO 2025-09-03 11:56:00,336 basehttp "POST /api/auth/login/ HTTP/1.1" 200 945
INFO 2025-09-03 11:56:01,482 basehttp "GET /api/students/ HTTP/1.1" 200 7110
INFO 2025-09-03 11:56:01,622 basehttp "GET /api/experiments/experiments/ HTTP/1.1" 200 2627
INFO 2025-09-03 11:56:12,948 basehttp "POST /api/experiments/experiments/ HTTP/1.1" 201 944
INFO 2025-09-03 11:56:12,984 basehttp "OPTIONS /api/experiments/experiments/31/ HTTP/1.1" 200 0
INFO 2025-09-03 11:56:13,036 basehttp "GET /api/experiments/experiments/31/ HTTP/1.1" 200 944
INFO 2025-09-03 11:56:13,153 basehttp "POST /api/notices/ HTTP/1.1" 201 462
INFO 2025-09-03 11:56:13,268 basehttp "POST /api/experiments/choice-problems/ HTTP/1.1" 201 195
INFO 2025-09-03 11:56:13,307 basehttp "POST /api/experiments/fill-problems/ HTTP/1.1" 201 115
INFO 2025-09-03 11:56:13,345 basehttp "POST /api/experiments/coding-problems/ HTTP/1.1" 201 156
INFO 2025-09-03 11:56:13,625 basehttp "GET /api/experiments/experiments/ HTTP/1.1" 200 4038
INFO 2025-09-03 11:56:16,636 basehttp "POST /api/auth/login/ HTTP/1.1" 200 843
INFO 2025-09-03 11:56:17,719 basehttp "POST /api/auth/login/ HTTP/1.1" 200 843
INFO 2025-09-03 11:56:17,912 basehttp - Broken pipe from ('127.0.0.1', 59591)
INFO 2025-09-03 11:56:18,600 basehttp "GET /api/notices/unread_count/ HTTP/1.1" 200 11
INFO 2025-09-03 11:56:18,867 basehttp "GET /api/experiments/experiments/ HTTP/1.1" 200 4038
INFO 2025-09-03 11:56:19,216 basehttp "OPTIONS /api/experiments/experiments/31/problems/ HTTP/1.1" 200 0
INFO 2025-09-03 11:56:19,266 basehttp "GET /api/experiments/experiments/31/problems/ HTTP/1.1" 200 1261
INFO 2025-09-03 11:56:20,179 basehttp "GET /api/experiments/experiments/31/coding/16/ HTTP/1.1" 200 195
INFO 2025-09-03 11:56:23,589 basehttp "POST /api/experiments/judge/ HTTP/1.1" 200 119
INFO 2025-09-03 11:56:23,988 basehttp "GET /api/experiments/experiments/31/problems/ HTTP/1.1" 200 1482
INFO 2025-09-03 11:56:25,393 basehttp "POST /submit/experiment/ HTTP/1.1" 200 402
INFO 2025-09-03 11:56:28,012 basehttp "POST /api/auth/login/ HTTP/1.1" 200 945
INFO 2025-09-03 11:56:29,250 basehttp "POST /api/auth/login/ HTTP/1.1" 200 945
INFO 2025-09-03 11:56:30,094 basehttp "GET /api/experiments/experiments/ HTTP/1.1" 200 4038
INFO 2025-09-03 11:56:30,106 basehttp "GET /api/experiments/submissions/ HTTP/1.1" 200 2236
INFO 2025-09-03 11:56:30,589 basehttp "GET /api/experiments/submissions/1/ HTTP/1.1" 200 1266
INFO 2025-09-03 11:56:31,579 basehttp "GET /api/students/ HTTP/1.1" 200 7110
INFO 2025-09-03 11:56:31,794 basehttp "GET /api/experiments/experiments/ HTTP/1.1" 200 4038
INFO 2025-09-03 11:57:15,502 basehttp "OPTIONS /api/experiments/experiments/31/ HTTP/1.1" 200 0
INFO 2025-09-03 11:57:15,541 basehttp "DELETE /api/experiments/experiments/31/ HTTP/1.1" 204 0
INFO 2025-09-03 11:57:15,589 basehttp "GET /api/experiments/experiments/ HTTP/1.1" 200 2627
INFO 2025-09-03 11:58:26,753 basehttp "POST /api/auth/register/ HTTP/1.1" 201 47
INFO 2025-09-03 11:58:33,308 basehttp "POST /api/auth/register/ HTTP/1.1" 201 47
INFO 2025-09-03 11:58:38,100 basehttp "POST /api/auth/register/ HTTP/1.1" 201 47
INFO 2025-09-03 11:58:40,754 basehttp "POST /api/auth/login/ HTTP/1.1" 200 843
INFO 2025-09-03 11:58:41,267 basehttp "POST /api/auth/login/ HTTP/1.1" 200 843
INFO 2025-09-03 11:58:44,534 basehttp "PATCH /api/auth/user/profile/ HTTP/1.1" 200 122
INFO 2025-09-03 11:58:50,499 basehttp "POST /api/auth/login/ HTTP/1.1" 200 945
INFO 2025-09-03 11:58:51,116 basehttp "POST /api/auth/login/ HTTP/1.1" 200 945
INFO 2025-09-03 11:58:52,404 basehttp "GET /api/students/ HTTP/1.1" 200 7234
INFO 2025-09-03 11:58:52,513 basehttp "GET /api/experiments/experiments/ HTTP/1.1" 200 2627
INFO 2025-09-03 11:59:03,217 basehttp "POST /api/experiments/experiments/ HTTP/1.1" 201 952
INFO 2025-09-03 11:59:03,238 basehttp "OPTIONS /api/experiments/experiments/32/ HTTP/1.1" 200 0
INFO 2025-09-03 11:59:03,295 basehttp "GET /api/experiments/experiments/32/ HTTP/1.1" 200 952
INFO 2025-09-03 11:59:03,381 basehttp "POST /api/notices/ HTTP/1.1" 201 462
INFO 2025-09-03 11:59:03,499 basehttp "POST /api/experiments/choice-problems/ HTTP/1.1" 201 195
INFO 2025-09-03 11:59:03,536 basehttp "POST /api/experiments/fill-problems/ HTTP/1.1" 201 115
INFO 2025-09-03 11:59:03,575 basehttp "POST /api/experiments/coding-problems/ HTTP/1.1" 201 156
INFO 2025-09-03 11:59:03,803 basehttp "GET /api/experiments/experiments/ HTTP/1.1" 200 4046
INFO 2025-09-03 11:59:06,740 basehttp "POST /api/auth/login/ HTTP/1.1" 200 843
INFO 2025-09-03 11:59:07,867 basehttp "POST /api/auth/login/ HTTP/1.1" 200 843
INFO 2025-09-03 11:59:08,074 basehttp - Broken pipe from ('127.0.0.1', 62083)
INFO 2025-09-03 11:59:08,634 basehttp "GET /api/notices/unread_count/ HTTP/1.1" 200 11
INFO 2025-09-03 11:59:08,881 basehttp "GET /api/experiments/experiments/ HTTP/1.1" 200 4046
INFO 2025-09-03 11:59:09,155 basehttp "OPTIONS /api/experiments/experiments/32/problems/ HTTP/1.1" 200 0
INFO 2025-09-03 11:59:09,217 basehttp "GET /api/experiments/experiments/32/problems/ HTTP/1.1" 200 1271
INFO 2025-09-03 11:59:10,075 basehttp "GET /api/experiments/experiments/32/coding/17/ HTTP/1.1" 200 195
INFO 2025-09-03 11:59:12,949 basehttp "POST /api/experiments/judge/ HTTP/1.1" 200 119
INFO 2025-09-03 11:59:13,290 basehttp "GET /api/experiments/experiments/32/problems/ HTTP/1.1" 200 1492
INFO 2025-09-03 11:59:14,576 basehttp "POST /submit/experiment/ HTTP/1.1" 200 402
INFO 2025-09-03 11:59:17,229 basehttp "POST /api/auth/login/ HTTP/1.1" 200 945
INFO 2025-09-03 11:59:18,310 basehttp "POST /api/auth/login/ HTTP/1.1" 200 945
INFO 2025-09-03 11:59:19,134 basehttp "GET /api/experiments/experiments/ HTTP/1.1" 200 4046
INFO 2025-09-03 11:59:19,152 basehttp "GET /api/experiments/submissions/ HTTP/1.1" 200 2236
INFO 2025-09-03 11:59:19,524 basehttp "GET /api/experiments/submissions/1/ HTTP/1.1" 200 1266
INFO 2025-09-03 11:59:20,446 basehttp "GET /api/students/ HTTP/1.1" 200 7234
INFO 2025-09-03 11:59:20,611 basehttp "GET /api/experiments/experiments/ HTTP/1.1" 200 4046
INFO 2025-09-03 11:59:21,082 basehttp "OPTIONS /api/experiments/experiments/32/ HTTP/1.1" 200 0
INFO 2025-09-03 11:59:21,166 basehttp "DELETE /api/experiments/experiments/32/ HTTP/1.1" 204 0
INFO 2025-09-03 11:59:21,301 basehttp "GET /api/experiments/experiments/ HTTP/1.1" 200 2627
INFO 2025-09-03 12:00:32,718 basehttp "GET /api/notices/ HTTP/1.1" 200 3376
INFO 2025-09-03 12:00:34,146 basehttp "OPTIONS /api/notices/72/ HTTP/1.1" 200 0
INFO 2025-09-03 12:00:34,208 basehttp "DELETE /api/notices/72/ HTTP/1.1" 204 0
INFO 2025-09-03 12:00:34,286 basehttp "GET /api/notices/ HTTP/1.1" 200 2913
INFO 2025-09-03 12:00:35,105 basehttp "OPTIONS /api/notices/71/ HTTP/1.1" 200 0
INFO 2025-09-03 12:00:35,154 basehttp "DELETE /api/notices/71/ HTTP/1.1" 204 0
INFO 2025-09-03 12:00:35,228 basehttp "GET /api/notices/ HTTP/1.1" 200 2450
INFO 2025-09-03 12:00:36,235 basehttp "OPTIONS /api/notices/70/ HTTP/1.1" 200 0
INFO 2025-09-03 12:00:36,294 basehttp "DELETE /api/notices/70/ HTTP/1.1" 204 0
INFO 2025-09-03 12:00:36,344 basehttp "GET /api/notices/ HTTP/1.1" 200 1987
INFO 2025-09-03 12:00:44,629 basehttp "POST /api/auth/login/ HTTP/1.1" 200 832
INFO 2025-09-03 12:00:47,629 basehttp "OPTIONS /materials/ HTTP/1.1" 200 0
INFO 2025-09-03 12:00:47,662 basehttp "GET /materials/ HTTP/1.1" 200 2
INFO 2025-09-03 12:00:49,335 views 文件保存成功 - 文件名: test.pdf, 大小: 30213字节
INFO 2025-09-03 12:00:49,340 basehttp "POST /materials/ HTTP/1.1" 201 368
INFO 2025-09-03 12:00:49,425 basehttp "GET /materials/ HTTP/1.1" 200 370
INFO 2025-09-03 12:00:51,211 views 文件保存成功 - 文件名: test.docx, 大小: 12字节
INFO 2025-09-03 12:00:51,217 basehttp "POST /materials/ HTTP/1.1" 201 374
INFO 2025-09-03 12:00:51,328 basehttp "GET /materials/ HTTP/1.1" 200 745
INFO 2025-09-03 12:00:53,162 views 文件保存成功 - 文件名: test.png, 大小: 26779字节
INFO 2025-09-03 12:00:53,167 basehttp "POST /materials/ HTTP/1.1" 201 376
INFO 2025-09-03 12:00:53,289 basehttp "GET /materials/ HTTP/1.1" 200 1122
INFO 2025-09-03 12:00:54,233 basehttp "GET /media/materials/2025/09/03/test.png HTTP/1.1" 200 26779
INFO 2025-09-03 12:00:56,740 views 文件保存成功 - 文件名: test.mp4, 大小: 4852276字节
INFO 2025-09-03 12:00:56,743 basehttp "POST /materials/ HTTP/1.1" 201 378
INFO 2025-09-03 12:00:56,890 basehttp "GET /materials/ HTTP/1.1" 200 1501
INFO 2025-09-03 12:00:57,256 basehttp - Broken pipe from ('127.0.0.1', 58025)
INFO 2025-09-03 12:00:58,523 basehttp "POST /api/auth/login/ HTTP/1.1" 200 832
INFO 2025-09-03 12:01:00,561 basehttp "GET /api/notices/unread_count/ HTTP/1.1" 200 11
INFO 2025-09-03 12:01:01,255 basehttp "GET /materials/ HTTP/1.1" 200 2304
INFO 2025-09-03 12:01:01,304 basehttp "GET /media/materials/2025/09/03/test.png HTTP/1.1" 304 0
INFO 2025-09-03 12:01:01,504 basehttp "GET /media/materials/2025/09/03/test.mp4 HTTP/1.1" 200 4852276
INFO 2025-09-03 12:01:01,741 basehttp "GET /media/materials/2025/09/03/test.mp4 HTTP/1.1" 304 0
INFO 2025-09-03 12:01:01,946 basehttp "GET /media/materials/2025/09/03/test.pdf HTTP/1.1" 200 30213
WARNING 2025-09-03 12:01:02,716 log Not Found: /favicon.ico
WARNING 2025-09-03 12:01:02,720 basehttp "GET /favicon.ico HTTP/1.1" 404 6597
INFO 2025-09-03 12:01:02,784 basehttp "GET /media/materials/2025/06/08/%E5%AD%A6%E4%B9%A0%E8%B5%84%E6%96%99.mp4 HTTP/1.1" 200 22463413
INFO 2025-09-03 12:01:05,501 basehttp "GET /media/materials/2025/09/03/test.png HTTP/1.1" 200 26779
INFO 2025-09-03 12:01:08,126 basehttp "GET /media/materials/2025/09/03/test.mp4 HTTP/1.1" 200 4852276
INFO 2025-09-03 12:01:08,167 basehttp - Broken pipe from ('127.0.0.1', 59381)
INFO 2025-09-03 12:01:08,733 basehttp "GET /media/materials/2025/09/03/test.mp4 HTTP/1.1" 200 4852276
INFO 2025-09-03 12:01:09,576 basehttp - Broken pipe from ('127.0.0.1', 50590)
INFO 2025-09-03 12:01:11,297 basehttp "POST /api/auth/login/ HTTP/1.1" 200 832
INFO 2025-09-03 12:01:14,599 basehttp "GET /materials/ HTTP/1.1" 200 1501
INFO 2025-09-03 12:01:14,646 basehttp "GET /media/materials/2025/09/03/test.png HTTP/1.1" 304 0
INFO 2025-09-03 12:01:14,848 basehttp "GET /media/materials/2025/09/03/test.mp4 HTTP/1.1" 200 4852276
INFO 2025-09-03 12:01:15,064 basehttp "OPTIONS /materials/68/ HTTP/1.1" 200 0
INFO 2025-09-03 12:01:15,110 basehttp "DELETE /materials/68/ HTTP/1.1" 204 0
INFO 2025-09-03 12:01:15,169 basehttp "GET /materials/ HTTP/1.1" 200 1132
INFO 2025-09-03 12:01:15,420 basehttp - Broken pipe from ('127.0.0.1', 56901)
INFO 2025-09-03 12:01:15,959 basehttp "OPTIONS /materials/69/ HTTP/1.1" 200 0
INFO 2025-09-03 12:01:16,009 basehttp "DELETE /materials/69/ HTTP/1.1" 204 0
INFO 2025-09-03 12:01:16,118 basehttp "GET /materials/ HTTP/1.1" 200 757
INFO 2025-09-03 12:01:16,872 basehttp "OPTIONS /materials/70/ HTTP/1.1" 200 0
INFO 2025-09-03 12:01:16,915 basehttp "DELETE /materials/70/ HTTP/1.1" 204 0
INFO 2025-09-03 12:01:16,993 basehttp "GET /materials/ HTTP/1.1" 200 380
INFO 2025-09-03 12:01:17,574 basehttp "OPTIONS /materials/71/ HTTP/1.1" 200 0
INFO 2025-09-03 12:01:17,628 basehttp "DELETE /materials/71/ HTTP/1.1" 204 0
INFO 2025-09-03 12:01:17,765 basehttp "GET /materials/ HTTP/1.1" 200 2
INFO 2025-09-03 12:01:26,582 basehttp "POST /api/auth/login/ HTTP/1.1" 200 832
INFO 2025-09-03 12:01:29,073 basehttp "GET /api/notices/ HTTP/1.1" 200 1987
INFO 2025-09-03 12:01:30,540 basehttp "POST /api/notices/ HTTP/1.1" 201 278
INFO 2025-09-03 12:01:30,614 basehttp "GET /api/notices/ HTTP/1.1" 200 2266
INFO 2025-09-03 12:01:32,310 basehttp "POST /api/notices/ HTTP/1.1" 201 278
INFO 2025-09-03 12:01:32,459 basehttp "GET /api/notices/ HTTP/1.1" 200 2545
INFO 2025-09-03 12:01:35,365 basehttp "OPTIONS /api/notices/73/ HTTP/1.1" 200 0
INFO 2025-09-03 12:01:35,420 basehttp "PUT /api/notices/73/ HTTP/1.1" 200 276
INFO 2025-09-03 12:01:35,565 basehttp "GET /api/notices/ HTTP/1.1" 200 2543
INFO 2025-09-03 12:01:38,602 basehttp "POST /api/auth/login/ HTTP/1.1" 200 832
INFO 2025-09-03 12:01:40,312 basehttp "GET /api/notices/unread_count/ HTTP/1.1" 200 11
INFO 2025-09-03 12:01:41,389 basehttp "GET /api/notices/ HTTP/1.1" 200 2543
INFO 2025-09-03 12:01:41,418 basehttp "GET /api/notices/unread_count/ HTTP/1.1" 200 11
INFO 2025-09-03 12:01:41,580 basehttp "GET /api/notices/unread_count/ HTTP/1.1" 200 11
INFO 2025-09-03 12:01:43,725 basehttp "POST /api/auth/login/ HTTP/1.1" 200 832
INFO 2025-09-03 12:01:46,063 basehttp "GET /api/notices/ HTTP/1.1" 200 2543
INFO 2025-09-03 12:01:46,271 basehttp "DELETE /api/notices/73/ HTTP/1.1" 204 0
INFO 2025-09-03 12:01:46,351 basehttp "GET /api/notices/ HTTP/1.1" 200 2266
INFO 2025-09-03 12:01:46,567 basehttp "OPTIONS /api/notices/74/ HTTP/1.1" 200 0
INFO 2025-09-03 12:01:46,605 basehttp "DELETE /api/notices/74/ HTTP/1.1" 204 0
INFO 2025-09-03 12:01:46,674 basehttp "GET /api/notices/ HTTP/1.1" 200 1987
INFO 2025-09-03 12:02:04,049 basehttp "POST /api/auth/login/ HTTP/1.1" 200 832
INFO 2025-09-03 12:02:04,579 basehttp "GET /api/notices/unread_count/ HTTP/1.1" 200 11
INFO 2025-09-03 12:02:04,597 basehttp "OPTIONS /api/forum/questions/ HTTP/1.1" 200 0
INFO 2025-09-03 12:02:04,650 basehttp "GET /api/forum/questions/ HTTP/1.1" 200 631
INFO 2025-09-03 12:02:07,918 basehttp "GET /api/notices/unread_count/ HTTP/1.1" 200 11
INFO 2025-09-03 12:02:07,949 basehttp "GET /api/forum/questions/ HTTP/1.1" 200 631
INFO 2025-09-03 12:02:11,351 basehttp "GET /api/notices/unread_count/ HTTP/1.1" 200 11
INFO 2025-09-03 12:02:11,389 basehttp "GET /api/forum/questions/ HTTP/1.1" 200 631
INFO 2025-09-03 12:02:20,127 basehttp "POST /api/forum/questions/ HTTP/1.1" 201 352
INFO 2025-09-03 12:02:20,295 basehttp "GET /api/forum/questions/ HTTP/1.1" 200 984
INFO 2025-09-03 12:02:26,149 basehttp "GET /api/notices/unread_count/ HTTP/1.1" 200 11
INFO 2025-09-03 12:02:26,167 basehttp "GET /api/forum/questions/ HTTP/1.1" 200 984
INFO 2025-09-03 12:02:29,735 basehttp "GET /api/notices/unread_count/ HTTP/1.1" 200 11
INFO 2025-09-03 12:02:29,784 basehttp "GET /api/forum/questions/ HTTP/1.1" 200 984
INFO 2025-09-03 12:02:31,805 basehttp "OPTIONS /api/forum/questions/129/toggle-like/ HTTP/1.1" 200 0
INFO 2025-09-03 12:02:31,843 basehttp "PATCH /api/forum/questions/129/toggle-like/ HTTP/1.1" 200 30
INFO 2025-09-03 12:02:32,536 basehttp "PATCH /api/forum/questions/129/toggle-like/ HTTP/1.1" 200 31
INFO 2025-09-03 12:02:32,972 basehttp "OPTIONS /api/forum/questions/129/comments/ HTTP/1.1" 200 0
INFO 2025-09-03 12:02:33,007 basehttp "POST /api/forum/questions/129/comments/ HTTP/1.1" 201 165
INFO 2025-09-03 12:02:33,386 basehttp "OPTIONS /api/forum/comments/98/ HTTP/1.1" 200 0
INFO 2025-09-03 12:02:33,424 basehttp "DELETE /api/forum/comments/98/ HTTP/1.1" 204 0
INFO 2025-09-03 12:02:33,804 basehttp "OPTIONS /api/forum/questions/129/ HTTP/1.1" 200 0
INFO 2025-09-03 12:02:33,850 basehttp "DELETE /api/forum/questions/129/ HTTP/1.1" 204 0
INFO 2025-09-03 12:02:37,135 basehttp "POST /api/auth/login/ HTTP/1.1" 200 832
INFO 2025-09-03 12:02:37,630 basehttp "GET /api/forum/questions/ HTTP/1.1" 200 631
INFO 2025-09-03 12:02:41,060 basehttp "GET /api/forum/questions/ HTTP/1.1" 200 631
INFO 2025-09-03 12:02:44,356 basehttp "GET /api/forum/questions/ HTTP/1.1" 200 631
INFO 2025-09-03 12:02:47,562 basehttp "POST /api/forum/questions/ HTTP/1.1" 201 352
INFO 2025-09-03 12:02:47,710 basehttp "GET /api/forum/questions/ HTTP/1.1" 200 984
INFO 2025-09-03 12:02:53,993 basehttp "GET /api/forum/questions/ HTTP/1.1" 200 984
INFO 2025-09-03 12:02:57,089 basehttp "GET /api/forum/questions/ HTTP/1.1" 200 984
INFO 2025-09-03 12:02:59,098 basehttp "OPTIONS /api/forum/questions/130/toggle-sticky/ HTTP/1.1" 200 0
INFO 2025-09-03 12:02:59,130 basehttp "PATCH /api/forum/questions/130/toggle-sticky/ HTTP/1.1" 200 18
INFO 2025-09-03 12:02:59,751 basehttp "PATCH /api/forum/questions/130/toggle-sticky/ HTTP/1.1" 200 19
INFO 2025-09-03 12:02:59,917 basehttp "OPTIONS /api/forum/questions/130/toggle-like/ HTTP/1.1" 200 0
INFO 2025-09-03 12:02:59,971 basehttp "PATCH /api/forum/questions/130/toggle-like/ HTTP/1.1" 200 30
INFO 2025-09-03 12:03:00,587 basehttp "PATCH /api/forum/questions/130/toggle-like/ HTTP/1.1" 200 31
INFO 2025-09-03 12:03:01,000 basehttp "OPTIONS /api/forum/questions/130/comments/ HTTP/1.1" 200 0
INFO 2025-09-03 12:03:01,039 basehttp "POST /api/forum/questions/130/comments/ HTTP/1.1" 201 165
INFO 2025-09-03 12:03:01,378 basehttp "OPTIONS /api/forum/comments/99/ HTTP/1.1" 200 0
INFO 2025-09-03 12:03:01,419 basehttp "DELETE /api/forum/comments/99/ HTTP/1.1" 204 0
INFO 2025-09-03 12:03:01,645 basehttp "OPTIONS /api/forum/questions/130/ HTTP/1.1" 200 0
INFO 2025-09-03 12:03:01,699 basehttp "DELETE /api/forum/questions/130/ HTTP/1.1" 204 0
INFO 2025-09-03 12:03:04,208 basehttp "GET /api/forum/questions/ HTTP/1.1" 200 631
INFO 2025-09-03 16:45:06,165 basehttp "OPTIONS /api/students/ HTTP/1.1" 200 0
WARNING 2025-09-03 16:45:06,236 log Unauthorized: /api/students/
WARNING 2025-09-03 16:45:06,236 basehttp "GET /api/students/ HTTP/1.1" 401 623
INFO 2025-09-03 16:45:06,267 basehttp "OPTIONS /api/experiments/experiments/ HTTP/1.1" 200 0
WARNING 2025-09-03 16:45:06,269 log Unauthorized: /api/experiments/experiments/
WARNING 2025-09-03 16:45:06,269 basehttp "GET /api/experiments/experiments/ HTTP/1.1" 401 623
WARNING 2025-09-03 17:21:50,799 log Unauthorized: /api/auth/user/profile/
WARNING 2025-09-03 17:21:50,799 basehttp "GET /api/auth/user/profile/ HTTP/1.1" 401 96
INFO 2025-09-03 17:29:59,819 basehttp "POST /api/auth/login/ HTTP/1.1" 200 832
INFO 2025-09-03 17:30:04,218 basehttp "OPTIONS /api/notices/unread_count/ HTTP/1.1" 200 0
INFO 2025-09-03 17:30:04,229 basehttp "OPTIONS /api/forum/questions/ HTTP/1.1" 200 0
INFO 2025-09-03 17:30:04,335 basehttp "GET /api/notices/unread_count/ HTTP/1.1" 200 11
INFO 2025-09-03 17:30:04,376 basehttp "GET /api/forum/questions/ HTTP/1.1" 200 631
INFO 2025-09-03 17:30:07,489 basehttp "GET /api/notices/unread_count/ HTTP/1.1" 200 11
INFO 2025-09-03 17:30:07,514 basehttp "GET /api/forum/questions/ HTTP/1.1" 200 631
INFO 2025-09-03 17:30:11,127 basehttp "GET /api/notices/unread_count/ HTTP/1.1" 200 11
INFO 2025-09-03 17:30:11,168 basehttp "GET /api/forum/questions/ HTTP/1.1" 200 631
INFO 2025-09-03 17:30:20,032 basehttp "POST /api/forum/questions/ HTTP/1.1" 201 352
INFO 2025-09-03 17:30:20,303 basehttp "GET /api/forum/questions/ HTTP/1.1" 200 984
INFO 2025-09-03 17:30:26,733 basehttp "GET /api/notices/unread_count/ HTTP/1.1" 200 11
INFO 2025-09-03 17:30:26,775 basehttp "GET /api/forum/questions/ HTTP/1.1" 200 984
INFO 2025-09-03 17:30:30,376 basehttp "GET /api/notices/unread_count/ HTTP/1.1" 200 11
INFO 2025-09-03 17:30:30,418 basehttp "GET /api/forum/questions/ HTTP/1.1" 200 984
INFO 2025-09-03 17:30:32,211 basehttp "OPTIONS /api/forum/questions/131/toggle-like/ HTTP/1.1" 200 0
INFO 2025-09-03 17:30:32,282 basehttp "PATCH /api/forum/questions/131/toggle-like/ HTTP/1.1" 200 30
INFO 2025-09-03 17:30:33,011 basehttp "PATCH /api/forum/questions/131/toggle-like/ HTTP/1.1" 200 31
INFO 2025-09-03 17:30:33,644 basehttp "OPTIONS /api/forum/questions/131/comments/ HTTP/1.1" 200 0
INFO 2025-09-03 17:30:33,714 basehttp "POST /api/forum/questions/131/comments/ HTTP/1.1" 201 166
INFO 2025-09-03 17:30:34,166 basehttp "OPTIONS /api/forum/comments/100/ HTTP/1.1" 200 0
INFO 2025-09-03 17:30:34,233 basehttp "DELETE /api/forum/comments/100/ HTTP/1.1" 204 0
INFO 2025-09-03 17:30:34,730 basehttp "OPTIONS /api/forum/questions/131/ HTTP/1.1" 200 0
INFO 2025-09-03 17:30:34,812 basehttp "DELETE /api/forum/questions/131/ HTTP/1.1" 204 0
INFO 2025-09-03 17:30:39,007 basehttp "POST /api/auth/login/ HTTP/1.1" 200 832
INFO 2025-09-03 17:30:40,062 basehttp "GET /api/forum/questions/ HTTP/1.1" 200 631
INFO 2025-09-03 17:30:43,667 basehttp "GET /api/forum/questions/ HTTP/1.1" 200 631
INFO 2025-09-03 17:30:47,197 basehttp "GET /api/forum/questions/ HTTP/1.1" 200 631
INFO 2025-09-03 17:30:50,046 basehttp "POST /api/forum/questions/ HTTP/1.1" 201 352
INFO 2025-09-03 17:30:50,113 basehttp "GET /api/forum/questions/ HTTP/1.1" 200 984
INFO 2025-09-03 17:30:55,440 basehttp "GET /api/forum/questions/ HTTP/1.1" 200 984
INFO 2025-09-03 17:30:58,671 basehttp "GET /api/forum/questions/ HTTP/1.1" 200 984
INFO 2025-09-03 17:31:00,646 basehttp "OPTIONS /api/forum/questions/132/toggle-sticky/ HTTP/1.1" 200 0
INFO 2025-09-03 17:31:00,670 basehttp "PATCH /api/forum/questions/132/toggle-sticky/ HTTP/1.1" 200 18
INFO 2025-09-03 17:31:01,244 basehttp "PATCH /api/forum/questions/132/toggle-sticky/ HTTP/1.1" 200 19
INFO 2025-09-03 17:31:01,303 basehttp "OPTIONS /api/forum/questions/132/toggle-like/ HTTP/1.1" 200 0
INFO 2025-09-03 17:31:01,329 basehttp "PATCH /api/forum/questions/132/toggle-like/ HTTP/1.1" 200 30
INFO 2025-09-03 17:31:01,904 basehttp "PATCH /api/forum/questions/132/toggle-like/ HTTP/1.1" 200 31
INFO 2025-09-03 17:31:02,208 basehttp "OPTIONS /api/forum/questions/132/comments/ HTTP/1.1" 200 0
INFO 2025-09-03 17:31:02,243 basehttp "POST /api/forum/questions/132/comments/ HTTP/1.1" 201 166
INFO 2025-09-03 17:31:02,357 basehttp "OPTIONS /api/forum/comments/101/ HTTP/1.1" 200 0
INFO 2025-09-03 17:31:02,389 basehttp "DELETE /api/forum/comments/101/ HTTP/1.1" 204 0
INFO 2025-09-03 17:31:02,474 basehttp "OPTIONS /api/forum/questions/132/ HTTP/1.1" 200 0
INFO 2025-09-03 17:31:02,508 basehttp "DELETE /api/forum/questions/132/ HTTP/1.1" 204 0
INFO 2025-09-03 17:31:11,429 basehttp "OPTIONS /api/auth/register/ HTTP/1.1" 200 0
INFO 2025-09-03 17:31:12,063 basehttp "POST /api/auth/register/ HTTP/1.1" 201 47
INFO 2025-09-03 17:31:14,709 basehttp "POST /api/auth/register/ HTTP/1.1" 201 47
INFO 2025-09-03 17:31:15,685 basehttp "OPTIONS /api/auth/login/ HTTP/1.1" 200 0
INFO 2025-09-03 17:31:16,335 basehttp "POST /api/auth/login/ HTTP/1.1" 200 843
INFO 2025-09-03 17:31:17,122 basehttp "POST /api/auth/login/ HTTP/1.1" 200 843
INFO 2025-09-03 17:31:19,019 basehttp "OPTIONS /api/auth/user/profile/ HTTP/1.1" 200 0
INFO 2025-09-03 17:31:19,072 basehttp "PATCH /api/auth/user/profile/ HTTP/1.1" 200 122
INFO 2025-09-03 17:31:22,885 basehttp "POST /api/auth/login/ HTTP/1.1" 200 945
INFO 2025-09-03 17:31:23,591 basehttp "POST /api/auth/login/ HTTP/1.1" 200 945
INFO 2025-09-03 17:31:24,783 basehttp "OPTIONS /api/students/ HTTP/1.1" 200 0
INFO 2025-09-03 17:31:25,138 basehttp "GET /api/students/ HTTP/1.1" 200 7296
INFO 2025-09-03 17:31:25,240 basehttp "OPTIONS /api/experiments/experiments/ HTTP/1.1" 200 0
INFO 2025-09-03 17:31:25,351 basehttp "GET /api/experiments/experiments/ HTTP/1.1" 200 2627
INFO 2025-09-03 17:31:32,699 basehttp "POST /api/experiments/experiments/ HTTP/1.1" 201 956
INFO 2025-09-03 17:31:32,745 basehttp "OPTIONS /api/experiments/experiments/33/ HTTP/1.1" 200 0
INFO 2025-09-03 17:31:32,800 basehttp "GET /api/experiments/experiments/33/ HTTP/1.1" 200 956
INFO 2025-09-03 17:31:32,891 basehttp "OPTIONS /api/notices/ HTTP/1.1" 200 0
INFO 2025-09-03 17:31:32,936 basehttp "POST /api/notices/ HTTP/1.1" 201 462
INFO 2025-09-03 17:31:33,002 basehttp "OPTIONS /api/experiments/choice-problems/ HTTP/1.1" 200 0
INFO 2025-09-03 17:31:33,021 basehttp "OPTIONS /api/experiments/coding-problems/ HTTP/1.1" 200 0
INFO 2025-09-03 17:31:33,021 basehttp "OPTIONS /api/experiments/fill-problems/ HTTP/1.1" 200 0
INFO 2025-09-03 17:31:33,063 basehttp "POST /api/experiments/choice-problems/ HTTP/1.1" 201 195
INFO 2025-09-03 17:31:33,076 basehttp "POST /api/experiments/fill-problems/ HTTP/1.1" 201 115
INFO 2025-09-03 17:31:33,093 basehttp "POST /api/experiments/coding-problems/ HTTP/1.1" 201 156
INFO 2025-09-03 17:31:33,330 basehttp "GET /api/experiments/experiments/ HTTP/1.1" 200 4050
INFO 2025-09-03 17:31:35,420 basehttp "POST /api/auth/login/ HTTP/1.1" 200 843
INFO 2025-09-03 17:31:36,085 basehttp "POST /api/auth/login/ HTTP/1.1" 200 843
INFO 2025-09-03 17:31:36,520 basehttp "OPTIONS /api/notices/unread_count/ HTTP/1.1" 200 0
INFO 2025-09-03 17:31:36,545 basehttp "GET /api/notices/unread_count/ HTTP/1.1" 200 11
INFO 2025-09-03 17:31:36,797 basehttp "GET /api/experiments/experiments/ HTTP/1.1" 200 4050
INFO 2025-09-03 17:31:37,150 basehttp "OPTIONS /api/experiments/experiments/33/problems/ HTTP/1.1" 200 0
INFO 2025-09-03 17:31:37,232 basehttp "GET /api/experiments/experiments/33/problems/ HTTP/1.1" 200 1276
INFO 2025-09-03 17:31:38,333 basehttp "GET /api/experiments/experiments/33/coding/18/ HTTP/1.1" 200 195
INFO 2025-09-03 17:31:45,500 basehttp "POST /api/experiments/judge/ HTTP/1.1" 200 119
INFO 2025-09-03 17:31:46,304 basehttp "GET /api/experiments/experiments/33/problems/ HTTP/1.1" 200 1497
INFO 2025-09-03 17:31:46,534 basehttp "OPTIONS /submit/experiment/ HTTP/1.1" 200 0
INFO 2025-09-03 17:31:47,745 basehttp "POST /submit/experiment/ HTTP/1.1" 200 402
INFO 2025-09-03 17:31:51,045 basehttp "POST /api/auth/login/ HTTP/1.1" 200 945
INFO 2025-09-03 17:31:52,311 basehttp "POST /api/auth/login/ HTTP/1.1" 200 945
INFO 2025-09-03 17:31:53,896 basehttp "OPTIONS /api/experiments/submissions/ HTTP/1.1" 200 0
INFO 2025-09-03 17:31:54,104 basehttp "GET /api/experiments/experiments/ HTTP/1.1" 200 4050
INFO 2025-09-03 17:31:54,109 basehttp "GET /api/experiments/submissions/ HTTP/1.1" 200 2236
INFO 2025-09-03 17:31:54,843 basehttp "GET /api/experiments/submissions/1/ HTTP/1.1" 200 1266
INFO 2025-09-03 17:31:56,001 basehttp "GET /api/students/ HTTP/1.1" 200 7296
INFO 2025-09-03 17:31:56,381 basehttp "GET /api/experiments/experiments/ HTTP/1.1" 200 4050
INFO 2025-09-03 17:31:57,029 basehttp "OPTIONS /api/experiments/experiments/33/ HTTP/1.1" 200 0
INFO 2025-09-03 17:31:57,128 basehttp "DELETE /api/experiments/experiments/33/ HTTP/1.1" 204 0
INFO 2025-09-03 17:31:57,258 basehttp "GET /api/experiments/experiments/ HTTP/1.1" 200 2627
INFO 2025-09-03 17:32:03,776 basehttp "POST /api/auth/login/ HTTP/1.1" 200 832
INFO 2025-09-03 17:32:08,328 basehttp "OPTIONS /materials/ HTTP/1.1" 200 0
INFO 2025-09-03 17:32:08,356 basehttp "GET /materials/ HTTP/1.1" 200 2
INFO 2025-09-03 17:32:10,030 views 文件保存成功 - 文件名: test.pdf, 大小: 30213字节
INFO 2025-09-03 17:32:10,036 basehttp "POST /materials/ HTTP/1.1" 201 368
INFO 2025-09-03 17:32:10,145 basehttp "GET /materials/ HTTP/1.1" 200 370
INFO 2025-09-03 17:32:11,779 views 文件保存成功 - 文件名: test.docx, 大小: 12字节
INFO 2025-09-03 17:32:11,781 basehttp "POST /materials/ HTTP/1.1" 201 374
INFO 2025-09-03 17:32:11,809 basehttp "GET /materials/ HTTP/1.1" 200 745
INFO 2025-09-03 17:32:13,165 views 文件保存成功 - 文件名: test.png, 大小: 26779字节
INFO 2025-09-03 17:32:13,175 basehttp "POST /materials/ HTTP/1.1" 201 376
INFO 2025-09-03 17:32:13,245 basehttp "GET /materials/ HTTP/1.1" 200 1122
INFO 2025-09-03 17:32:13,632 basehttp "GET /media/materials/2025/09/03/test.png HTTP/1.1" 200 26779
INFO 2025-09-03 17:32:15,882 views 文件保存成功 - 文件名: test.mp4, 大小: 4852276字节
INFO 2025-09-03 17:32:15,884 basehttp "POST /materials/ HTTP/1.1" 201 378
INFO 2025-09-03 17:32:15,944 basehttp "GET /materials/ HTTP/1.1" 200 1501
INFO 2025-09-03 17:32:16,251 basehttp - Broken pipe from ('127.0.0.1', 59145)
INFO 2025-09-03 17:32:17,045 basehttp "POST /api/auth/login/ HTTP/1.1" 200 832
INFO 2025-09-03 17:32:17,820 basehttp "OPTIONS /api/notices/unread_count/ HTTP/1.1" 200 0
INFO 2025-09-03 17:32:18,185 basehttp - Broken pipe from ('127.0.0.1', 59217)
INFO 2025-09-03 17:32:18,793 basehttp "GET /api/notices/unread_count/ HTTP/1.1" 200 11
INFO 2025-09-03 17:32:19,604 basehttp "GET /materials/ HTTP/1.1" 200 2304
INFO 2025-09-03 17:32:19,689 basehttp "GET /media/materials/2025/09/03/test.png HTTP/1.1" 304 0
INFO 2025-09-03 17:32:20,104 basehttp "GET /media/materials/2025/09/03/test.mp4 HTTP/1.1" 200 4852276
INFO 2025-09-03 17:32:20,119 basehttp "GET /media/materials/2025/09/03/test.pdf HTTP/1.1" 200 30213
INFO 2025-09-03 17:32:21,745 basehttp "GET /media/materials/2025/06/08/%E5%AD%A6%E4%B9%A0%E8%B5%84%E6%96%99.mp4 HTTP/1.1" 200 22463413
INFO 2025-09-03 17:32:22,866 basehttp "GET /media/materials/2025/09/03/test.png HTTP/1.1" 200 26779
INFO 2025-09-03 17:32:24,168 basehttp "GET /media/materials/2025/09/03/test.mp4 HTTP/1.1" 200 4852276
INFO 2025-09-03 17:32:24,332 basehttp - Broken pipe from ('127.0.0.1', 50472)
INFO 2025-09-03 17:32:24,577 basehttp "GET /media/materials/2025/09/03/test.mp4 HTTP/1.1" 200 4852276
INFO 2025-09-03 17:32:25,267 basehttp "GET /media/materials/2025/09/03/test.mp4 HTTP/1.1" 200 4852276
INFO 2025-09-03 17:32:25,270 basehttp - Broken pipe from ('127.0.0.1', 50923)
INFO 2025-09-03 17:32:26,744 basehttp "POST /api/auth/login/ HTTP/1.1" 200 832
INFO 2025-09-03 17:32:29,835 basehttp "GET /materials/ HTTP/1.1" 200 1501
INFO 2025-09-03 17:32:29,876 basehttp "GET /media/materials/2025/09/03/test.png HTTP/1.1" 304 0
INFO 2025-09-03 17:32:30,087 basehttp "GET /media/materials/2025/09/03/test.mp4 HTTP/1.1" 200 4852276
INFO 2025-09-03 17:32:30,128 basehttp "OPTIONS /materials/72/ HTTP/1.1" 200 0
INFO 2025-09-03 17:32:30,171 basehttp "DELETE /materials/72/ HTTP/1.1" 204 0
INFO 2025-09-03 17:32:30,235 basehttp "GET /materials/ HTTP/1.1" 200 1132
INFO 2025-09-03 17:32:30,505 basehttp - Broken pipe from ('127.0.0.1', 50482)
INFO 2025-09-03 17:32:30,577 basehttp "OPTIONS /materials/73/ HTTP/1.1" 200 0
INFO 2025-09-03 17:32:30,615 basehttp "DELETE /materials/73/ HTTP/1.1" 204 0
INFO 2025-09-03 17:32:30,691 basehttp "GET /materials/ HTTP/1.1" 200 757
INFO 2025-09-03 17:32:31,134 basehttp "OPTIONS /materials/74/ HTTP/1.1" 200 0
INFO 2025-09-03 17:32:31,174 basehttp "DELETE /materials/74/ HTTP/1.1" 204 0
INFO 2025-09-03 17:32:31,316 basehttp "GET /materials/ HTTP/1.1" 200 380
INFO 2025-09-03 17:32:31,706 basehttp "OPTIONS /materials/75/ HTTP/1.1" 200 0
INFO 2025-09-03 17:32:31,747 basehttp "DELETE /materials/75/ HTTP/1.1" 204 0
INFO 2025-09-03 17:32:31,809 basehttp "GET /materials/ HTTP/1.1" 200 2
INFO 2025-09-03 17:32:36,778 basehttp "POST /api/auth/login/ HTTP/1.1" 200 832
INFO 2025-09-03 17:32:40,967 basehttp "OPTIONS /api/notices/ HTTP/1.1" 200 0
INFO 2025-09-03 17:32:41,034 basehttp "GET /api/notices/ HTTP/1.1" 200 2450
INFO 2025-09-03 17:32:42,771 basehttp "POST /api/notices/ HTTP/1.1" 201 278
INFO 2025-09-03 17:32:42,831 basehttp "GET /api/notices/ HTTP/1.1" 200 2729
INFO 2025-09-03 17:32:44,275 basehttp "POST /api/notices/ HTTP/1.1" 201 278
INFO 2025-09-03 17:32:44,419 basehttp "GET /api/notices/ HTTP/1.1" 200 3008
INFO 2025-09-03 17:32:45,807 basehttp "OPTIONS /api/notices/76/ HTTP/1.1" 200 0
INFO 2025-09-03 17:32:45,861 basehttp "PUT /api/notices/76/ HTTP/1.1" 200 276
INFO 2025-09-03 17:32:45,955 basehttp "GET /api/notices/ HTTP/1.1" 200 3006
INFO 2025-09-03 17:32:47,707 basehttp "POST /api/auth/login/ HTTP/1.1" 200 832
INFO 2025-09-03 17:32:48,808 basehttp "OPTIONS /api/notices/unread_count/ HTTP/1.1" 200 0
INFO 2025-09-03 17:32:49,129 basehttp "GET /api/notices/unread_count/ HTTP/1.1" 200 11
INFO 2025-09-03 17:32:50,162 basehttp "GET /api/notices/ HTTP/1.1" 200 3006
INFO 2025-09-03 17:32:50,179 basehttp "GET /api/notices/unread_count/ HTTP/1.1" 200 11
INFO 2025-09-03 17:32:50,227 basehttp "GET /api/notices/unread_count/ HTTP/1.1" 200 11
INFO 2025-09-03 17:32:51,468 basehttp "POST /api/auth/login/ HTTP/1.1" 200 832
INFO 2025-09-03 17:32:53,712 basehttp "GET /api/notices/ HTTP/1.1" 200 3006
INFO 2025-09-03 17:32:53,880 basehttp "DELETE /api/notices/76/ HTTP/1.1" 204 0
INFO 2025-09-03 17:32:53,958 basehttp "GET /api/notices/ HTTP/1.1" 200 2729
INFO 2025-09-03 17:32:54,091 basehttp "OPTIONS /api/notices/77/ HTTP/1.1" 200 0
INFO 2025-09-03 17:32:54,135 basehttp "DELETE /api/notices/77/ HTTP/1.1" 204 0
INFO 2025-09-03 17:32:54,234 basehttp "GET /api/notices/ HTTP/1.1" 200 2450
INFO 2025-09-03 20:23:23,309 basehttp "POST /api/auth/login/ HTTP/1.1" 200 832
INFO 2025-09-03 20:23:23,413 basehttp "GET /api/forum/questions/ HTTP/1.1" 200 631
INFO 2025-09-03 20:23:25,256 basehttp "OPTIONS /api/notices/unread_count/ HTTP/1.1" 200 0
INFO 2025-09-03 20:23:25,259 basehttp "OPTIONS /api/forum/questions/ HTTP/1.1" 200 0
WARNING 2025-09-03 20:23:25,279 log Unauthorized: /api/notices/unread_count/
WARNING 2025-09-03 20:23:25,282 log Unauthorized: /api/forum/questions/
WARNING 2025-09-03 20:23:25,284 basehttp "GET /api/notices/unread_count/ HTTP/1.1" 401 366
WARNING 2025-09-03 20:23:25,285 basehttp "GET /api/forum/questions/ HTTP/1.1" 401 366
INFO 2025-09-03 20:23:34,585 basehttp "POST /api/auth/login/ HTTP/1.1" 200 832
INFO 2025-09-03 20:23:34,640 basehttp "GET /api/forum/questions/ HTTP/1.1" 200 631
WARNING 2025-09-03 20:23:35,042 log Unauthorized: /api/forum/questions/
WARNING 2025-09-03 20:23:35,044 basehttp "GET /api/forum/questions/ HTTP/1.1" 401 366
WARNING 2025-09-03 20:23:38,358 log Unauthorized: /api/forum/questions/
WARNING 2025-09-03 20:23:38,359 basehttp "GET /api/forum/questions/ HTTP/1.1" 401 366
WARNING 2025-09-03 20:23:41,582 log Unauthorized: /api/forum/questions/
WARNING 2025-09-03 20:23:41,585 basehttp "GET /api/forum/questions/ HTTP/1.1" 401 366
WARNING 2025-09-03 20:23:44,849 log Unauthorized: /api/forum/questions/
WARNING 2025-09-03 20:23:44,853 basehttp "POST /api/forum/questions/ HTTP/1.1" 401 366
INFO 2025-09-03 20:26:32,746 basehttp "POST /api/auth/login/ HTTP/1.1" 200 832
INFO 2025-09-03 20:26:32,827 basehttp "GET /api/forum/questions/ HTTP/1.1" 200 631
WARNING 2025-09-03 20:26:33,992 log Unauthorized: /api/notices/unread_count/
WARNING 2025-09-03 20:26:33,993 basehttp "GET /api/notices/unread_count/ HTTP/1.1" 401 366
WARNING 2025-09-03 20:26:33,995 log Unauthorized: /api/forum/questions/
WARNING 2025-09-03 20:26:34,000 basehttp "GET /api/forum/questions/ HTTP/1.1" 401 366
INFO 2025-09-03 20:26:40,049 basehttp "POST /api/auth/login/ HTTP/1.1" 200 832
INFO 2025-09-03 20:26:40,119 basehttp "GET /api/forum/questions/ HTTP/1.1" 200 631
WARNING 2025-09-03 20:26:40,549 log Unauthorized: /api/forum/questions/
WARNING 2025-09-03 20:26:40,552 basehttp "GET /api/forum/questions/ HTTP/1.1" 401 366
WARNING 2025-09-03 20:26:43,751 log Unauthorized: /api/forum/questions/
WARNING 2025-09-03 20:26:43,753 basehttp "GET /api/forum/questions/ HTTP/1.1" 401 366
WARNING 2025-09-03 20:26:48,569 log Unauthorized: /api/forum/questions/
WARNING 2025-09-03 20:26:48,571 basehttp "POST /api/forum/questions/ HTTP/1.1" 401 366
INFO 2025-09-03 20:27:12,486 basehttp "POST /api/auth/login/ HTTP/1.1" 200 832
INFO 2025-09-03 20:27:12,575 basehttp "GET /api/forum/questions/ HTTP/1.1" 200 631
WARNING 2025-09-03 20:27:13,878 log Unauthorized: /api/notices/unread_count/
WARNING 2025-09-03 20:27:13,878 basehttp "GET /api/notices/unread_count/ HTTP/1.1" 401 366
WARNING 2025-09-03 20:27:13,878 log Unauthorized: /api/forum/questions/
WARNING 2025-09-03 20:27:13,878 basehttp "GET /api/forum/questions/ HTTP/1.1" 401 366
INFO 2025-09-03 20:27:20,178 basehttp "POST /api/auth/login/ HTTP/1.1" 200 832
INFO 2025-09-03 20:27:20,253 basehttp "GET /api/forum/questions/ HTTP/1.1" 200 631
WARNING 2025-09-03 20:27:20,695 log Unauthorized: /api/forum/questions/
WARNING 2025-09-03 20:27:20,700 basehttp "GET /api/forum/questions/ HTTP/1.1" 401 366
WARNING 2025-09-03 20:27:24,157 log Unauthorized: /api/forum/questions/
WARNING 2025-09-03 20:27:24,157 basehttp "GET /api/forum/questions/ HTTP/1.1" 401 366
WARNING 2025-09-03 20:27:27,402 log Unauthorized: /api/forum/questions/
WARNING 2025-09-03 20:27:27,403 basehttp "POST /api/forum/questions/ HTTP/1.1" 401 366
INFO 2025-09-03 20:29:49,129 basehttp "POST /api/auth/login/ HTTP/1.1" 200 832
INFO 2025-09-03 20:29:49,205 basehttp "GET /api/forum/questions/ HTTP/1.1" 200 631
WARNING 2025-09-03 20:29:50,407 log Unauthorized: /api/notices/unread_count/
WARNING 2025-09-03 20:29:50,407 basehttp "GET /api/notices/unread_count/ HTTP/1.1" 401 366
INFO 2025-09-03 20:29:56,431 basehttp "POST /api/auth/login/ HTTP/1.1" 200 832
INFO 2025-09-03 20:29:56,502 basehttp "GET /api/forum/questions/ HTTP/1.1" 200 631
WARNING 2025-09-03 20:29:59,098 log Unauthorized: /api/forum/questions/
WARNING 2025-09-03 20:29:59,099 basehttp "GET /api/forum/questions/ HTTP/1.1" 401 366
INFO 2025-09-03 20:30:00,515 basehttp "POST /api/auth/login/ HTTP/1.1" 200 832
INFO 2025-09-03 20:30:00,607 basehttp "GET /api/forum/questions/ HTTP/1.1" 200 631
WARNING 2025-09-03 20:30:01,518 log Unauthorized: /api/notices/unread_count/
WARNING 2025-09-03 20:30:01,518 basehttp "GET /api/notices/unread_count/ HTTP/1.1" 401 366
INFO 2025-09-03 20:30:07,553 basehttp "POST /api/auth/login/ HTTP/1.1" 200 832
INFO 2025-09-03 20:30:07,628 basehttp "GET /api/forum/questions/ HTTP/1.1" 200 631
WARNING 2025-09-03 20:30:09,796 log Unauthorized: /api/forum/questions/
WARNING 2025-09-03 20:30:09,800 basehttp "GET /api/forum/questions/ HTTP/1.1" 401 366
WARNING 2025-09-03 20:30:11,733 log Unauthorized: /api/forum/questions/
WARNING 2025-09-03 20:30:11,734 basehttp "GET /api/forum/questions/ HTTP/1.1" 401 366
WARNING 2025-09-03 20:30:14,034 log Unauthorized: /api/forum/questions/
WARNING 2025-09-03 20:30:14,035 basehttp "POST /api/forum/questions/ HTTP/1.1" 401 366
INFO 2025-09-03 20:32:20,892 basehttp "POST /api/auth/login/ HTTP/1.1" 200 832
INFO 2025-09-03 20:32:20,963 basehttp "GET /api/forum/questions/ HTTP/1.1" 200 631
INFO 2025-09-03 20:32:22,211 basehttp "GET /api/notices/unread_count/ HTTP/1.1" 200 11
INFO 2025-09-03 20:32:23,550 basehttp "GET /api/notices/unread_count/ HTTP/1.1" 200 11
INFO 2025-09-03 20:32:23,567 basehttp "GET /api/forum/questions/ HTTP/1.1" 200 631
INFO 2025-09-03 20:32:26,387 basehttp "GET /api/notices/unread_count/ HTTP/1.1" 200 11
INFO 2025-09-03 20:32:26,403 basehttp "GET /api/forum/questions/ HTTP/1.1" 200 631
INFO 2025-09-03 20:32:34,816 basehttp "POST /api/forum/questions/ HTTP/1.1" 201 352
INFO 2025-09-03 20:32:34,983 basehttp "GET /api/forum/questions/ HTTP/1.1" 200 984
INFO 2025-09-03 20:32:41,497 basehttp "GET /api/notices/unread_count/ HTTP/1.1" 200 11
INFO 2025-09-03 20:32:41,542 basehttp "GET /api/forum/questions/ HTTP/1.1" 200 984
INFO 2025-09-03 20:32:43,343 basehttp "POST /api/auth/login/ HTTP/1.1" 200 832
INFO 2025-09-03 20:32:43,449 basehttp "GET /api/forum/questions/ HTTP/1.1" 200 984
INFO 2025-09-03 20:32:44,338 basehttp "GET /api/notices/unread_count/ HTTP/1.1" 200 11
INFO 2025-09-03 20:32:45,886 basehttp "GET /api/notices/unread_count/ HTTP/1.1" 200 11
INFO 2025-09-03 20:32:45,915 basehttp "GET /api/forum/questions/ HTTP/1.1" 200 984
INFO 2025-09-03 20:32:48,505 basehttp "GET /api/notices/unread_count/ HTTP/1.1" 200 11
INFO 2025-09-03 20:32:48,529 basehttp "GET /api/forum/questions/ HTTP/1.1" 200 984
INFO 2025-09-03 20:32:56,141 basehttp "POST /api/forum/questions/ HTTP/1.1" 201 352
INFO 2025-09-03 20:32:56,282 basehttp "GET /api/forum/questions/ HTTP/1.1" 200 1337
INFO 2025-09-03 20:33:02,187 basehttp "GET /api/notices/unread_count/ HTTP/1.1" 200 11
INFO 2025-09-03 20:33:02,254 basehttp "GET /api/forum/questions/ HTTP/1.1" 200 1337
INFO 2025-09-03 20:33:05,516 basehttp "GET /api/notices/unread_count/ HTTP/1.1" 200 11
INFO 2025-09-03 20:33:05,566 basehttp "GET /api/forum/questions/ HTTP/1.1" 200 1337
INFO 2025-09-03 20:33:07,635 basehttp "OPTIONS /api/forum/questions/134/toggle-like/ HTTP/1.1" 200 0
INFO 2025-09-03 20:33:07,672 basehttp "PATCH /api/forum/questions/134/toggle-like/ HTTP/1.1" 200 30
INFO 2025-09-03 20:33:08,407 basehttp "PATCH /api/forum/questions/134/toggle-like/ HTTP/1.1" 200 31
INFO 2025-09-03 20:33:08,796 basehttp "OPTIONS /api/forum/questions/134/comments/ HTTP/1.1" 200 0
INFO 2025-09-03 20:33:08,824 basehttp "POST /api/forum/questions/134/comments/ HTTP/1.1" 201 166
INFO 2025-09-03 20:33:09,081 basehttp "OPTIONS /api/forum/comments/102/ HTTP/1.1" 200 0
INFO 2025-09-03 20:33:09,121 basehttp "DELETE /api/forum/comments/102/ HTTP/1.1" 204 0
INFO 2025-09-03 20:33:09,387 basehttp "OPTIONS /api/forum/questions/134/ HTTP/1.1" 200 0
INFO 2025-09-03 20:33:09,432 basehttp "DELETE /api/forum/questions/134/ HTTP/1.1" 204 0
INFO 2025-09-03 20:33:12,554 basehttp "POST /api/auth/login/ HTTP/1.1" 200 832
INFO 2025-09-03 20:33:12,633 basehttp "GET /api/forum/questions/ HTTP/1.1" 200 984
INFO 2025-09-03 20:33:15,238 basehttp "GET /api/forum/questions/ HTTP/1.1" 200 984
INFO 2025-09-03 20:33:17,858 basehttp "GET /api/forum/questions/ HTTP/1.1" 200 984
INFO 2025-09-03 20:33:21,357 basehttp "POST /api/forum/questions/ HTTP/1.1" 201 352
INFO 2025-09-03 20:33:21,660 basehttp "GET /api/forum/questions/ HTTP/1.1" 200 1337
INFO 2025-09-03 20:33:28,501 basehttp "GET /api/forum/questions/ HTTP/1.1" 200 1337
INFO 2025-09-03 20:33:32,066 basehttp "GET /api/forum/questions/ HTTP/1.1" 200 1337
INFO 2025-09-03 20:33:34,433 basehttp "OPTIONS /api/forum/questions/135/toggle-sticky/ HTTP/1.1" 200 0
INFO 2025-09-03 20:33:34,468 basehttp "PATCH /api/forum/questions/135/toggle-sticky/ HTTP/1.1" 200 18
INFO 2025-09-03 20:33:35,296 basehttp "PATCH /api/forum/questions/135/toggle-sticky/ HTTP/1.1" 200 19
INFO 2025-09-03 20:33:35,596 basehttp "OPTIONS /api/forum/questions/135/toggle-like/ HTTP/1.1" 200 0
INFO 2025-09-03 20:33:35,640 basehttp "PATCH /api/forum/questions/135/toggle-like/ HTTP/1.1" 200 30
INFO 2025-09-03 20:33:36,552 basehttp "PATCH /api/forum/questions/135/toggle-like/ HTTP/1.1" 200 31
INFO 2025-09-03 20:33:37,327 basehttp "OPTIONS /api/forum/questions/135/comments/ HTTP/1.1" 200 0
INFO 2025-09-03 20:33:37,367 basehttp "POST /api/forum/questions/135/comments/ HTTP/1.1" 201 166
INFO 2025-09-03 20:33:38,150 basehttp "OPTIONS /api/forum/comments/103/ HTTP/1.1" 200 0
INFO 2025-09-03 20:33:38,192 basehttp "DELETE /api/forum/comments/103/ HTTP/1.1" 204 0
INFO 2025-09-03 20:33:39,055 basehttp "OPTIONS /api/forum/questions/135/ HTTP/1.1" 200 0
INFO 2025-09-03 20:33:39,116 basehttp "DELETE /api/forum/questions/135/ HTTP/1.1" 204 0
INFO 2025-09-03 20:33:42,049 basehttp "GET /api/forum/questions/ HTTP/1.1" 200 984
INFO 2025-09-03 20:33:46,542 basehttp "OPTIONS /api/forum/questions/128/ HTTP/1.1" 200 0
INFO 2025-09-03 20:33:46,584 basehttp "DELETE /api/forum/questions/128/ HTTP/1.1" 204 0
INFO 2025-09-03 20:35:57,547 basehttp "POST /api/auth/login/ HTTP/1.1" 200 832
INFO 2025-09-03 20:35:57,624 basehttp "GET /api/forum/questions/ HTTP/1.1" 200 631
INFO 2025-09-03 20:35:59,050 basehttp "GET /api/notices/unread_count/ HTTP/1.1" 200 11
INFO 2025-09-03 20:36:00,256 basehttp "GET /api/notices/unread_count/ HTTP/1.1" 200 11
INFO 2025-09-03 20:36:00,276 basehttp "GET /api/forum/questions/ HTTP/1.1" 200 631
INFO 2025-09-03 20:36:03,023 basehttp "GET /api/notices/unread_count/ HTTP/1.1" 200 11
INFO 2025-09-03 20:36:03,043 basehttp "GET /api/forum/questions/ HTTP/1.1" 200 631
INFO 2025-09-03 20:36:06,916 basehttp "POST /api/auth/login/ HTTP/1.1" 200 832
INFO 2025-09-03 20:36:06,981 basehttp "GET /api/forum/questions/ HTTP/1.1" 200 631
INFO 2025-09-03 20:36:07,828 basehttp "GET /api/notices/unread_count/ HTTP/1.1" 200 11
INFO 2025-09-03 20:36:09,497 basehttp "GET /api/notices/unread_count/ HTTP/1.1" 200 11
INFO 2025-09-03 20:36:09,552 basehttp "GET /api/forum/questions/ HTTP/1.1" 200 631
INFO 2025-09-03 20:36:12,140 basehttp "GET /api/notices/unread_count/ HTTP/1.1" 200 11
INFO 2025-09-03 20:36:12,148 basehttp "GET /api/forum/questions/ HTTP/1.1" 200 631
INFO 2025-09-03 20:36:19,703 basehttp "POST /api/forum/questions/ HTTP/1.1" 201 352
INFO 2025-09-03 20:36:19,834 basehttp "GET /api/forum/questions/ HTTP/1.1" 200 984
INFO 2025-09-03 20:36:25,505 basehttp "GET /api/notices/unread_count/ HTTP/1.1" 200 11
INFO 2025-09-03 20:36:25,525 basehttp "GET /api/forum/questions/ HTTP/1.1" 200 984
INFO 2025-09-03 20:36:28,817 basehttp "GET /api/notices/unread_count/ HTTP/1.1" 200 11
INFO 2025-09-03 20:36:28,852 basehttp "GET /api/forum/questions/ HTTP/1.1" 200 984
INFO 2025-09-03 20:36:30,930 basehttp "OPTIONS /api/forum/questions/136/toggle-like/ HTTP/1.1" 200 0
INFO 2025-09-03 20:36:30,963 basehttp "PATCH /api/forum/questions/136/toggle-like/ HTTP/1.1" 200 30
INFO 2025-09-03 20:36:31,612 basehttp "PATCH /api/forum/questions/136/toggle-like/ HTTP/1.1" 200 31
INFO 2025-09-03 20:36:31,983 basehttp "OPTIONS /api/forum/questions/136/comments/ HTTP/1.1" 200 0
INFO 2025-09-03 20:36:32,025 basehttp "POST /api/forum/questions/136/comments/ HTTP/1.1" 201 166
INFO 2025-09-03 20:36:32,228 basehttp "OPTIONS /api/forum/comments/104/ HTTP/1.1" 200 0
INFO 2025-09-03 20:36:32,262 basehttp "DELETE /api/forum/comments/104/ HTTP/1.1" 204 0
INFO 2025-09-03 20:36:32,465 basehttp "OPTIONS /api/forum/questions/136/ HTTP/1.1" 200 0
INFO 2025-09-03 20:36:32,499 basehttp "DELETE /api/forum/questions/136/ HTTP/1.1" 204 0
INFO 2025-09-03 20:36:35,869 basehttp "POST /api/auth/login/ HTTP/1.1" 200 832
INFO 2025-09-03 20:36:35,936 basehttp "GET /api/forum/questions/ HTTP/1.1" 200 631
INFO 2025-09-03 20:36:37,504 basehttp "GET /api/forum/questions/ HTTP/1.1" 200 631
INFO 2025-09-03 20:36:39,772 basehttp "GET /api/forum/questions/ HTTP/1.1" 200 631
INFO 2025-09-03 20:36:41,998 basehttp "POST /api/forum/questions/ HTTP/1.1" 201 352
INFO 2025-09-03 20:36:42,142 basehttp "GET /api/forum/questions/ HTTP/1.1" 200 984
INFO 2025-09-03 20:36:48,008 basehttp "GET /api/forum/questions/ HTTP/1.1" 200 984
INFO 2025-09-03 20:36:51,724 basehttp "GET /api/forum/questions/ HTTP/1.1" 200 984
INFO 2025-09-03 20:36:53,722 basehttp "OPTIONS /api/forum/questions/137/toggle-sticky/ HTTP/1.1" 200 0
INFO 2025-09-03 20:36:53,757 basehttp "PATCH /api/forum/questions/137/toggle-sticky/ HTTP/1.1" 200 18
INFO 2025-09-03 20:36:54,429 basehttp "PATCH /api/forum/questions/137/toggle-sticky/ HTTP/1.1" 200 19
INFO 2025-09-03 20:36:54,590 basehttp "OPTIONS /api/forum/questions/137/toggle-like/ HTTP/1.1" 200 0
INFO 2025-09-03 20:36:54,640 basehttp "PATCH /api/forum/questions/137/toggle-like/ HTTP/1.1" 200 30
INFO 2025-09-03 20:36:55,258 basehttp "PATCH /api/forum/questions/137/toggle-like/ HTTP/1.1" 200 31
INFO 2025-09-03 20:36:55,629 basehttp "OPTIONS /api/forum/questions/137/comments/ HTTP/1.1" 200 0
INFO 2025-09-03 20:36:55,662 basehttp "POST /api/forum/questions/137/comments/ HTTP/1.1" 201 166
INFO 2025-09-03 20:36:55,928 basehttp "OPTIONS /api/forum/comments/105/ HTTP/1.1" 200 0
INFO 2025-09-03 20:36:55,954 basehttp "DELETE /api/forum/comments/105/ HTTP/1.1" 204 0
INFO 2025-09-03 20:36:56,144 basehttp "OPTIONS /api/forum/questions/137/ HTTP/1.1" 200 0
INFO 2025-09-03 20:36:56,185 basehttp "DELETE /api/forum/questions/137/ HTTP/1.1" 204 0
INFO 2025-09-03 20:36:59,187 basehttp "GET /api/forum/questions/ HTTP/1.1" 200 631
INFO 2025-09-03 20:37:06,661 basehttp "POST /api/auth/login/ HTTP/1.1" 200 832
INFO 2025-09-03 20:37:06,736 basehttp "GET /api/forum/questions/ HTTP/1.1" 200 631
INFO 2025-09-03 20:37:08,123 basehttp "GET /api/notices/unread_count/ HTTP/1.1" 200 11
INFO 2025-09-03 20:37:09,533 basehttp "GET /api/notices/unread_count/ HTTP/1.1" 200 11
INFO 2025-09-03 20:37:09,554 basehttp "GET /api/forum/questions/ HTTP/1.1" 200 631
INFO 2025-09-03 20:37:12,125 basehttp "GET /api/notices/unread_count/ HTTP/1.1" 200 11
INFO 2025-09-03 20:37:12,147 basehttp "GET /api/forum/questions/ HTTP/1.1" 200 631
INFO 2025-09-03 20:37:19,665 basehttp "POST /api/forum/questions/ HTTP/1.1" 201 352
INFO 2025-09-03 20:37:19,797 basehttp "GET /api/forum/questions/ HTTP/1.1" 200 984
INFO 2025-09-03 20:37:25,230 basehttp "GET /api/notices/unread_count/ HTTP/1.1" 200 11
INFO 2025-09-03 20:37:25,271 basehttp "GET /api/forum/questions/ HTTP/1.1" 200 984
INFO 2025-09-03 20:37:28,555 basehttp "GET /api/notices/unread_count/ HTTP/1.1" 200 11
INFO 2025-09-03 20:37:28,577 basehttp "GET /api/forum/questions/ HTTP/1.1" 200 984
INFO 2025-09-03 20:37:30,604 basehttp "OPTIONS /api/forum/questions/138/toggle-like/ HTTP/1.1" 200 0
INFO 2025-09-03 20:37:30,633 basehttp "PATCH /api/forum/questions/138/toggle-like/ HTTP/1.1" 200 30
INFO 2025-09-03 20:37:31,261 basehttp "PATCH /api/forum/questions/138/toggle-like/ HTTP/1.1" 200 31
INFO 2025-09-03 20:37:31,652 basehttp "OPTIONS /api/forum/questions/138/comments/ HTTP/1.1" 200 0
INFO 2025-09-03 20:37:31,697 basehttp "POST /api/forum/questions/138/comments/ HTTP/1.1" 201 166
INFO 2025-09-03 20:37:31,927 basehttp "OPTIONS /api/forum/comments/106/ HTTP/1.1" 200 0
INFO 2025-09-03 20:37:31,962 basehttp "DELETE /api/forum/comments/106/ HTTP/1.1" 204 0
INFO 2025-09-03 20:37:32,203 basehttp "OPTIONS /api/forum/questions/138/ HTTP/1.1" 200 0
INFO 2025-09-03 20:37:32,240 basehttp "DELETE /api/forum/questions/138/ HTTP/1.1" 204 0
INFO 2025-09-03 20:37:35,552 basehttp "POST /api/auth/login/ HTTP/1.1" 200 832
INFO 2025-09-03 20:37:35,631 basehttp "GET /api/forum/questions/ HTTP/1.1" 200 631
INFO 2025-09-03 20:37:37,239 basehttp "GET /api/forum/questions/ HTTP/1.1" 200 631
INFO 2025-09-03 20:37:39,592 basehttp "GET /api/forum/questions/ HTTP/1.1" 200 631
INFO 2025-09-03 20:37:41,869 basehttp "POST /api/forum/questions/ HTTP/1.1" 201 352
INFO 2025-09-03 20:37:42,031 basehttp "GET /api/forum/questions/ HTTP/1.1" 200 984
INFO 2025-09-03 20:37:47,917 basehttp "GET /api/forum/questions/ HTTP/1.1" 200 984
INFO 2025-09-03 20:37:51,240 basehttp "GET /api/forum/questions/ HTTP/1.1" 200 984
INFO 2025-09-03 20:37:53,178 basehttp "OPTIONS /api/forum/questions/139/toggle-sticky/ HTTP/1.1" 200 0
INFO 2025-09-03 20:37:53,206 basehttp "PATCH /api/forum/questions/139/toggle-sticky/ HTTP/1.1" 200 18
INFO 2025-09-03 20:37:53,846 basehttp "PATCH /api/forum/questions/139/toggle-sticky/ HTTP/1.1" 200 19
INFO 2025-09-03 20:37:53,969 basehttp "OPTIONS /api/forum/questions/139/toggle-like/ HTTP/1.1" 200 0
INFO 2025-09-03 20:37:54,000 basehttp "PATCH /api/forum/questions/139/toggle-like/ HTTP/1.1" 200 30
INFO 2025-09-03 20:37:54,654 basehttp "PATCH /api/forum/questions/139/toggle-like/ HTTP/1.1" 200 31
INFO 2025-09-03 20:37:55,004 basehttp "OPTIONS /api/forum/questions/139/comments/ HTTP/1.1" 200 0
INFO 2025-09-03 20:37:55,048 basehttp "POST /api/forum/questions/139/comments/ HTTP/1.1" 201 166
INFO 2025-09-03 20:37:55,256 basehttp "OPTIONS /api/forum/comments/107/ HTTP/1.1" 200 0
INFO 2025-09-03 20:37:55,290 basehttp "DELETE /api/forum/comments/107/ HTTP/1.1" 204 0
INFO 2025-09-03 20:37:55,521 basehttp "OPTIONS /api/forum/questions/139/ HTTP/1.1" 200 0
INFO 2025-09-03 20:37:55,558 basehttp "DELETE /api/forum/questions/139/ HTTP/1.1" 204 0
INFO 2025-09-03 20:37:57,656 basehttp "GET /api/forum/questions/ HTTP/1.1" 200 631
INFO 2025-09-03 20:39:43,119 basehttp "OPTIONS /api/students/ HTTP/1.1" 200 0
WARNING 2025-09-03 20:39:43,127 log Unauthorized: /api/students/
WARNING 2025-09-03 20:39:43,129 basehttp "GET /api/students/ HTTP/1.1" 401 623
INFO 2025-09-03 20:39:43,141 basehttp "OPTIONS /api/experiments/experiments/ HTTP/1.1" 200 0
WARNING 2025-09-03 20:39:43,147 log Unauthorized: /api/experiments/experiments/
WARNING 2025-09-03 20:39:43,149 basehttp "GET /api/experiments/experiments/ HTTP/1.1" 401 623
INFO 2025-09-03 20:55:36,536 basehttp "OPTIONS /api/auth/register/ HTTP/1.1" 200 0
INFO 2025-09-03 20:55:37,828 basehttp "POST /api/auth/register/ HTTP/1.1" 201 47
INFO 2025-09-03 20:55:41,090 basehttp "POST /api/auth/register/ HTTP/1.1" 201 47
INFO 2025-09-03 20:55:42,244 basehttp "OPTIONS /api/auth/login/ HTTP/1.1" 200 0
INFO 2025-09-03 20:55:43,433 basehttp "POST /api/auth/login/ HTTP/1.1" 200 843
INFO 2025-09-03 20:55:44,520 basehttp "POST /api/auth/login/ HTTP/1.1" 200 843
INFO 2025-09-03 20:55:46,606 basehttp "OPTIONS /api/auth/user/profile/ HTTP/1.1" 200 0
INFO 2025-09-03 20:55:46,637 basehttp "PATCH /api/auth/user/profile/ HTTP/1.1" 200 122
INFO 2025-09-03 20:55:51,330 basehttp "POST /api/auth/login/ HTTP/1.1" 200 945
INFO 2025-09-03 20:55:52,502 basehttp "POST /api/auth/login/ HTTP/1.1" 200 945
INFO 2025-09-03 20:55:53,172 basehttp "OPTIONS /api/students/ HTTP/1.1" 200 0
INFO 2025-09-03 20:55:53,530 basehttp "GET /api/students/ HTTP/1.1" 200 7358
INFO 2025-09-03 20:55:53,621 basehttp "OPTIONS /api/experiments/experiments/ HTTP/1.1" 200 0
INFO 2025-09-03 20:55:53,756 basehttp "GET /api/experiments/experiments/ HTTP/1.1" 200 2627
INFO 2025-09-03 20:56:02,371 basehttp "POST /api/experiments/experiments/ HTTP/1.1" 201 960
INFO 2025-09-03 20:56:02,394 basehttp "OPTIONS /api/experiments/experiments/34/ HTTP/1.1" 200 0
INFO 2025-09-03 20:56:02,452 basehttp "GET /api/experiments/experiments/34/ HTTP/1.1" 200 960
INFO 2025-09-03 20:56:02,511 basehttp "OPTIONS /api/notices/ HTTP/1.1" 200 0
INFO 2025-09-03 20:56:02,551 basehttp "POST /api/notices/ HTTP/1.1" 201 462
INFO 2025-09-03 20:56:02,614 basehttp "OPTIONS /api/experiments/choice-problems/ HTTP/1.1" 200 0
INFO 2025-09-03 20:56:02,621 basehttp "OPTIONS /api/experiments/fill-problems/ HTTP/1.1" 200 0
INFO 2025-09-03 20:56:02,633 basehttp "OPTIONS /api/experiments/coding-problems/ HTTP/1.1" 200 0
INFO 2025-09-03 20:56:02,667 basehttp "POST /api/experiments/choice-problems/ HTTP/1.1" 201 195
INFO 2025-09-03 20:56:02,704 basehttp "POST /api/experiments/fill-problems/ HTTP/1.1" 201 115
INFO 2025-09-03 20:56:02,741 basehttp "POST /api/experiments/coding-problems/ HTTP/1.1" 201 156
INFO 2025-09-03 20:56:03,014 basehttp "GET /api/experiments/experiments/ HTTP/1.1" 200 4054
INFO 2025-09-03 20:56:05,607 basehttp "POST /api/auth/login/ HTTP/1.1" 200 843
INFO 2025-09-03 20:56:06,785 basehttp "POST /api/auth/login/ HTTP/1.1" 200 843
INFO 2025-09-03 20:56:07,242 basehttp "OPTIONS /api/notices/unread_count/ HTTP/1.1" 200 0
INFO 2025-09-03 20:56:07,283 basehttp "GET /api/notices/unread_count/ HTTP/1.1" 200 11
INFO 2025-09-03 20:56:07,688 basehttp "GET /api/experiments/experiments/ HTTP/1.1" 200 4054
INFO 2025-09-03 20:56:08,006 basehttp "OPTIONS /api/experiments/experiments/34/problems/ HTTP/1.1" 200 0
INFO 2025-09-03 20:56:08,047 basehttp "GET /api/experiments/experiments/34/problems/ HTTP/1.1" 200 1281
INFO 2025-09-03 20:56:09,070 basehttp "GET /api/experiments/experiments/34/coding/19/ HTTP/1.1" 200 195
INFO 2025-09-03 20:56:26,921 basehttp "POST /api/auth/login/ HTTP/1.1" 200 945
INFO 2025-09-03 20:56:28,102 basehttp "POST /api/auth/login/ HTTP/1.1" 200 945
INFO 2025-09-03 20:56:28,754 basehttp "OPTIONS /api/experiments/submissions/ HTTP/1.1" 200 0
INFO 2025-09-03 20:56:28,858 basehttp "GET /api/experiments/submissions/ HTTP/1.1" 200 1268
INFO 2025-09-03 20:56:28,889 basehttp "GET /api/experiments/experiments/ HTTP/1.1" 200 4054
INFO 2025-09-03 20:56:29,318 basehttp "GET /api/experiments/submissions/1/ HTTP/1.1" 200 1266
INFO 2025-09-03 20:56:30,255 basehttp "GET /api/students/ HTTP/1.1" 200 7358
INFO 2025-09-03 20:56:30,413 basehttp "GET /api/experiments/experiments/ HTTP/1.1" 200 4054
INFO 2025-09-03 20:56:30,873 basehttp "OPTIONS /api/experiments/experiments/34/ HTTP/1.1" 200 0
INFO 2025-09-03 20:56:30,951 basehttp "DELETE /api/experiments/experiments/34/ HTTP/1.1" 204 0
INFO 2025-09-03 20:56:31,164 basehttp "GET /api/experiments/experiments/ HTTP/1.1" 200 2627
INFO 2025-09-03 20:57:53,820 basehttp "POST /api/auth/register/ HTTP/1.1" 201 47
INFO 2025-09-03 20:58:02,292 basehttp "POST /api/auth/register/ HTTP/1.1" 201 47
INFO 2025-09-03 20:58:06,576 basehttp "POST /api/auth/register/ HTTP/1.1" 201 47
INFO 2025-09-03 20:58:09,032 basehttp "POST /api/auth/login/ HTTP/1.1" 200 843
INFO 2025-09-03 20:58:10,306 basehttp "POST /api/auth/login/ HTTP/1.1" 200 843
INFO 2025-09-03 20:58:11,902 basehttp "PATCH /api/auth/user/profile/ HTTP/1.1" 200 122
INFO 2025-09-03 20:58:16,016 basehttp "POST /api/auth/login/ HTTP/1.1" 200 945
INFO 2025-09-03 20:58:17,220 basehttp "POST /api/auth/login/ HTTP/1.1" 200 945
INFO 2025-09-03 20:58:18,139 basehttp "GET /api/students/ HTTP/1.1" 200 7482
INFO 2025-09-03 20:58:18,280 basehttp "GET /api/experiments/experiments/ HTTP/1.1" 200 2627
INFO 2025-09-03 20:58:27,046 basehttp "POST /api/experiments/experiments/ HTTP/1.1" 201 968
INFO 2025-09-03 20:58:27,071 basehttp "OPTIONS /api/experiments/experiments/35/ HTTP/1.1" 200 0
INFO 2025-09-03 20:58:27,145 basehttp "GET /api/experiments/experiments/35/ HTTP/1.1" 200 968
INFO 2025-09-03 20:58:27,202 basehttp "POST /api/notices/ HTTP/1.1" 201 462
INFO 2025-09-03 20:58:27,306 basehttp "POST /api/experiments/choice-problems/ HTTP/1.1" 201 195
INFO 2025-09-03 20:58:27,310 basehttp "POST /api/experiments/fill-problems/ HTTP/1.1" 201 115
INFO 2025-09-03 20:58:27,392 basehttp "POST /api/experiments/coding-problems/ HTTP/1.1" 201 156
INFO 2025-09-03 20:58:27,608 basehttp "GET /api/experiments/experiments/ HTTP/1.1" 200 4062
INFO 2025-09-03 20:58:30,036 basehttp "POST /api/auth/login/ HTTP/1.1" 200 843
INFO 2025-09-03 20:58:31,409 basehttp "POST /api/auth/login/ HTTP/1.1" 200 843
INFO 2025-09-03 20:58:31,914 basehttp "GET /api/notices/unread_count/ HTTP/1.1" 200 11
INFO 2025-09-03 20:58:32,226 basehttp "GET /api/experiments/experiments/ HTTP/1.1" 200 4062
INFO 2025-09-03 20:58:32,466 basehttp "OPTIONS /api/experiments/experiments/35/problems/ HTTP/1.1" 200 0
INFO 2025-09-03 20:58:32,514 basehttp "GET /api/experiments/experiments/35/problems/ HTTP/1.1" 200 1291
INFO 2025-09-03 20:58:33,219 basehttp "GET /api/experiments/experiments/35/coding/20/ HTTP/1.1" 200 195
INFO 2025-09-03 20:58:40,531 basehttp "POST /api/experiments/judge/ HTTP/1.1" 200 119
INFO 2025-09-03 20:58:43,468 basehttp "POST /api/auth/login/ HTTP/1.1" 200 945
INFO 2025-09-03 20:58:44,604 basehttp "POST /api/auth/login/ HTTP/1.1" 200 945
INFO 2025-09-03 20:58:45,348 basehttp "GET /api/experiments/submissions/ HTTP/1.1" 200 1268
INFO 2025-09-03 20:58:45,376 basehttp "GET /api/experiments/experiments/ HTTP/1.1" 200 4062
INFO 2025-09-03 20:58:45,817 basehttp "GET /api/experiments/submissions/1/ HTTP/1.1" 200 1266
INFO 2025-09-03 20:58:46,569 basehttp "GET /api/students/ HTTP/1.1" 200 7482
INFO 2025-09-03 20:58:46,775 basehttp "GET /api/experiments/experiments/ HTTP/1.1" 200 4062
INFO 2025-09-03 20:58:47,250 basehttp "OPTIONS /api/experiments/experiments/35/ HTTP/1.1" 200 0
INFO 2025-09-03 20:58:47,305 basehttp "DELETE /api/experiments/experiments/35/ HTTP/1.1" 204 0
INFO 2025-09-03 20:58:47,478 basehttp "GET /api/experiments/experiments/ HTTP/1.1" 200 2627
INFO 2025-09-03 21:00:53,460 basehttp "GET /api/students/ HTTP/1.1" 200 7482
WARNING 2025-09-03 21:00:53,553 log Unauthorized: /api/students/
WARNING 2025-09-03 21:00:53,553 basehttp "GET /api/students/ HTTP/1.1" 401 623
WARNING 2025-09-03 21:00:53,598 log Unauthorized: /api/experiments/experiments/
WARNING 2025-09-03 21:00:53,599 basehttp "GET /api/experiments/experiments/ HTTP/1.1" 401 623
INFO 2025-09-03 21:00:53,847 basehttp "GET /api/experiments/experiments/ HTTP/1.1" 200 2627
INFO 2025-09-03 21:01:12,196 basehttp "POST /api/auth/register/ HTTP/1.1" 201 47
INFO 2025-09-03 21:01:15,563 basehttp "POST /api/auth/register/ HTTP/1.1" 201 47
INFO 2025-09-03 21:01:17,877 basehttp "POST /api/auth/login/ HTTP/1.1" 200 843
INFO 2025-09-03 21:01:19,149 basehttp "POST /api/auth/login/ HTTP/1.1" 200 843
INFO 2025-09-03 21:01:20,814 basehttp "PATCH /api/auth/user/profile/ HTTP/1.1" 200 122
INFO 2025-09-03 21:01:24,811 basehttp "POST /api/auth/login/ HTTP/1.1" 200 945
INFO 2025-09-03 21:01:26,019 basehttp "POST /api/auth/login/ HTTP/1.1" 200 945
INFO 2025-09-03 21:01:26,608 basehttp "GET /api/students/ HTTP/1.1" 200 7544
INFO 2025-09-03 21:01:26,836 basehttp "GET /api/experiments/experiments/ HTTP/1.1" 200 2627
INFO 2025-09-03 21:01:35,267 basehttp "POST /api/experiments/experiments/ HTTP/1.1" 201 972
INFO 2025-09-03 21:01:35,290 basehttp "OPTIONS /api/experiments/experiments/36/ HTTP/1.1" 200 0
INFO 2025-09-03 21:01:35,342 basehttp "GET /api/experiments/experiments/36/ HTTP/1.1" 200 972
INFO 2025-09-03 21:01:35,419 basehttp "POST /api/notices/ HTTP/1.1" 201 462
INFO 2025-09-03 21:01:35,502 basehttp "POST /api/experiments/choice-problems/ HTTP/1.1" 201 195
INFO 2025-09-03 21:01:35,529 basehttp "POST /api/experiments/fill-problems/ HTTP/1.1" 201 115
INFO 2025-09-03 21:01:35,559 basehttp "POST /api/experiments/coding-problems/ HTTP/1.1" 201 156
INFO 2025-09-03 21:01:36,059 basehttp "GET /api/experiments/experiments/ HTTP/1.1" 200 4066
INFO 2025-09-03 21:01:38,457 basehttp "POST /api/auth/login/ HTTP/1.1" 200 843
INFO 2025-09-03 21:01:39,619 basehttp "POST /api/auth/login/ HTTP/1.1" 200 843
INFO 2025-09-03 21:01:40,044 basehttp "GET /api/notices/unread_count/ HTTP/1.1" 200 11
INFO 2025-09-03 21:01:40,331 basehttp "GET /api/experiments/experiments/ HTTP/1.1" 200 4066
INFO 2025-09-03 21:01:40,893 basehttp "OPTIONS /api/experiments/experiments/36/problems/ HTTP/1.1" 200 0
INFO 2025-09-03 21:01:40,927 basehttp "GET /api/experiments/experiments/36/problems/ HTTP/1.1" 200 1296
INFO 2025-09-03 21:01:41,740 basehttp "GET /api/experiments/experiments/36/coding/21/ HTTP/1.1" 200 195
INFO 2025-09-03 21:01:45,488 basehttp "POST /api/experiments/judge/ HTTP/1.1" 200 119
INFO 2025-09-03 21:01:45,923 basehttp "GET /api/experiments/experiments/36/problems/ HTTP/1.1" 200 1517
INFO 2025-09-03 21:01:46,481 basehttp "OPTIONS /submit/experiment/ HTTP/1.1" 200 0
INFO 2025-09-03 21:01:47,470 basehttp "POST /submit/experiment/ HTTP/1.1" 200 402
INFO 2025-09-03 21:01:50,157 basehttp "POST /api/auth/login/ HTTP/1.1" 200 945
INFO 2025-09-03 21:01:51,299 basehttp "POST /api/auth/login/ HTTP/1.1" 200 945
INFO 2025-09-03 21:01:52,135 basehttp "GET /api/experiments/experiments/ HTTP/1.1" 200 4066
INFO 2025-09-03 21:01:52,147 basehttp "GET /api/experiments/submissions/ HTTP/1.1" 200 2236
INFO 2025-09-03 21:01:52,699 basehttp "GET /api/experiments/submissions/1/ HTTP/1.1" 200 1266
INFO 2025-09-03 21:01:53,344 basehttp "GET /api/students/ HTTP/1.1" 200 7544
INFO 2025-09-03 21:01:53,543 basehttp "GET /api/experiments/experiments/ HTTP/1.1" 200 4066
INFO 2025-09-03 21:01:53,980 basehttp "OPTIONS /api/experiments/experiments/36/ HTTP/1.1" 200 0
INFO 2025-09-03 21:01:54,067 basehttp "DELETE /api/experiments/experiments/36/ HTTP/1.1" 204 0
INFO 2025-09-03 21:01:54,205 basehttp "GET /api/experiments/experiments/ HTTP/1.1" 200 2627
INFO 2025-09-03 21:03:59,382 basehttp "OPTIONS /api/auth/register/ HTTP/1.1" 200 0
INFO 2025-09-03 21:04:00,111 basehttp "POST /api/auth/register/ HTTP/1.1" 201 47
INFO 2025-09-03 21:04:03,551 basehttp "POST /api/auth/register/ HTTP/1.1" 201 47
INFO 2025-09-03 21:04:04,953 basehttp "OPTIONS /api/auth/login/ HTTP/1.1" 200 0
INFO 2025-09-03 21:04:05,605 basehttp "POST /api/auth/login/ HTTP/1.1" 200 843
INFO 2025-09-03 21:04:06,275 basehttp "POST /api/auth/login/ HTTP/1.1" 200 843
INFO 2025-09-03 21:04:08,090 basehttp "OPTIONS /api/auth/user/profile/ HTTP/1.1" 200 0
INFO 2025-09-03 21:04:08,110 basehttp "PATCH /api/auth/user/profile/ HTTP/1.1" 200 122
INFO 2025-09-03 21:04:11,742 basehttp "POST /api/auth/login/ HTTP/1.1" 200 945
INFO 2025-09-03 21:04:12,302 basehttp "POST /api/auth/login/ HTTP/1.1" 200 945
INFO 2025-09-03 21:04:13,032 basehttp "OPTIONS /api/students/ HTTP/1.1" 200 0
INFO 2025-09-03 21:04:13,368 basehttp "GET /api/students/ HTTP/1.1" 200 7606
INFO 2025-09-03 21:04:13,471 basehttp "OPTIONS /api/experiments/experiments/ HTTP/1.1" 200 0
INFO 2025-09-03 21:04:13,525 basehttp "GET /api/experiments/experiments/ HTTP/1.1" 200 2627
INFO 2025-09-03 21:04:21,939 basehttp "POST /api/experiments/experiments/ HTTP/1.1" 201 976
INFO 2025-09-03 21:04:21,956 basehttp "OPTIONS /api/experiments/experiments/37/ HTTP/1.1" 200 0
INFO 2025-09-03 21:04:21,985 basehttp "GET /api/experiments/experiments/37/ HTTP/1.1" 200 976
INFO 2025-09-03 21:04:22,051 basehttp "OPTIONS /api/notices/ HTTP/1.1" 200 0
INFO 2025-09-03 21:04:22,094 basehttp "POST /api/notices/ HTTP/1.1" 201 462
INFO 2025-09-03 21:04:22,153 basehttp "OPTIONS /api/experiments/choice-problems/ HTTP/1.1" 200 0
INFO 2025-09-03 21:04:22,161 basehttp "OPTIONS /api/experiments/fill-problems/ HTTP/1.1" 200 0
INFO 2025-09-03 21:04:22,168 basehttp "OPTIONS /api/experiments/coding-problems/ HTTP/1.1" 200 0
INFO 2025-09-03 21:04:22,187 basehttp "POST /api/experiments/choice-problems/ HTTP/1.1" 201 195
INFO 2025-09-03 21:04:22,206 basehttp "POST /api/experiments/fill-problems/ HTTP/1.1" 201 115
INFO 2025-09-03 21:04:22,227 basehttp "POST /api/experiments/coding-problems/ HTTP/1.1" 201 156
INFO 2025-09-03 21:04:22,434 basehttp "GET /api/experiments/experiments/ HTTP/1.1" 200 4070
INFO 2025-09-03 21:04:24,604 basehttp "POST /api/auth/login/ HTTP/1.1" 200 843
INFO 2025-09-03 21:04:25,094 basehttp "POST /api/auth/login/ HTTP/1.1" 200 843
INFO 2025-09-03 21:04:25,584 basehttp "OPTIONS /api/notices/unread_count/ HTTP/1.1" 200 0
INFO 2025-09-03 21:04:25,604 basehttp "GET /api/notices/unread_count/ HTTP/1.1" 200 11
INFO 2025-09-03 21:04:25,873 basehttp "GET /api/experiments/experiments/ HTTP/1.1" 200 4070
INFO 2025-09-03 21:04:26,130 basehttp "OPTIONS /api/experiments/experiments/37/problems/ HTTP/1.1" 200 0
INFO 2025-09-03 21:04:26,154 basehttp "GET /api/experiments/experiments/37/problems/ HTTP/1.1" 200 1301
INFO 2025-09-03 21:04:26,903 basehttp "GET /api/experiments/experiments/37/coding/22/ HTTP/1.1" 200 195
INFO 2025-09-03 21:04:32,042 basehttp "POST /api/experiments/judge/ HTTP/1.1" 200 119
INFO 2025-09-03 21:04:34,271 basehttp "POST /api/auth/login/ HTTP/1.1" 200 945
INFO 2025-09-03 21:04:34,794 basehttp "POST /api/auth/login/ HTTP/1.1" 200 945
INFO 2025-09-03 21:04:35,482 basehttp "OPTIONS /api/experiments/submissions/ HTTP/1.1" 200 0
INFO 2025-09-03 21:04:35,572 basehttp "GET /api/experiments/submissions/ HTTP/1.1" 200 1268
INFO 2025-09-03 21:04:35,590 basehttp "GET /api/experiments/experiments/ HTTP/1.1" 200 4070
INFO 2025-09-03 21:04:36,028 basehttp "GET /api/experiments/submissions/1/ HTTP/1.1" 200 1266
INFO 2025-09-03 21:04:36,845 basehttp "GET /api/students/ HTTP/1.1" 200 7606
INFO 2025-09-03 21:04:37,020 basehttp "GET /api/experiments/experiments/ HTTP/1.1" 200 4070
INFO 2025-09-03 21:04:37,564 basehttp "OPTIONS /api/experiments/experiments/37/ HTTP/1.1" 200 0
INFO 2025-09-03 21:04:37,616 basehttp "DELETE /api/experiments/experiments/37/ HTTP/1.1" 204 0
INFO 2025-09-03 21:04:37,726 basehttp "GET /api/experiments/experiments/ HTTP/1.1" 200 2627
INFO 2025-09-03 21:11:41,764 basehttp "POST /api/auth/register/ HTTP/1.1" 201 47
INFO 2025-09-03 21:11:49,452 basehttp "POST /api/auth/register/ HTTP/1.1" 201 47
INFO 2025-09-03 21:11:52,148 basehttp "POST /api/auth/login/ HTTP/1.1" 200 843
INFO 2025-09-03 21:11:52,687 basehttp "POST /api/auth/login/ HTTP/1.1" 200 843
INFO 2025-09-03 21:11:56,158 basehttp "PATCH /api/auth/user/profile/ HTTP/1.1" 200 122
INFO 2025-09-03 21:12:03,918 basehttp "POST /api/auth/register/ HTTP/1.1" 201 47
INFO 2025-09-03 21:12:10,529 basehttp "POST /api/auth/register/ HTTP/1.1" 201 47
INFO 2025-09-03 21:12:12,872 basehttp "POST /api/auth/login/ HTTP/1.1" 200 843
INFO 2025-09-03 21:12:14,109 basehttp "POST /api/auth/login/ HTTP/1.1" 200 843
INFO 2025-09-03 21:12:15,832 basehttp "PATCH /api/auth/user/profile/ HTTP/1.1" 200 122
INFO 2025-09-03 21:12:20,238 basehttp "POST /api/auth/login/ HTTP/1.1" 200 945
INFO 2025-09-03 21:12:21,510 basehttp "POST /api/auth/login/ HTTP/1.1" 200 945
INFO 2025-09-03 21:12:22,551 basehttp "GET /api/students/ HTTP/1.1" 200 7730
INFO 2025-09-03 21:12:22,791 basehttp "GET /api/experiments/experiments/ HTTP/1.1" 200 2627
INFO 2025-09-03 21:12:31,097 basehttp "POST /api/experiments/experiments/ HTTP/1.1" 201 984
INFO 2025-09-03 21:12:31,124 basehttp "OPTIONS /api/experiments/experiments/38/ HTTP/1.1" 200 0
INFO 2025-09-03 21:12:31,173 basehttp "GET /api/experiments/experiments/38/ HTTP/1.1" 200 984
INFO 2025-09-03 21:12:31,290 basehttp "POST /api/notices/ HTTP/1.1" 201 462
INFO 2025-09-03 21:12:31,412 basehttp "POST /api/experiments/choice-problems/ HTTP/1.1" 201 195
INFO 2025-09-03 21:12:31,444 basehttp "POST /api/experiments/fill-problems/ HTTP/1.1" 201 115
INFO 2025-09-03 21:12:31,475 basehttp "POST /api/experiments/coding-problems/ HTTP/1.1" 201 156
INFO 2025-09-03 21:12:31,739 basehttp "GET /api/experiments/experiments/ HTTP/1.1" 200 4078
INFO 2025-09-03 21:12:34,781 basehttp "POST /api/auth/login/ HTTP/1.1" 200 843
INFO 2025-09-03 21:12:35,921 basehttp "POST /api/auth/login/ HTTP/1.1" 200 843
INFO 2025-09-03 21:12:36,401 basehttp "GET /api/notices/unread_count/ HTTP/1.1" 200 11
INFO 2025-09-03 21:12:36,701 basehttp "GET /api/experiments/experiments/ HTTP/1.1" 200 4078
INFO 2025-09-03 21:12:36,938 basehttp "OPTIONS /api/experiments/experiments/38/problems/ HTTP/1.1" 200 0
INFO 2025-09-03 21:12:36,977 basehttp "GET /api/experiments/experiments/38/problems/ HTTP/1.1" 200 1311
INFO 2025-09-03 21:12:37,792 basehttp "GET /api/experiments/experiments/38/coding/23/ HTTP/1.1" 200 195
INFO 2025-09-03 21:12:42,215 basehttp "POST /api/experiments/judge/ HTTP/1.1" 200 119
INFO 2025-09-03 21:12:42,595 basehttp "GET /api/experiments/experiments/38/problems/ HTTP/1.1" 200 1532
INFO 2025-09-03 21:12:43,138 basehttp "OPTIONS /submit/experiment/ HTTP/1.1" 200 0
INFO 2025-09-03 21:12:43,964 basehttp "POST /submit/experiment/ HTTP/1.1" 200 402
INFO 2025-09-03 21:12:46,643 basehttp "POST /api/auth/login/ HTTP/1.1" 200 945
INFO 2025-09-03 21:12:47,900 basehttp "POST /api/auth/login/ HTTP/1.1" 200 945
INFO 2025-09-03 21:12:48,717 basehttp "GET /api/experiments/submissions/ HTTP/1.1" 200 2236
INFO 2025-09-03 21:12:48,718 basehttp "GET /api/experiments/experiments/ HTTP/1.1" 200 4078
INFO 2025-09-03 21:12:49,140 basehttp "GET /api/experiments/submissions/1/ HTTP/1.1" 200 1266
INFO 2025-09-03 21:12:50,089 basehttp "GET /api/students/ HTTP/1.1" 200 7730
INFO 2025-09-03 21:12:50,272 basehttp "GET /api/experiments/experiments/ HTTP/1.1" 200 4078
INFO 2025-09-03 21:12:50,703 basehttp "OPTIONS /api/experiments/experiments/38/ HTTP/1.1" 200 0
INFO 2025-09-03 21:12:50,794 basehttp "DELETE /api/experiments/experiments/38/ HTTP/1.1" 204 0
INFO 2025-09-03 21:12:50,945 basehttp "GET /api/experiments/experiments/ HTTP/1.1" 200 2627
INFO 2025-09-03 21:22:57,498 basehttp "OPTIONS /api/auth/register/ HTTP/1.1" 200 0
INFO 2025-09-03 21:22:58,673 basehttp "POST /api/auth/register/ HTTP/1.1" 201 47
INFO 2025-09-03 21:23:05,082 basehttp "POST /api/auth/register/ HTTP/1.1" 201 47
INFO 2025-09-03 21:23:06,362 basehttp "OPTIONS /api/auth/login/ HTTP/1.1" 200 0
INFO 2025-09-03 21:23:07,542 basehttp "POST /api/auth/login/ HTTP/1.1" 200 843
INFO 2025-09-03 21:23:08,738 basehttp "POST /api/auth/login/ HTTP/1.1" 200 843
INFO 2025-09-03 21:23:10,415 basehttp "OPTIONS /api/auth/user/profile/ HTTP/1.1" 200 0
INFO 2025-09-03 21:23:10,450 basehttp "PATCH /api/auth/user/profile/ HTTP/1.1" 200 122
INFO 2025-09-03 21:23:14,608 basehttp "POST /api/auth/login/ HTTP/1.1" 200 945
INFO 2025-09-03 21:23:15,850 basehttp "POST /api/auth/login/ HTTP/1.1" 200 945
INFO 2025-09-03 21:23:16,469 basehttp "OPTIONS /api/students/ HTTP/1.1" 200 0
INFO 2025-09-03 21:23:16,819 basehttp "GET /api/students/ HTTP/1.1" 200 7792
INFO 2025-09-03 21:23:16,910 basehttp "OPTIONS /api/experiments/experiments/ HTTP/1.1" 200 0
INFO 2025-09-03 21:23:16,993 basehttp "GET /api/experiments/experiments/ HTTP/1.1" 200 2627
INFO 2025-09-03 21:23:25,386 basehttp "POST /api/experiments/experiments/ HTTP/1.1" 201 988
INFO 2025-09-03 21:23:25,408 basehttp "OPTIONS /api/experiments/experiments/39/ HTTP/1.1" 200 0
INFO 2025-09-03 21:23:25,459 basehttp "GET /api/experiments/experiments/39/ HTTP/1.1" 200 988
INFO 2025-09-03 21:23:25,496 basehttp "OPTIONS /api/notices/ HTTP/1.1" 200 0
INFO 2025-09-03 21:23:25,531 basehttp "POST /api/notices/ HTTP/1.1" 201 462
INFO 2025-09-03 21:23:25,584 basehttp "OPTIONS /api/experiments/choice-problems/ HTTP/1.1" 200 0
INFO 2025-09-03 21:23:25,590 basehttp "OPTIONS /api/experiments/fill-problems/ HTTP/1.1" 200 0
INFO 2025-09-03 21:23:25,598 basehttp "OPTIONS /api/experiments/coding-problems/ HTTP/1.1" 200 0
INFO 2025-09-03 21:23:25,625 basehttp "POST /api/experiments/choice-problems/ HTTP/1.1" 201 195
INFO 2025-09-03 21:23:25,667 basehttp "POST /api/experiments/fill-problems/ HTTP/1.1" 201 115
INFO 2025-09-03 21:23:25,697 basehttp "POST /api/experiments/coding-problems/ HTTP/1.1" 201 156
INFO 2025-09-03 21:23:25,924 basehttp "GET /api/experiments/experiments/ HTTP/1.1" 200 4082
INFO 2025-09-03 21:23:28,609 basehttp "POST /api/auth/login/ HTTP/1.1" 200 843
INFO 2025-09-03 21:23:29,798 basehttp "POST /api/auth/login/ HTTP/1.1" 200 843
INFO 2025-09-03 21:23:30,190 basehttp "OPTIONS /api/notices/unread_count/ HTTP/1.1" 200 0
INFO 2025-09-03 21:23:30,213 basehttp "GET /api/notices/unread_count/ HTTP/1.1" 200 12
INFO 2025-09-03 21:23:30,465 basehttp "GET /api/experiments/experiments/ HTTP/1.1" 200 4082
INFO 2025-09-03 21:23:30,679 basehttp "OPTIONS /api/experiments/experiments/39/problems/ HTTP/1.1" 200 0
INFO 2025-09-03 21:23:30,740 basehttp "GET /api/experiments/experiments/39/problems/ HTTP/1.1" 200 1316
INFO 2025-09-03 21:23:31,411 basehttp "GET /api/experiments/experiments/39/coding/24/ HTTP/1.1" 200 195
INFO 2025-09-03 21:23:36,009 basehttp "POST /api/experiments/judge/ HTTP/1.1" 200 119
INFO 2025-09-03 21:23:36,429 basehttp "GET /api/experiments/experiments/39/problems/ HTTP/1.1" 200 1537
INFO 2025-09-03 21:23:36,992 basehttp "OPTIONS /submit/experiment/ HTTP/1.1" 200 0
INFO 2025-09-03 21:23:37,976 basehttp "POST /submit/experiment/ HTTP/1.1" 200 402
INFO 2025-09-03 21:23:40,627 basehttp "POST /api/auth/login/ HTTP/1.1" 200 945
INFO 2025-09-03 21:23:41,713 basehttp "POST /api/auth/login/ HTTP/1.1" 200 945
INFO 2025-09-03 21:23:42,451 basehttp "OPTIONS /api/experiments/submissions/ HTTP/1.1" 200 0
INFO 2025-09-03 21:23:42,607 basehttp "GET /api/experiments/experiments/ HTTP/1.1" 200 4082
INFO 2025-09-03 21:23:42,607 basehttp "GET /api/experiments/submissions/ HTTP/1.1" 200 2236
INFO 2025-09-03 21:23:43,107 basehttp "GET /api/experiments/submissions/1/ HTTP/1.1" 200 1266
INFO 2025-09-03 21:23:44,010 basehttp "GET /api/students/ HTTP/1.1" 200 7792
INFO 2025-09-03 21:23:44,215 basehttp "GET /api/experiments/experiments/ HTTP/1.1" 200 4082
INFO 2025-09-03 21:23:44,644 basehttp "OPTIONS /api/experiments/experiments/39/ HTTP/1.1" 200 0
INFO 2025-09-03 21:23:44,709 basehttp "DELETE /api/experiments/experiments/39/ HTTP/1.1" 204 0
INFO 2025-09-03 21:23:44,855 basehttp "GET /api/experiments/experiments/ HTTP/1.1" 200 2627
WARNING 2025-09-03 22:19:46,310 log Unauthorized: /api/students/
WARNING 2025-09-03 22:19:46,312 basehttp "GET /api/students/ HTTP/1.1" 401 623
WARNING 2025-09-03 22:19:46,326 log Unauthorized: /api/experiments/experiments/
WARNING 2025-09-03 22:19:46,329 basehttp "GET /api/experiments/experiments/ HTTP/1.1" 401 623
WARNING 2025-09-03 22:20:55,699 log Unauthorized: /api/students/
WARNING 2025-09-03 22:20:55,699 basehttp "GET /api/students/ HTTP/1.1" 401 623
WARNING 2025-09-03 22:20:55,726 log Unauthorized: /api/experiments/experiments/
WARNING 2025-09-03 22:20:55,728 basehttp "GET /api/experiments/experiments/ HTTP/1.1" 401 623
WARNING 2025-09-03 23:59:26,297 log Not Found: /api/notice
WARNING 2025-09-03 23:59:26,302 basehttp "GET /api/notice HTTP/1.1" 404 6696
INFO 2025-09-04 00:02:02,759 basehttp "GET /api/notices HTTP/1.1" 301 0
WARNING 2025-09-04 00:02:02,787 log Unauthorized: /api/notices/
WARNING 2025-09-04 00:02:02,791 basehttp "GET /api/notices/ HTTP/1.1" 401 96
INFO 2025-09-04 00:02:17,716 basehttp "POST /api/auth/login/ HTTP/1.1" 200 832
INFO 2025-09-04 00:02:38,565 basehttp "GET /api/notices HTTP/1.1" 301 0
INFO 2025-09-04 00:02:38,720 basehttp "GET /api/notices/ HTTP/1.1" 200 5228
ERROR 2025-09-04 00:02:53,032 log Internal Server Error: /api/notices
Traceback (most recent call last):
  File "E:\BUAA\大三\小学期\github_lab\venv\Lib\site-packages\django\core\handlers\exception.py", line 55, in inner
    response = get_response(request)
               ^^^^^^^^^^^^^^^^^^^^^
  File "E:\BUAA\大三\小学期\github_lab\venv\Lib\site-packages\django\utils\deprecation.py", line 122, in __call__
    response = self.process_response(request, response)
               ^^^^^^^^^^^^^^^^^^^^^^^^^^^^^^^^^^^^^^^^
  File "E:\BUAA\大三\小学期\github_lab\venv\Lib\site-packages\django\middleware\common.py", line 108, in process_response
    return self.response_redirect_class(self.get_full_path_with_slash(request))
                                        ^^^^^^^^^^^^^^^^^^^^^^^^^^^^^^^^^^^^^^
  File "E:\BUAA\大三\小学期\github_lab\venv\Lib\site-packages\django\middleware\common.py", line 87, in get_full_path_with_slash
    raise RuntimeError(
RuntimeError: You called this URL via POST, but the URL doesn't end in a slash and you have APPEND_SLASH set. Django can't redirect to the slash URL while maintaining POST data. Change your form to point to 127.0.0.1:8000/api/notices/ (note the trailing slash), or set APPEND_SLASH=False in your Django settings.
ERROR 2025-09-04 00:02:53,053 basehttp "POST /api/notices HTTP/1.1" 500 78683
ERROR 2025-09-04 00:04:01,487 log Internal Server Error: /api/notices
Traceback (most recent call last):
  File "E:\BUAA\大三\小学期\github_lab\venv\Lib\site-packages\django\core\handlers\exception.py", line 55, in inner
    response = get_response(request)
               ^^^^^^^^^^^^^^^^^^^^^
  File "E:\BUAA\大三\小学期\github_lab\venv\Lib\site-packages\django\utils\deprecation.py", line 122, in __call__
    response = self.process_response(request, response)
               ^^^^^^^^^^^^^^^^^^^^^^^^^^^^^^^^^^^^^^^^
  File "E:\BUAA\大三\小学期\github_lab\venv\Lib\site-packages\django\middleware\common.py", line 108, in process_response
    return self.response_redirect_class(self.get_full_path_with_slash(request))
                                        ^^^^^^^^^^^^^^^^^^^^^^^^^^^^^^^^^^^^^^
  File "E:\BUAA\大三\小学期\github_lab\venv\Lib\site-packages\django\middleware\common.py", line 87, in get_full_path_with_slash
    raise RuntimeError(
RuntimeError: You called this URL via POST, but the URL doesn't end in a slash and you have APPEND_SLASH set. Django can't redirect to the slash URL while maintaining POST data. Change your form to point to 127.0.0.1:8000/api/notices/ (note the trailing slash), or set APPEND_SLASH=False in your Django settings.
ERROR 2025-09-04 00:04:01,492 basehttp "POST /api/notices HTTP/1.1" 500 78683
INFO 2025-09-04 00:06:24,636 basehttp "POST /api/notices/ HTTP/1.1" 201 312
INFO 2025-09-04 00:07:19,733 basehttp "DELETE /api/notices/84/ HTTP/1.1" 204 0
INFO 2025-09-04 00:08:09,166 basehttp "POST /api/auth/login/ HTTP/1.1" 200 832
WARNING 2025-09-04 00:08:26,820 log Not Found: /api/notices/83/read
WARNING 2025-09-04 00:08:26,822 basehttp "POST /api/notices/83/read HTTP/1.1" 404 7981
WARNING 2025-09-04 00:08:46,794 log Not Found: /api/notices/83/read/
WARNING 2025-09-04 00:08:46,796 basehttp "POST /api/notices/83/read/ HTTP/1.1" 404 7984
WARNING 2025-09-04 00:09:31,896 log Not Found: /api/notices/83/read/mark_as_read/
WARNING 2025-09-04 00:09:31,898 basehttp "POST /api/notices/83/read/mark_as_read/ HTTP/1.1" 404 8023
INFO 2025-09-04 00:09:38,695 basehttp "POST /api/notices/83/mark_as_read/ HTTP/1.1" 200 35
ERROR 2025-09-04 00:23:33,465 log Internal Server Error: /api/experiments
Traceback (most recent call last):
  File "E:\BUAA\大三\小学期\github_lab\venv\Lib\site-packages\django\core\handlers\exception.py", line 55, in inner
    response = get_response(request)
               ^^^^^^^^^^^^^^^^^^^^^
  File "E:\BUAA\大三\小学期\github_lab\venv\Lib\site-packages\django\utils\deprecation.py", line 122, in __call__
    response = self.process_response(request, response)
               ^^^^^^^^^^^^^^^^^^^^^^^^^^^^^^^^^^^^^^^^
  File "E:\BUAA\大三\小学期\github_lab\venv\Lib\site-packages\django\middleware\common.py", line 108, in process_response
    return self.response_redirect_class(self.get_full_path_with_slash(request))
                                        ^^^^^^^^^^^^^^^^^^^^^^^^^^^^^^^^^^^^^^
  File "E:\BUAA\大三\小学期\github_lab\venv\Lib\site-packages\django\middleware\common.py", line 87, in get_full_path_with_slash
    raise RuntimeError(
RuntimeError: You called this URL via POST, but the URL doesn't end in a slash and you have APPEND_SLASH set. Django can't redirect to the slash URL while maintaining POST data. Change your form to point to 127.0.0.1:8000/api/experiments/ (note the trailing slash), or set APPEND_SLASH=False in your Django settings.
ERROR 2025-09-04 00:23:33,470 basehttp "POST /api/experiments HTTP/1.1" 500 78739
WARNING 2025-09-04 00:23:38,598 log Method Not Allowed: /api/experiments/
WARNING 2025-09-04 00:23:38,600 basehttp "POST /api/experiments/ HTTP/1.1" 405 79
INFO 2025-09-04 00:23:45,434 basehttp "GET /api/experiments/ HTTP/1.1" 200 415
INFO 2025-09-04 00:24:09,375 basehttp "GET /api/experiments/experiments/ HTTP/1.1" 200 2627
WARNING 2025-09-04 00:30:20,586 log Unauthorized: /materials/
WARNING 2025-09-04 00:30:20,590 basehttp "GET /materials/ HTTP/1.1" 401 623
INFO 2025-09-04 00:40:22,185 autoreload E:\BUAA\大三\小学期\github_lab\group-platform\backend\forum\views.py changed, reloading.
INFO 2025-09-04 00:40:25,173 autoreload Watching for file changes with StatReloader
INFO 2025-09-04 00:40:34,497 autoreload E:\BUAA\大三\小学期\github_lab\group-platform\backend\forum\views.py changed, reloading.
INFO 2025-09-04 00:40:35,800 autoreload Watching for file changes with StatReloader
INFO 2025-09-04 13:58:24,453 autoreload Watching for file changes with StatReloader
INFO 2025-09-04 14:03:24,214 basehttp "POST /api/auth/register/ HTTP/1.1" 201 47
INFO 2025-09-04 14:03:24,230 basehttp "POST /api/auth/register/ HTTP/1.1" 201 47
INFO 2025-09-04 14:03:25,146 basehttp "POST /api/auth/login/ HTTP/1.1" 200 872
INFO 2025-09-04 14:03:25,180 basehttp "POST /api/auth/login/ HTTP/1.1" 200 872
INFO 2025-09-04 14:03:25,182 basehttp "POST /api/forum/questions/ HTTP/1.1" 201 323
INFO 2025-09-04 14:03:25,205 basehttp "POST /api/forum/questions/ HTTP/1.1" 201 323
INFO 2025-09-04 14:03:25,217 basehttp "GET /api/forum/questions/158/ HTTP/1.1" 200 323
INFO 2025-09-04 14:03:25,250 basehttp "GET /api/forum/questions/ HTTP/1.1" 200 1632
INFO 2025-09-04 14:03:25,498 basehttp "POST /api/auth/register/ HTTP/1.1" 201 47
INFO 2025-09-04 14:03:25,586 basehttp "POST /api/auth/register/ HTTP/1.1" 201 47
INFO 2025-09-04 14:03:26,439 basehttp "POST /api/auth/register/ HTTP/1.1" 201 47
INFO 2025-09-04 14:03:26,485 basehttp "POST /api/auth/register/ HTTP/1.1" 201 47
INFO 2025-09-04 14:03:26,531 basehttp "POST /api/auth/login/ HTTP/1.1" 200 872
INFO 2025-09-04 14:03:26,552 basehttp "POST /api/forum/questions/ HTTP/1.1" 201 323
INFO 2025-09-04 14:03:26,571 basehttp "GET /api/forum/questions/160/ HTTP/1.1" 200 323
INFO 2025-09-04 14:03:26,672 basehttp "POST /api/auth/login/ HTTP/1.1" 200 872
INFO 2025-09-04 14:03:26,698 basehttp "POST /api/forum/questions/ HTTP/1.1" 201 323
INFO 2025-09-04 14:03:27,400 basehttp "POST /api/auth/login/ HTTP/1.1" 200 872
INFO 2025-09-04 14:03:27,417 basehttp "POST /api/forum/questions/ HTTP/1.1" 201 323
INFO 2025-09-04 14:03:27,432 basehttp "GET /api/forum/questions/162/ HTTP/1.1" 200 323
INFO 2025-09-04 14:03:27,581 basehttp "POST /api/auth/login/ HTTP/1.1" 200 872
INFO 2025-09-04 14:03:27,616 basehttp "POST /api/forum/questions/ HTTP/1.1" 201 323
INFO 2025-09-04 14:03:27,636 basehttp "POST /api/auth/register/ HTTP/1.1" 201 47
INFO 2025-09-04 14:03:27,636 basehttp "POST /api/forum/questions/ HTTP/1.1" 201 323
INFO 2025-09-04 14:03:27,636 basehttp "DELETE /api/forum/questions/163/ HTTP/1.1" 204 0
INFO 2025-09-04 14:03:27,700 basehttp "POST /api/auth/register/ HTTP/1.1" 201 47
INFO 2025-09-04 14:03:27,764 basehttp "GET /api/forum/questions/161/ HTTP/1.1" 200 323
INFO 2025-09-04 14:03:28,380 basehttp "POST /api/auth/register/ HTTP/1.1" 201 47
INFO 2025-09-04 14:03:28,599 basehttp "POST /api/auth/register/ HTTP/1.1" 201 47
INFO 2025-09-04 14:03:28,616 basehttp "GET /api/forum/questions/ HTTP/1.1" 200 2928
INFO 2025-09-04 14:03:28,673 basehttp "POST /api/auth/login/ HTTP/1.1" 200 872
INFO 2025-09-04 14:03:28,697 basehttp "POST /api/forum/questions/ HTTP/1.1" 201 323
INFO 2025-09-04 14:03:28,716 basehttp "DELETE /api/forum/questions/165/ HTTP/1.1" 204 0
INFO 2025-09-04 14:03:28,816 basehttp "PATCH /api/forum/questions/162/toggle-like/ HTTP/1.1" 200 30
INFO 2025-09-04 14:03:28,832 basehttp "POST /api/auth/login/ HTTP/1.1" 200 872
INFO 2025-09-04 14:03:28,852 basehttp "POST /api/forum/questions/ HTTP/1.1" 201 323
INFO 2025-09-04 14:03:29,438 basehttp "GET /api/forum/questions/ HTTP/1.1" 200 3252
INFO 2025-09-04 14:03:29,448 basehttp "POST /api/auth/register/ HTTP/1.1" 201 47
INFO 2025-09-04 14:03:29,494 basehttp "POST /api/auth/login/ HTTP/1.1" 200 872
INFO 2025-09-04 14:03:29,515 basehttp "POST /api/forum/questions/ HTTP/1.1" 201 323
INFO 2025-09-04 14:03:29,534 basehttp "PATCH /api/forum/questions/167/toggle-like/ HTTP/1.1" 200 30
INFO 2025-09-04 14:03:29,630 basehttp "POST /api/forum/questions/164/comments/ HTTP/1.1" 201 175
INFO 2025-09-04 14:03:29,665 basehttp "POST /api/auth/login/ HTTP/1.1" 200 872
INFO 2025-09-04 14:03:29,665 basehttp "POST /api/auth/register/ HTTP/1.1" 201 47
INFO 2025-09-04 14:03:29,698 basehttp "POST /api/forum/questions/ HTTP/1.1" 201 323
INFO 2025-09-04 14:03:29,782 basehttp "GET /api/forum/questions/158/ HTTP/1.1" 200 323
INFO 2025-09-04 14:03:29,798 basehttp "GET /api/forum/questions/ HTTP/1.1" 200 4075
INFO 2025-09-04 14:03:29,900 basehttp "DELETE /api/forum/questions/166/ HTTP/1.1" 204 0
INFO 2025-09-04 14:03:30,249 basehttp "GET /api/forum/questions/ HTTP/1.1" 200 3751
INFO 2025-09-04 14:03:30,404 basehttp "POST /api/auth/login/ HTTP/1.1" 200 872
INFO 2025-09-04 14:03:30,426 basehttp "POST /api/forum/questions/ HTTP/1.1" 201 323
INFO 2025-09-04 14:03:30,467 basehttp "POST /api/auth/register/ HTTP/1.1" 201 47
INFO 2025-09-04 14:03:30,527 basehttp "POST /api/auth/register/ HTTP/1.1" 201 47
INFO 2025-09-04 14:03:30,569 basehttp "POST /api/auth/login/ HTTP/1.1" 200 872
INFO 2025-09-04 14:03:30,591 basehttp "POST /api/forum/questions/ HTTP/1.1" 201 323
INFO 2025-09-04 14:03:30,600 basehttp "GET /api/forum/questions/170/ HTTP/1.1" 200 323
INFO 2025-09-04 14:03:30,748 basehttp "POST /api/forum/questions/164/comments/ HTTP/1.1" 201 175
INFO 2025-09-04 14:03:31,075 basehttp "GET /api/forum/questions/ HTTP/1.1" 200 4575
INFO 2025-09-04 14:03:31,231 basehttp "GET /api/forum/questions/167/ HTTP/1.1" 200 322
INFO 2025-09-04 14:03:31,304 basehttp "POST /api/forum/questions/ HTTP/1.1" 201 323
INFO 2025-09-04 14:03:31,348 basehttp "POST /api/forum/questions/ HTTP/1.1" 201 323
INFO 2025-09-04 14:03:31,398 basehttp "PATCH /api/forum/questions/161/toggle-like/ HTTP/1.1" 200 30
INFO 2025-09-04 14:03:31,452 basehttp "POST /api/auth/register/ HTTP/1.1" 201 47
INFO 2025-09-04 14:03:31,452 basehttp "POST /api/auth/login/ HTTP/1.1" 200 872
INFO 2025-09-04 14:03:31,479 basehttp "POST /api/forum/questions/ HTTP/1.1" 201 323
INFO 2025-09-04 14:03:31,482 basehttp "POST /api/auth/register/ HTTP/1.1" 201 47
INFO 2025-09-04 14:03:31,502 basehttp "DELETE /api/forum/questions/173/ HTTP/1.1" 204 0
INFO 2025-09-04 14:03:31,509 basehttp "POST /api/auth/login/ HTTP/1.1" 200 872
INFO 2025-09-04 14:03:31,523 basehttp "POST /api/forum/questions/ HTTP/1.1" 201 323
INFO 2025-09-04 14:03:31,542 basehttp "POST /api/forum/questions/174/comments/ HTTP/1.1" 201 175
INFO 2025-09-04 14:03:31,920 basehttp "PATCH /api/forum/questions/170/toggle-like/ HTTP/1.1" 200 30
INFO 2025-09-04 14:03:32,006 basehttp "GET /api/forum/questions/ HTTP/1.1" 200 5722
INFO 2025-09-04 14:03:32,014 basehttp "GET /api/forum/questions/ HTTP/1.1" 200 5722
INFO 2025-09-04 14:03:32,320 basehttp "POST /api/auth/register/ HTTP/1.1" 201 47
INFO 2025-09-04 14:03:32,333 basehttp "GET /api/forum/questions/164/ HTTP/1.1" 200 674
INFO 2025-09-04 14:03:32,427 basehttp "POST /api/auth/login/ HTTP/1.1" 200 872
INFO 2025-09-04 14:03:32,452 basehttp "POST /api/auth/register/ HTTP/1.1" 201 47
INFO 2025-09-04 14:03:32,452 basehttp "POST /api/forum/questions/ HTTP/1.1" 201 323
INFO 2025-09-04 14:03:32,453 basehttp "POST /api/auth/login/ HTTP/1.1" 200 872
INFO 2025-09-04 14:03:32,483 basehttp "POST /api/forum/questions/ HTTP/1.1" 201 323
INFO 2025-09-04 14:03:32,485 basehttp "PATCH /api/forum/questions/175/toggle-like/ HTTP/1.1" 200 30
INFO 2025-09-04 14:03:32,569 basehttp "GET /api/forum/questions/ HTTP/1.1" 200 5721
INFO 2025-09-04 14:03:32,633 basehttp "GET /api/forum/questions/ HTTP/1.1" 200 6370
INFO 2025-09-04 14:03:32,665 basehttp "DELETE /api/forum/questions/168/ HTTP/1.1" 204 0
INFO 2025-09-04 14:03:32,990 basehttp "GET /api/forum/questions/172/ HTTP/1.1" 200 323
INFO 2025-09-04 14:03:33,000 basehttp "GET /api/forum/questions/ HTTP/1.1" 200 6045
INFO 2025-09-04 14:03:33,165 basehttp "POST /api/forum/questions/ HTTP/1.1" 201 323
INFO 2025-09-04 14:03:33,375 basehttp "DELETE /api/forum/questions/169/ HTTP/1.1" 204 0
INFO 2025-09-04 14:03:33,398 basehttp "POST /api/auth/login/ HTTP/1.1" 200 872
INFO 2025-09-04 14:03:33,422 basehttp "POST /api/forum/questions/ HTTP/1.1" 201 323
INFO 2025-09-04 14:03:33,453 basehttp "POST /api/auth/register/ HTTP/1.1" 201 47
INFO 2025-09-04 14:03:33,483 basehttp "GET /api/forum/questions/ HTTP/1.1" 200 6370
INFO 2025-09-04 14:03:33,562 basehttp "POST /api/forum/questions/164/comments/ HTTP/1.1" 201 175
INFO 2025-09-04 14:03:33,582 basehttp "DELETE /api/forum/questions/170/ HTTP/1.1" 204 0
INFO 2025-09-04 14:03:33,650 basehttp "POST /api/auth/login/ HTTP/1.1" 200 872
INFO 2025-09-04 14:03:33,650 basehttp "POST /api/auth/register/ HTTP/1.1" 201 47
INFO 2025-09-04 14:03:33,676 basehttp "POST /api/forum/questions/ HTTP/1.1" 201 323
INFO 2025-09-04 14:03:33,697 basehttp "POST /api/forum/questions/179/comments/ HTTP/1.1" 201 175
INFO 2025-09-04 14:03:33,781 basehttp "POST /api/forum/questions/167/comments/ HTTP/1.1" 201 175
INFO 2025-09-04 14:03:33,881 basehttp "GET /api/forum/questions/175/ HTTP/1.1" 200 322
INFO 2025-09-04 14:03:33,965 basehttp "DELETE /api/forum/questions/159/ HTTP/1.1" 204 0
INFO 2025-09-04 14:03:34,082 basehttp "GET /api/forum/questions/ HTTP/1.1" 200 6896
INFO 2025-09-04 14:03:34,103 basehttp "GET /api/forum/questions/158/ HTTP/1.1" 200 323
INFO 2025-09-04 14:03:34,352 basehttp "POST /api/auth/login/ HTTP/1.1" 200 872
INFO 2025-09-04 14:03:34,366 basehttp "POST /api/forum/questions/ HTTP/1.1" 201 323
INFO 2025-09-04 14:03:34,381 basehttp "POST /api/forum/questions/ HTTP/1.1" 201 323
INFO 2025-09-04 14:03:34,555 basehttp "GET /api/forum/questions/ HTTP/1.1" 200 7220
INFO 2025-09-04 14:03:34,565 basehttp "GET /api/forum/questions/ HTTP/1.1" 200 7219
INFO 2025-09-04 14:03:34,580 basehttp "POST /api/auth/login/ HTTP/1.1" 200 872
INFO 2025-09-04 14:03:34,599 basehttp "POST /api/forum/questions/ HTTP/1.1" 201 323
INFO 2025-09-04 14:03:34,599 basehttp "GET /api/forum/questions/178/ HTTP/1.1" 200 323
INFO 2025-09-04 14:03:34,614 basehttp "POST /api/forum/questions/182/comments/ HTTP/1.1" 201 175
INFO 2025-09-04 14:03:35,228 basehttp "POST /api/forum/questions/164/comments/ HTTP/1.1" 201 175
INFO 2025-09-04 14:03:35,345 basehttp "DELETE /api/forum/comments/129/ HTTP/1.1" 204 0
INFO 2025-09-04 14:03:35,630 basehttp "GET /api/forum/questions/ HTTP/1.1" 200 7719
INFO 2025-09-04 14:03:35,694 basehttp "POST /api/forum/questions/ HTTP/1.1" 201 323
INFO 2025-09-04 14:03:35,698 basehttp "PATCH /api/forum/questions/175/toggle-like/ HTTP/1.1" 200 31
INFO 2025-09-04 14:03:35,935 basehttp "GET /api/forum/questions/176/ HTTP/1.1" 200 323
INFO 2025-09-04 14:03:36,067 basehttp "GET /api/forum/questions/ HTTP/1.1" 200 8044
INFO 2025-09-04 14:03:36,068 basehttp "PATCH /api/forum/questions/161/toggle-like/ HTTP/1.1" 200 31
INFO 2025-09-04 14:03:36,082 basehttp "POST /api/forum/questions/ HTTP/1.1" 201 323
INFO 2025-09-04 14:03:36,095 basehttp "GET /api/forum/questions/ HTTP/1.1" 200 8043
INFO 2025-09-04 14:03:36,159 basehttp "PATCH /api/forum/questions/177/toggle-sticky/ HTTP/1.1" 200 18
INFO 2025-09-04 14:03:36,365 basehttp "POST /api/forum/questions/179/comments/ HTTP/1.1" 201 175
INFO 2025-09-04 14:03:36,366 basehttp "POST /api/forum/questions/ HTTP/1.1" 201 323
INFO 2025-09-04 14:03:36,393 basehttp "DELETE /api/forum/questions/181/ HTTP/1.1" 204 0
INFO 2025-09-04 14:03:37,115 basehttp "POST /api/forum/questions/ HTTP/1.1" 201 323
INFO 2025-09-04 14:03:37,247 basehttp "GET /api/forum/questions/ HTTP/1.1" 200 8865
INFO 2025-09-04 14:03:37,331 basehttp "POST /api/forum/questions/176/comments/ HTTP/1.1" 201 175
INFO 2025-09-04 14:03:37,365 basehttp "POST /api/forum/questions/174/comments/ HTTP/1.1" 201 175
INFO 2025-09-04 14:03:37,384 basehttp "POST /api/forum/questions/ HTTP/1.1" 201 323
INFO 2025-09-04 14:03:37,602 basehttp "POST /api/forum/questions/172/comments/ HTTP/1.1" 201 175
INFO 2025-09-04 14:03:37,632 basehttp "POST /api/forum/questions/ HTTP/1.1" 201 323
INFO 2025-09-04 14:03:37,705 basehttp "GET /api/forum/questions/ HTTP/1.1" 200 9716
INFO 2025-09-04 14:03:37,776 basehttp "GET /api/forum/questions/ HTTP/1.1" 200 10040
INFO 2025-09-04 14:03:37,838 basehttp "PATCH /api/forum/questions/175/toggle-like/ HTTP/1.1" 200 30
INFO 2025-09-04 14:03:37,866 basehttp "DELETE /api/forum/questions/185/ HTTP/1.1" 204 0
INFO 2025-09-04 14:03:38,048 basehttp "DELETE /api/forum/questions/179/ HTTP/1.1" 204 0
INFO 2025-09-04 14:03:38,195 basehttp "GET /api/forum/questions/ HTTP/1.1" 200 9217
INFO 2025-09-04 14:03:38,195 basehttp "GET /api/forum/questions/ HTTP/1.1" 200 9217
INFO 2025-09-04 14:03:38,433 basehttp "PATCH /api/forum/questions/164/toggle-like/ HTTP/1.1" 200 30
INFO 2025-09-04 14:03:38,456 basehttp "GET /api/forum/questions/ HTTP/1.1" 200 9216
INFO 2025-09-04 14:03:38,546 basehttp "POST /api/forum/questions/186/comments/ HTTP/1.1" 201 175
INFO 2025-09-04 14:03:38,670 basehttp "GET /api/forum/questions/ HTTP/1.1" 200 9392
INFO 2025-09-04 14:03:38,686 basehttp "DELETE /api/forum/questions/161/ HTTP/1.1" 204 0
INFO 2025-09-04 14:03:38,861 basehttp "GET /api/forum/questions/ HTTP/1.1" 200 9068
INFO 2025-09-04 14:03:38,933 basehttp "DELETE /api/forum/questions/174/ HTTP/1.1" 204 0
INFO 2025-09-04 14:03:39,168 basehttp "POST /api/forum/questions/ HTTP/1.1" 201 323
INFO 2025-09-04 14:03:39,295 basehttp "PATCH /api/forum/questions/175/toggle-like/ HTTP/1.1" 200 31
INFO 2025-09-04 14:03:39,548 basehttp "DELETE /api/forum/questions/172/ HTTP/1.1" 204 0
INFO 2025-09-04 14:03:39,548 basehttp "GET /api/forum/questions/188/ HTTP/1.1" 200 323
INFO 2025-09-04 14:03:39,562 basehttp "GET /api/forum/questions/ HTTP/1.1" 200 8717
INFO 2025-09-04 14:03:39,639 basehttp "POST /api/forum/questions/ HTTP/1.1" 201 323
INFO 2025-09-04 14:03:39,718 basehttp "GET /api/forum/questions/ HTTP/1.1" 200 8218
INFO 2025-09-04 14:03:40,050 basehttp "PATCH /api/forum/questions/176/toggle-like/ HTTP/1.1" 200 30
INFO 2025-09-04 14:03:40,111 basehttp "GET /api/forum/questions/ HTTP/1.1" 200 8542
INFO 2025-09-04 14:03:40,209 basehttp "POST /api/forum/questions/184/comments/ HTTP/1.1" 201 175
INFO 2025-09-04 14:03:40,212 basehttp "POST /api/forum/questions/177/comments/ HTTP/1.1" 201 175
INFO 2025-09-04 14:03:40,366 basehttp "GET /api/forum/questions/164/ HTTP/1.1" 200 1025
INFO 2025-09-04 14:03:40,415 basehttp "GET /api/forum/questions/ HTTP/1.1" 200 8892
INFO 2025-09-04 14:03:40,482 basehttp "GET /api/forum/questions/167/ HTTP/1.1" 200 497
INFO 2025-09-04 14:03:40,902 basehttp "GET /api/forum/questions/ HTTP/1.1" 200 8892
INFO 2025-09-04 14:03:40,906 basehttp "GET /api/forum/questions/ HTTP/1.1" 200 8892
INFO 2025-09-04 14:03:41,042 basehttp "DELETE /api/forum/questions/188/ HTTP/1.1" 204 0
INFO 2025-09-04 14:03:41,133 basehttp "DELETE /api/forum/questions/189/ HTTP/1.1" 204 0
INFO 2025-09-04 14:03:41,133 basehttp "PATCH /api/forum/questions/187/toggle-like/ HTTP/1.1" 200 30
INFO 2025-09-04 14:03:41,302 basehttp "DELETE /api/forum/comments/134/ HTTP/1.1" 204 0
INFO 2025-09-04 14:03:41,741 basehttp "GET /api/forum/questions/ HTTP/1.1" 200 8069
INFO 2025-09-04 14:03:41,759 basehttp "POST /api/forum/questions/175/comments/ HTTP/1.1" 201 175
INFO 2025-09-04 14:03:41,988 basehttp "GET /api/forum/questions/177/ HTTP/1.1" 200 497
INFO 2025-09-04 14:03:42,032 basehttp "GET /api/forum/questions/ HTTP/1.1" 200 8244
INFO 2025-09-04 14:03:42,083 basehttp "PATCH /api/forum/questions/167/toggle-like/ HTTP/1.1" 200 31
WARNING 2025-09-04 14:03:42,173 log Not Found: /api/forum/comments/135/
WARNING 2025-09-04 14:03:42,174 basehttp "DELETE /api/forum/comments/135/ HTTP/1.1" 404 86
INFO 2025-09-04 14:03:42,291 basehttp "GET /api/forum/questions/ HTTP/1.1" 200 8243
INFO 2025-09-04 14:03:42,389 basehttp "DELETE /api/forum/questions/186/ HTTP/1.1" 204 0
WARNING 2025-09-04 14:03:42,719 log Not Found: /api/forum/comments/136/
WARNING 2025-09-04 14:03:42,719 basehttp "DELETE /api/forum/comments/136/ HTTP/1.1" 404 86
INFO 2025-09-04 14:03:43,046 basehttp "DELETE /api/forum/questions/175/ HTTP/1.1" 204 0
INFO 2025-09-04 14:03:43,047 basehttp "POST /api/forum/questions/ HTTP/1.1" 201 323
INFO 2025-09-04 14:03:43,225 basehttp "POST /api/forum/questions/167/comments/ HTTP/1.1" 201 175
INFO 2025-09-04 14:03:43,348 basehttp "POST /api/forum/questions/ HTTP/1.1" 201 323
INFO 2025-09-04 14:03:43,439 basehttp "PATCH /api/forum/questions/184/toggle-like/ HTTP/1.1" 200 30
INFO 2025-09-04 14:03:43,648 basehttp "GET /api/forum/questions/164/ HTTP/1.1" 200 1025
INFO 2025-09-04 14:03:43,692 basehttp "GET /api/forum/questions/ HTTP/1.1" 200 8070
INFO 2025-09-04 14:03:43,705 basehttp "POST /api/forum/questions/190/comments/ HTTP/1.1" 201 175
INFO 2025-09-04 14:03:44,094 basehttp "GET /api/forum/questions/ HTTP/1.1" 200 8245
INFO 2025-09-04 14:03:44,320 basehttp "GET /api/forum/questions/167/ HTTP/1.1" 200 674
INFO 2025-09-04 14:03:44,351 basehttp "GET /api/forum/questions/ HTTP/1.1" 200 8244
INFO 2025-09-04 14:03:44,355 basehttp "GET /api/forum/questions/ HTTP/1.1" 200 8244
INFO 2025-09-04 14:03:44,725 basehttp "POST /api/forum/questions/192/comments/ HTTP/1.1" 201 175
INFO 2025-09-04 14:03:44,770 basehttp "GET /api/forum/questions/164/ HTTP/1.1" 200 1025
INFO 2025-09-04 14:03:44,916 basehttp "GET /api/forum/questions/ HTTP/1.1" 200 8420
INFO 2025-09-04 14:03:45,015 basehttp "GET /api/forum/questions/ HTTP/1.1" 200 8420
INFO 2025-09-04 14:03:45,055 basehttp "GET /api/forum/questions/ HTTP/1.1" 200 8419
INFO 2025-09-04 14:03:45,148 basehttp "GET /api/forum/questions/ HTTP/1.1" 200 8420
INFO 2025-09-04 14:03:45,166 basehttp "POST /api/forum/questions/ HTTP/1.1" 201 323
INFO 2025-09-04 14:03:45,227 basehttp "GET /api/forum/questions/ HTTP/1.1" 200 8420
INFO 2025-09-04 14:03:45,413 basehttp "POST /api/forum/questions/ HTTP/1.1" 201 323
INFO 2025-09-04 14:03:45,447 basehttp "POST /api/forum/questions/ HTTP/1.1" 201 323
INFO 2025-09-04 14:03:45,947 basehttp "DELETE /api/forum/comments/141/ HTTP/1.1" 204 0
INFO 2025-09-04 14:03:45,951 basehttp "GET /api/forum/questions/ HTTP/1.1" 200 9392
INFO 2025-09-04 14:03:46,181 basehttp "GET /api/forum/questions/ HTTP/1.1" 200 9215
INFO 2025-09-04 14:03:46,224 basehttp "POST /api/forum/questions/ HTTP/1.1" 201 323
INFO 2025-09-04 14:03:46,281 basehttp "PATCH /api/forum/questions/192/toggle-like/ HTTP/1.1" 200 30
INFO 2025-09-04 14:03:46,661 basehttp "POST /api/forum/questions/184/comments/ HTTP/1.1" 201 175
INFO 2025-09-04 14:03:46,868 basehttp "POST /api/forum/questions/ HTTP/1.1" 201 323
INFO 2025-09-04 14:03:46,921 basehttp "GET /api/forum/questions/ HTTP/1.1" 200 9716
INFO 2025-09-04 14:03:47,013 basehttp "GET /api/forum/questions/ HTTP/1.1" 200 10040
INFO 2025-09-04 14:03:47,146 basehttp "GET /api/forum/questions/ HTTP/1.1" 200 10040
INFO 2025-09-04 14:03:47,309 basehttp "DELETE /api/forum/comments/132/ HTTP/1.1" 204 0
INFO 2025-09-04 14:03:47,507 basehttp "GET /api/forum/questions/ HTTP/1.1" 200 9864
INFO 2025-09-04 14:03:47,623 basehttp "POST /api/forum/questions/ HTTP/1.1" 201 323
INFO 2025-09-04 14:03:47,733 basehttp "GET /api/forum/questions/ HTTP/1.1" 200 10187
WARNING 2025-09-04 14:03:47,949 log Not Found: /api/forum/comments/137/
WARNING 2025-09-04 14:03:47,950 basehttp "DELETE /api/forum/comments/137/ HTTP/1.1" 404 86
INFO 2025-09-04 14:03:47,983 basehttp "PATCH /api/forum/questions/196/toggle-sticky/ HTTP/1.1" 200 18
INFO 2025-09-04 14:03:48,077 basehttp "GET /api/forum/questions/191/ HTTP/1.1" 200 323
INFO 2025-09-04 14:03:48,165 basehttp "POST /api/forum/questions/184/comments/ HTTP/1.1" 201 175
INFO 2025-09-04 14:03:48,234 basehttp "GET /api/forum/questions/ HTTP/1.1" 200 10186
INFO 2025-09-04 14:03:48,310 basehttp "GET /api/forum/questions/ HTTP/1.1" 200 10363
INFO 2025-09-04 14:03:48,432 basehttp "GET /api/forum/questions/194/ HTTP/1.1" 200 323
INFO 2025-09-04 14:03:48,667 basehttp "GET /api/forum/questions/ HTTP/1.1" 200 10362
INFO 2025-09-04 14:03:48,902 basehttp "DELETE /api/forum/questions/177/ HTTP/1.1" 204 0
INFO 2025-09-04 14:03:49,004 basehttp "GET /api/forum/questions/ HTTP/1.1" 200 10363
INFO 2025-09-04 14:03:49,091 basehttp "GET /api/forum/questions/196/ HTTP/1.1" 200 322
INFO 2025-09-04 14:03:49,536 basehttp "POST /api/forum/questions/167/comments/ HTTP/1.1" 201 175
INFO 2025-09-04 14:03:49,774 basehttp "GET /api/forum/questions/ HTTP/1.1" 200 10040
INFO 2025-09-04 14:03:49,952 basehttp "GET /api/forum/questions/184/ HTTP/1.1" 200 849
INFO 2025-09-04 14:03:49,979 basehttp "GET /api/forum/questions/ HTTP/1.1" 200 10041
WARNING 2025-09-04 14:03:50,270 log Not Found: /api/forum/comments/133/
WARNING 2025-09-04 14:03:50,271 basehttp "DELETE /api/forum/comments/133/ HTTP/1.1" 404 86
INFO 2025-09-04 14:03:50,321 basehttp "POST /api/forum/questions/164/comments/ HTTP/1.1" 201 175
INFO 2025-09-04 14:03:50,413 basehttp "POST /api/forum/questions/ HTTP/1.1" 201 323
INFO 2025-09-04 14:03:50,685 basehttp "POST /api/forum/questions/ HTTP/1.1" 201 323
INFO 2025-09-04 14:03:50,710 basehttp "GET /api/forum/questions/ HTTP/1.1" 200 10541
WARNING 2025-09-04 14:03:50,781 log Not Found: /api/forum/comments/139/
WARNING 2025-09-04 14:03:50,781 basehttp "DELETE /api/forum/comments/139/ HTTP/1.1" 404 86
INFO 2025-09-04 14:03:50,949 basehttp "PATCH /api/forum/questions/196/toggle-sticky/ HTTP/1.1" 200 19
INFO 2025-09-04 14:03:50,984 basehttp "POST /api/forum/questions/ HTTP/1.1" 201 323
INFO 2025-09-04 14:03:51,235 basehttp "POST /api/forum/questions/ HTTP/1.1" 201 323
INFO 2025-09-04 14:03:51,321 basehttp "GET /api/forum/questions/ HTTP/1.1" 200 11189
INFO 2025-09-04 14:03:51,324 basehttp "GET /api/forum/questions/167/ HTTP/1.1" 200 674
INFO 2025-09-04 14:03:51,366 basehttp "GET /api/forum/questions/194/ HTTP/1.1" 200 323
INFO 2025-09-04 14:03:51,482 basehttp "PATCH /api/forum/questions/198/toggle-like/ HTTP/1.1" 200 30
INFO 2025-09-04 14:03:51,564 basehttp "DELETE /api/forum/questions/164/ HTTP/1.1" 204 0
INFO 2025-09-04 14:03:51,706 basehttp "GET /api/forum/questions/197/ HTTP/1.1" 200 323
INFO 2025-09-04 14:03:51,833 basehttp "POST /api/forum/questions/ HTTP/1.1" 201 323
INFO 2025-09-04 14:03:52,051 basehttp "GET /api/forum/questions/ HTTP/1.1" 200 10487
INFO 2025-09-04 14:03:52,129 basehttp "GET /api/forum/questions/ HTTP/1.1" 200 10811
INFO 2025-09-04 14:03:52,182 basehttp "GET /api/forum/questions/ HTTP/1.1" 200 10811
INFO 2025-09-04 14:03:52,182 basehttp "DELETE /api/forum/questions/196/ HTTP/1.1" 204 0
INFO 2025-09-04 14:03:52,263 basehttp "GET /api/forum/questions/200/ HTTP/1.1" 200 323
INFO 2025-09-04 14:03:52,417 basehttp "GET /api/forum/questions/ HTTP/1.1" 200 10487
INFO 2025-09-04 14:03:52,685 basehttp "GET /api/forum/questions/198/ HTTP/1.1" 200 322
INFO 2025-09-04 14:03:52,685 basehttp "GET /api/forum/questions/ HTTP/1.1" 200 10487
INFO 2025-09-04 14:03:52,823 basehttp "GET /api/forum/questions/ HTTP/1.1" 200 10486
INFO 2025-09-04 14:03:52,837 basehttp "POST /api/forum/questions/ HTTP/1.1" 201 323
INFO 2025-09-04 14:03:53,181 basehttp "DELETE /api/forum/comments/146/ HTTP/1.1" 204 0
INFO 2025-09-04 14:03:53,192 basehttp "DELETE /api/forum/questions/202/ HTTP/1.1" 204 0
INFO 2025-09-04 14:03:53,293 basehttp "POST /api/forum/questions/203/comments/ HTTP/1.1" 201 175
INFO 2025-09-04 14:03:53,617 basehttp "POST /api/forum/questions/ HTTP/1.1" 201 323
INFO 2025-09-04 14:03:54,009 basehttp "PATCH /api/forum/questions/198/toggle-like/ HTTP/1.1" 200 31
INFO 2025-09-04 14:03:54,071 basehttp "POST /api/forum/questions/ HTTP/1.1" 201 323
INFO 2025-09-04 14:03:54,123 basehttp "GET /api/forum/questions/ HTTP/1.1" 200 10810
INFO 2025-09-04 14:03:54,128 basehttp "GET /api/forum/questions/ HTTP/1.1" 200 10810
INFO 2025-09-04 14:03:54,274 basehttp "GET /api/forum/questions/ HTTP/1.1" 200 11133
INFO 2025-09-04 14:03:54,367 basehttp "DELETE /api/forum/questions/184/ HTTP/1.1" 204 0
INFO 2025-09-04 14:03:54,375 basehttp "POST /api/forum/questions/ HTTP/1.1" 201 323
INFO 2025-09-04 14:03:54,524 basehttp "GET /api/forum/questions/ HTTP/1.1" 200 10607
INFO 2025-09-04 14:03:55,064 basehttp "POST /api/forum/questions/205/comments/ HTTP/1.1" 201 175
INFO 2025-09-04 14:03:55,163 basehttp "GET /api/forum/questions/ HTTP/1.1" 200 10607
INFO 2025-09-04 14:03:55,200 basehttp "GET /api/forum/questions/ HTTP/1.1" 200 10606
INFO 2025-09-04 14:03:55,429 basehttp "GET /api/forum/questions/ HTTP/1.1" 200 10782
INFO 2025-09-04 14:03:55,478 basehttp "GET /api/forum/questions/ HTTP/1.1" 200 10782
INFO 2025-09-04 14:03:55,625 basehttp "GET /api/forum/questions/ HTTP/1.1" 200 10781
INFO 2025-09-04 14:03:55,666 basehttp "POST /api/forum/questions/199/comments/ HTTP/1.1" 201 175
INFO 2025-09-04 14:03:55,680 basehttp "GET /api/forum/questions/ HTTP/1.1" 200 10782
INFO 2025-09-04 14:03:56,110 basehttp "DELETE /api/forum/questions/207/ HTTP/1.1" 204 0
INFO 2025-09-04 14:03:56,154 basehttp "GET /api/forum/questions/ HTTP/1.1" 200 10957
INFO 2025-09-04 14:03:56,272 basehttp "GET /api/forum/questions/205/ HTTP/1.1" 200 498
INFO 2025-09-04 14:03:56,285 basehttp "GET /api/forum/questions/ HTTP/1.1" 200 10957
INFO 2025-09-04 14:03:56,388 basehttp "GET /api/forum/questions/ HTTP/1.1" 200 10632
INFO 2025-09-04 14:03:56,437 basehttp "GET /api/forum/questions/ HTTP/1.1" 200 10633
INFO 2025-09-04 14:03:56,598 basehttp "PATCH /api/forum/questions/197/toggle-like/ HTTP/1.1" 200 30
INFO 2025-09-04 14:03:56,681 basehttp "GET /api/forum/questions/ HTTP/1.1" 200 10633
INFO 2025-09-04 14:03:56,865 basehttp "GET /api/forum/questions/ HTTP/1.1" 200 10633
INFO 2025-09-04 14:03:57,108 basehttp "POST /api/forum/questions/ HTTP/1.1" 201 323
INFO 2025-09-04 14:03:57,378 basehttp "PATCH /api/forum/questions/203/toggle-like/ HTTP/1.1" 200 30
INFO 2025-09-04 14:03:57,447 basehttp "GET /api/forum/questions/198/ HTTP/1.1" 200 323
INFO 2025-09-04 14:03:57,619 basehttp "POST /api/forum/questions/199/comments/ HTTP/1.1" 201 175
INFO 2025-09-04 14:03:57,731 basehttp "PATCH /api/forum/questions/167/toggle-like/ HTTP/1.1" 200 30
INFO 2025-09-04 14:03:57,782 basehttp "GET /api/forum/questions/ HTTP/1.1" 200 11133
INFO 2025-09-04 14:03:58,115 basehttp "GET /api/forum/questions/ HTTP/1.1" 200 11133
INFO 2025-09-04 14:03:58,279 basehttp "POST /api/forum/questions/ HTTP/1.1" 201 323
INFO 2025-09-04 14:03:58,505 basehttp "DELETE /api/forum/questions/208/ HTTP/1.1" 204 0
INFO 2025-09-04 14:03:58,597 basehttp "DELETE /api/forum/comments/143/ HTTP/1.1" 204 0
INFO 2025-09-04 14:03:58,735 basehttp "GET /api/forum/questions/ HTTP/1.1" 200 10957
INFO 2025-09-04 14:03:58,949 basehttp "POST /api/forum/questions/ HTTP/1.1" 201 323
INFO 2025-09-04 14:03:59,016 basehttp "DELETE /api/forum/questions/199/ HTTP/1.1" 204 0
INFO 2025-09-04 14:03:59,358 basehttp "POST /api/forum/questions/206/comments/ HTTP/1.1" 201 175
INFO 2025-09-04 14:03:59,363 basehttp "GET /api/forum/questions/203/ HTTP/1.1" 200 497
INFO 2025-09-04 14:03:59,760 basehttp "POST /api/forum/questions/ HTTP/1.1" 201 323
INFO 2025-09-04 14:03:59,817 basehttp "GET /api/forum/questions/ HTTP/1.1" 200 10782
INFO 2025-09-04 14:03:59,882 basehttp "GET /api/forum/questions/ HTTP/1.1" 200 10782
INFO 2025-09-04 14:04:00,065 basehttp "DELETE /api/forum/questions/210/ HTTP/1.1" 204 0
INFO 2025-09-04 14:04:00,116 basehttp "GET /api/forum/questions/ HTTP/1.1" 200 11106
INFO 2025-09-04 14:04:00,132 basehttp "DELETE /api/forum/questions/198/ HTTP/1.1" 204 0
INFO 2025-09-04 14:04:00,198 basehttp "POST /api/forum/questions/ HTTP/1.1" 201 323
INFO 2025-09-04 14:04:00,282 basehttp "GET /api/forum/questions/ HTTP/1.1" 200 10782
INFO 2025-09-04 14:04:00,669 basehttp "GET /api/forum/questions/ HTTP/1.1" 200 10782
INFO 2025-09-04 14:04:00,680 basehttp "DELETE /api/forum/questions/167/ HTTP/1.1" 204 0
INFO 2025-09-04 14:04:00,820 basehttp "PATCH /api/forum/questions/203/toggle-like/ HTTP/1.1" 200 31
INFO 2025-09-04 14:04:01,074 basehttp "GET /api/forum/questions/206/ HTTP/1.1" 200 498
INFO 2025-09-04 14:04:01,435 basehttp "GET /api/forum/questions/ HTTP/1.1" 200 10283
INFO 2025-09-04 14:04:01,664 basehttp "POST /api/forum/questions/ HTTP/1.1" 201 323
INFO 2025-09-04 14:04:01,773 basehttp "GET /api/forum/questions/ HTTP/1.1" 200 10283
INFO 2025-09-04 14:04:01,897 basehttp "GET /api/forum/questions/ HTTP/1.1" 200 10606
INFO 2025-09-04 14:04:01,932 basehttp "GET /api/forum/questions/ HTTP/1.1" 200 10607
WARNING 2025-09-04 14:04:02,001 log Not Found: /api/forum/comments/151/
WARNING 2025-09-04 14:04:02,001 basehttp "DELETE /api/forum/comments/151/ HTTP/1.1" 404 86
INFO 2025-09-04 14:04:02,366 basehttp "DELETE /api/forum/questions/212/ HTTP/1.1" 204 0
INFO 2025-09-04 14:04:02,571 basehttp "GET /api/forum/questions/ HTTP/1.1" 200 10283
INFO 2025-09-04 14:04:02,697 basehttp "GET /api/forum/questions/ HTTP/1.1" 200 10283
INFO 2025-09-04 14:04:03,213 basehttp "GET /api/forum/questions/ HTTP/1.1" 200 10283
INFO 2025-09-04 14:04:03,226 basehttp "GET /api/forum/questions/ HTTP/1.1" 200 10283
INFO 2025-09-04 14:04:03,346 basehttp "POST /api/forum/questions/ HTTP/1.1" 201 323
INFO 2025-09-04 14:04:03,398 basehttp "POST /api/forum/questions/ HTTP/1.1" 201 323
INFO 2025-09-04 14:04:03,433 basehttp "GET /api/forum/questions/ HTTP/1.1" 200 10283
INFO 2025-09-04 14:04:03,464 basehttp "GET /api/forum/questions/ HTTP/1.1" 200 10282
INFO 2025-09-04 14:04:03,518 basehttp "POST /api/forum/questions/ HTTP/1.1" 201 323
INFO 2025-09-04 14:04:03,649 basehttp "POST /api/forum/questions/205/comments/ HTTP/1.1" 201 175
INFO 2025-09-04 14:04:03,837 basehttp "GET /api/forum/questions/ HTTP/1.1" 200 11431
INFO 2025-09-04 14:04:04,445 basehttp "POST /api/forum/questions/203/comments/ HTTP/1.1" 201 175
INFO 2025-09-04 14:04:04,486 basehttp "GET /api/forum/questions/ HTTP/1.1" 200 11431
INFO 2025-09-04 14:04:04,749 basehttp "GET /api/forum/questions/205/ HTTP/1.1" 200 674
INFO 2025-09-04 14:04:04,898 basehttp "DELETE /api/forum/comments/152/ HTTP/1.1" 204 0
INFO 2025-09-04 14:04:04,922 basehttp "POST /api/forum/questions/ HTTP/1.1" 201 323
INFO 2025-09-04 14:04:05,438 basehttp "GET /api/forum/questions/ HTTP/1.1" 200 11756
INFO 2025-09-04 14:04:05,676 basehttp "POST /api/forum/questions/ HTTP/1.1" 201 323
INFO 2025-09-04 14:04:05,699 basehttp "PATCH /api/forum/questions/214/toggle-like/ HTTP/1.1" 200 30
INFO 2025-09-04 14:04:05,798 basehttp "GET /api/forum/questions/ HTTP/1.1" 200 11756
INFO 2025-09-04 14:04:06,248 basehttp "POST /api/forum/questions/206/comments/ HTTP/1.1" 201 175
INFO 2025-09-04 14:04:06,389 basehttp "DELETE /api/forum/comments/153/ HTTP/1.1" 204 0
INFO 2025-09-04 14:04:06,400 basehttp "PATCH /api/forum/questions/217/toggle-like/ HTTP/1.1" 200 30
INFO 2025-09-04 14:04:06,400 basehttp "GET /api/forum/questions/ HTTP/1.1" 200 12079
INFO 2025-09-04 14:04:06,400 basehttp "GET /api/forum/questions/ HTTP/1.1" 200 12080
INFO 2025-09-04 14:04:06,432 basehttp "POST /api/forum/questions/ HTTP/1.1" 201 323
INFO 2025-09-04 14:04:06,484 basehttp "POST /api/forum/questions/ HTTP/1.1" 201 323
INFO 2025-09-04 14:04:06,491 basehttp "POST /api/forum/questions/ HTTP/1.1" 201 323
INFO 2025-09-04 14:04:06,628 basehttp "GET /api/forum/questions/ HTTP/1.1" 200 12079
INFO 2025-09-04 14:04:06,666 basehttp "GET /api/forum/questions/ HTTP/1.1" 200 12079
INFO 2025-09-04 14:04:07,099 basehttp "POST /api/forum/questions/ HTTP/1.1" 201 323
INFO 2025-09-04 14:04:07,189 basehttp "GET /api/forum/questions/ HTTP/1.1" 200 13051
INFO 2025-09-04 14:04:07,441 basehttp "GET /api/forum/questions/214/ HTTP/1.1" 200 322
INFO 2025-09-04 14:04:07,639 basehttp "POST /api/forum/questions/ HTTP/1.1" 201 323
INFO 2025-09-04 14:04:07,651 basehttp "GET /api/forum/questions/ HTTP/1.1" 200 13374
INFO 2025-09-04 14:04:07,833 basehttp "PATCH /api/forum/questions/217/toggle-like/ HTTP/1.1" 200 31
INFO 2025-09-04 14:04:07,847 basehttp "DELETE /api/forum/comments/154/ HTTP/1.1" 204 0
INFO 2025-09-04 14:04:07,990 basehttp "GET /api/forum/questions/ HTTP/1.1" 200 13523
INFO 2025-09-04 14:04:08,270 basehttp "DELETE /api/forum/questions/222/ HTTP/1.1" 204 0
INFO 2025-09-04 14:04:08,279 basehttp "POST /api/forum/questions/ HTTP/1.1" 201 323
INFO 2025-09-04 14:04:08,366 basehttp "GET /api/forum/questions/ HTTP/1.1" 200 13523
WARNING 2025-09-04 14:04:08,477 log Not Found: /api/forum/comments/145/
WARNING 2025-09-04 14:04:08,486 basehttp "DELETE /api/forum/comments/145/ HTTP/1.1" 404 86
INFO 2025-09-04 14:04:08,532 basehttp "GET /api/forum/questions/ HTTP/1.1" 200 13523
INFO 2025-09-04 14:04:08,736 basehttp "GET /api/forum/questions/ HTTP/1.1" 200 13523
INFO 2025-09-04 14:04:08,736 basehttp "DELETE /api/forum/questions/218/ HTTP/1.1" 204 0
INFO 2025-09-04 14:04:08,848 basehttp "POST /api/forum/questions/ HTTP/1.1" 201 323
INFO 2025-09-04 14:04:08,869 basehttp "GET /api/forum/questions/ HTTP/1.1" 200 13522
INFO 2025-09-04 14:04:08,897 basehttp "POST /api/forum/questions/ HTTP/1.1" 201 323
INFO 2025-09-04 14:04:09,136 basehttp "DELETE /api/forum/questions/215/ HTTP/1.1" 204 0
INFO 2025-09-04 14:04:09,400 basehttp "POST /api/forum/questions/ HTTP/1.1" 201 323
INFO 2025-09-04 14:04:09,448 basehttp "DELETE /api/forum/questions/203/ HTTP/1.1" 204 0
INFO 2025-09-04 14:04:09,546 basehttp "DELETE /api/forum/questions/206/ HTTP/1.1" 204 0
INFO 2025-09-04 14:04:09,649 basehttp "POST /api/forum/questions/217/comments/ HTTP/1.1" 201 175
INFO 2025-09-04 14:04:09,948 basehttp "POST /api/forum/questions/ HTTP/1.1" 201 323
INFO 2025-09-04 14:04:10,226 basehttp "POST /api/forum/questions/226/comments/ HTTP/1.1" 201 175
INFO 2025-09-04 14:04:10,230 basehttp "GET /api/forum/questions/ HTTP/1.1" 200 13348
INFO 2025-09-04 14:04:10,266 basehttp "POST /api/forum/questions/ HTTP/1.1" 201 323
INFO 2025-09-04 14:04:10,501 basehttp "GET /api/forum/questions/219/ HTTP/1.1" 200 323
INFO 2025-09-04 14:04:10,510 basehttp "GET /api/forum/questions/227/ HTTP/1.1" 200 323
INFO 2025-09-04 14:04:10,699 basehttp "GET /api/forum/questions/ HTTP/1.1" 200 13846
INFO 2025-09-04 14:04:10,780 basehttp "DELETE /api/forum/questions/217/ HTTP/1.1" 204 0
INFO 2025-09-04 14:04:11,115 basehttp "GET /api/forum/questions/ HTTP/1.1" 200 13348
INFO 2025-09-04 14:04:11,489 basehttp "DELETE /api/forum/questions/228/ HTTP/1.1" 204 0
INFO 2025-09-04 14:04:11,533 basehttp "POST /api/forum/questions/219/comments/ HTTP/1.1" 201 175
INFO 2025-09-04 14:04:11,652 basehttp "GET /api/forum/questions/ HTTP/1.1" 200 13348
INFO 2025-09-04 14:04:11,882 basehttp "GET /api/forum/questions/ HTTP/1.1" 200 13199
WARNING 2025-09-04 14:04:11,965 log Not Found: /api/forum/comments/155/
WARNING 2025-09-04 14:04:11,965 basehttp "DELETE /api/forum/comments/155/ HTTP/1.1" 404 86
INFO 2025-09-04 14:04:12,015 basehttp "DELETE /api/forum/questions/226/ HTTP/1.1" 204 0
INFO 2025-09-04 14:04:12,169 basehttp "DELETE /api/forum/questions/227/ HTTP/1.1" 204 0
INFO 2025-09-04 14:04:12,183 basehttp "GET /api/forum/questions/ HTTP/1.1" 200 13198
INFO 2025-09-04 14:04:12,201 basehttp "GET /api/forum/questions/229/ HTTP/1.1" 200 323
INFO 2025-09-04 14:04:12,281 basehttp "DELETE /api/forum/questions/225/ HTTP/1.1" 204 0
INFO 2025-09-04 14:04:12,699 basehttp "POST /api/forum/questions/ HTTP/1.1" 201 323
INFO 2025-09-04 14:04:12,806 basehttp "GET /api/forum/questions/ HTTP/1.1" 200 12051
INFO 2025-09-04 14:04:12,849 basehttp "GET /api/forum/questions/219/ HTTP/1.1" 200 498
INFO 2025-09-04 14:04:13,248 basehttp "POST /api/forum/questions/ HTTP/1.1" 201 323
INFO 2025-09-04 14:04:13,752 basehttp "GET /api/forum/questions/ HTTP/1.1" 200 12700
INFO 2025-09-04 14:04:13,866 basehttp "GET /api/forum/questions/ HTTP/1.1" 200 12700
INFO 2025-09-04 14:04:14,131 basehttp "POST /api/forum/questions/ HTTP/1.1" 201 323
INFO 2025-09-04 14:04:14,140 basehttp "POST /api/forum/questions/ HTTP/1.1" 201 323
INFO 2025-09-04 14:04:14,214 basehttp "GET /api/forum/questions/ HTTP/1.1" 200 12700
INFO 2025-09-04 14:04:14,271 basehttp "GET /api/forum/questions/ HTTP/1.1" 200 12699
INFO 2025-09-04 14:04:14,288 basehttp "POST /api/forum/questions/231/comments/ HTTP/1.1" 201 175
INFO 2025-09-04 14:04:14,332 basehttp "POST /api/forum/questions/230/comments/ HTTP/1.1" 201 175
INFO 2025-09-04 14:04:14,403 basehttp "GET /api/forum/questions/ HTTP/1.1" 200 12700
INFO 2025-09-04 14:04:14,598 basehttp "POST /api/forum/questions/ HTTP/1.1" 201 323
INFO 2025-09-04 14:04:14,798 basehttp "POST /api/forum/questions/ HTTP/1.1" 201 323
INFO 2025-09-04 14:04:14,815 basehttp "POST /api/forum/questions/ HTTP/1.1" 201 323
INFO 2025-09-04 14:04:14,915 basehttp "GET /api/forum/questions/ HTTP/1.1" 200 13698
INFO 2025-09-04 14:04:15,116 basehttp "POST /api/forum/questions/ HTTP/1.1" 201 323
INFO 2025-09-04 14:04:15,233 basehttp "POST /api/forum/questions/ HTTP/1.1" 201 323
INFO 2025-09-04 14:04:15,518 basehttp "GET /api/forum/questions/ HTTP/1.1" 200 14994
INFO 2025-09-04 14:04:15,563 basehttp "GET /api/forum/questions/229/ HTTP/1.1" 200 323
INFO 2025-09-04 14:04:16,030 basehttp "GET /api/forum/questions/ HTTP/1.1" 200 15318
INFO 2025-09-04 14:04:16,036 basehttp "POST /api/forum/questions/ HTTP/1.1" 201 323
INFO 2025-09-04 14:04:16,065 basehttp "GET /api/forum/questions/230/ HTTP/1.1" 200 498
INFO 2025-09-04 14:04:16,087 basehttp "POST /api/forum/questions/232/comments/ HTTP/1.1" 201 175
INFO 2025-09-04 14:04:16,118 basehttp "POST /api/forum/questions/ HTTP/1.1" 201 323
INFO 2025-09-04 14:04:16,162 basehttp "PATCH /api/forum/questions/231/toggle-like/ HTTP/1.1" 200 30
INFO 2025-09-04 14:04:16,225 basehttp "GET /api/forum/questions/ HTTP/1.1" 200 15318
INFO 2025-09-04 14:04:16,365 basehttp "GET /api/forum/questions/ HTTP/1.1" 200 15817
INFO 2025-09-04 14:04:16,390 basehttp "GET /api/forum/questions/238/ HTTP/1.1" 200 323
INFO 2025-09-04 14:04:16,704 basehttp "PATCH /api/forum/questions/237/toggle-like/ HTTP/1.1" 200 30
INFO 2025-09-04 14:04:16,805 basehttp "PATCH /api/forum/questions/229/toggle-like/ HTTP/1.1" 200 30
INFO 2025-09-04 14:04:16,997 basehttp "GET /api/forum/questions/ HTTP/1.1" 200 16140
INFO 2025-09-04 14:04:17,166 basehttp "DELETE /api/forum/comments/158/ HTTP/1.1" 204 0
INFO 2025-09-04 14:04:17,204 basehttp "GET /api/forum/questions/ HTTP/1.1" 200 16141
INFO 2025-09-04 14:04:17,251 basehttp "POST /api/forum/questions/ HTTP/1.1" 201 323
INFO 2025-09-04 14:04:17,386 basehttp "POST /api/forum/questions/ HTTP/1.1" 201 323
INFO 2025-09-04 14:04:17,681 basehttp "GET /api/forum/questions/ HTTP/1.1" 200 16288
INFO 2025-09-04 14:04:18,002 basehttp "GET /api/forum/questions/ HTTP/1.1" 200 16614
INFO 2025-09-04 14:04:18,299 basehttp "GET /api/forum/questions/ HTTP/1.1" 200 16614
INFO 2025-09-04 14:04:18,308 basehttp "POST /api/forum/questions/ HTTP/1.1" 201 323
INFO 2025-09-04 14:04:18,361 basehttp "PATCH /api/forum/questions/229/toggle-like/ HTTP/1.1" 200 31
INFO 2025-09-04 14:04:18,568 basehttp "POST /api/forum/questions/236/comments/ HTTP/1.1" 201 175
INFO 2025-09-04 14:04:18,628 basehttp "DELETE /api/forum/questions/234/ HTTP/1.1" 204 0
INFO 2025-09-04 14:04:18,834 basehttp "GET /api/forum/questions/ HTTP/1.1" 200 16614
INFO 2025-09-04 14:04:18,883 basehttp "POST /api/forum/questions/ HTTP/1.1" 201 323
INFO 2025-09-04 14:04:18,934 basehttp "POST /api/forum/questions/232/comments/ HTTP/1.1" 201 175
INFO 2025-09-04 14:04:18,948 basehttp "PATCH /api/forum/questions/233/toggle-like/ HTTP/1.1" 200 30
INFO 2025-09-04 14:04:19,253 basehttp "GET /api/forum/questions/ HTTP/1.1" 200 16614
INFO 2025-09-04 14:04:19,867 basehttp "POST /api/forum/questions/ HTTP/1.1" 201 323
INFO 2025-09-04 14:04:20,002 basehttp "GET /api/forum/questions/ HTTP/1.1" 200 16938
INFO 2025-09-04 14:04:20,099 basehttp "PATCH /api/forum/questions/229/toggle-sticky/ HTTP/1.1" 200 18
INFO 2025-09-04 14:04:20,105 basehttp "POST /api/forum/questions/ HTTP/1.1" 201 323
INFO 2025-09-04 14:04:20,151 basehttp "GET /api/forum/questions/ HTTP/1.1" 200 17112
INFO 2025-09-04 14:04:20,252 basehttp "PATCH /api/forum/questions/236/toggle-like/ HTTP/1.1" 200 30
INFO 2025-09-04 14:04:20,391 basehttp "POST /api/forum/questions/238/comments/ HTTP/1.1" 201 175
INFO 2025-09-04 14:04:20,663 basehttp "GET /api/forum/questions/232/ HTTP/1.1" 200 674
INFO 2025-09-04 14:04:20,834 basehttp "GET /api/forum/questions/ HTTP/1.1" 200 16963
INFO 2025-09-04 14:04:20,898 basehttp "POST /api/forum/questions/233/comments/ HTTP/1.1" 201 175
INFO 2025-09-04 14:04:20,985 basehttp "GET /api/forum/questions/ HTTP/1.1" 200 17289
INFO 2025-09-04 14:04:21,040 basehttp "GET /api/forum/questions/ HTTP/1.1" 200 17289
INFO 2025-09-04 14:04:21,304 basehttp "GET /api/forum/questions/ HTTP/1.1" 200 18111
INFO 2025-09-04 14:04:21,380 basehttp "GET /api/forum/questions/ HTTP/1.1" 200 18286
INFO 2025-09-04 14:04:21,657 basehttp "PATCH /api/forum/questions/229/toggle-sticky/ HTTP/1.1" 200 19
INFO 2025-09-04 14:04:21,976 basehttp "DELETE /api/forum/comments/162/ HTTP/1.1" 204 0
INFO 2025-09-04 14:04:21,984 basehttp "PATCH /api/forum/questions/246/toggle-sticky/ HTTP/1.1" 200 18
INFO 2025-09-04 14:04:22,016 basehttp "PATCH /api/forum/questions/244/toggle-like/ HTTP/1.1" 200 30
INFO 2025-09-04 14:04:22,085 basehttp "GET /api/forum/questions/ HTTP/1.1" 200 18285
INFO 2025-09-04 14:04:22,156 basehttp "POST /api/forum/questions/241/comments/ HTTP/1.1" 201 175
INFO 2025-09-04 14:04:22,223 basehttp "PATCH /api/forum/questions/233/toggle-like/ HTTP/1.1" 200 31
INFO 2025-09-04 14:04:22,321 basehttp "DELETE /api/forum/questions/232/ HTTP/1.1" 204 0
INFO 2025-09-04 14:04:22,532 basehttp "DELETE /api/forum/questions/237/ HTTP/1.1" 204 0
INFO 2025-09-04 14:04:22,586 basehttp "POST /api/forum/questions/ HTTP/1.1" 201 323
INFO 2025-09-04 14:04:22,643 basehttp "GET /api/forum/questions/ HTTP/1.1" 200 18112
INFO 2025-09-04 14:04:22,907 basehttp "POST /api/forum/questions/ HTTP/1.1" 201 323
INFO 2025-09-04 14:04:22,997 basehttp "GET /api/forum/questions/ HTTP/1.1" 200 17935
INFO 2025-09-04 14:04:23,132 basehttp "GET /api/forum/questions/ HTTP/1.1" 200 17935
INFO 2025-09-04 14:04:23,469 basehttp "DELETE /api/forum/questions/236/ HTTP/1.1" 204 0
INFO 2025-09-04 14:04:23,526 basehttp "PATCH /api/forum/questions/246/toggle-like/ HTTP/1.1" 200 30
INFO 2025-09-04 14:04:23,531 basehttp "GET /api/forum/questions/244/ HTTP/1.1" 200 322
INFO 2025-09-04 14:04:23,583 basehttp "PATCH /api/forum/questions/242/toggle-like/ HTTP/1.1" 200 30
INFO 2025-09-04 14:04:23,646 basehttp "GET /api/forum/questions/ HTTP/1.1" 200 17611
INFO 2025-09-04 14:04:23,652 basehttp "GET /api/forum/questions/ HTTP/1.1" 200 17611
INFO 2025-09-04 14:04:23,694 basehttp "GET /api/forum/questions/ HTTP/1.1" 200 17935
INFO 2025-09-04 14:04:23,831 basehttp "POST /api/forum/questions/247/comments/ HTTP/1.1" 201 175
INFO 2025-09-04 14:04:23,996 basehttp "POST /api/forum/questions/ HTTP/1.1" 201 323
INFO 2025-09-04 14:04:24,106 basehttp "GET /api/forum/questions/233/ HTTP/1.1" 200 498
INFO 2025-09-04 14:04:24,301 basehttp "POST /api/forum/questions/ HTTP/1.1" 201 323
INFO 2025-09-04 14:04:24,381 basehttp "GET /api/forum/questions/ HTTP/1.1" 200 18109
INFO 2025-09-04 14:04:24,549 basehttp "GET /api/forum/questions/ HTTP/1.1" 200 18108
INFO 2025-09-04 14:04:24,698 basehttp "POST /api/forum/questions/242/comments/ HTTP/1.1" 201 175
INFO 2025-09-04 14:04:24,771 basehttp "POST /api/forum/questions/ HTTP/1.1" 201 323
WARNING 2025-09-04 14:04:24,798 log Not Found: /api/forum/comments/147/
WARNING 2025-09-04 14:04:24,798 basehttp "DELETE /api/forum/comments/147/ HTTP/1.1" 404 86
INFO 2025-09-04 14:04:24,948 basehttp "DELETE /api/forum/questions/247/ HTTP/1.1" 204 0
INFO 2025-09-04 14:04:25,052 basehttp "POST /api/forum/questions/ HTTP/1.1" 201 323
INFO 2025-09-04 14:04:25,181 basehttp "POST /api/forum/questions/ HTTP/1.1" 201 323
INFO 2025-09-04 14:04:25,343 basehttp "GET /api/forum/questions/ HTTP/1.1" 200 18757
INFO 2025-09-04 14:04:25,481 basehttp "PATCH /api/forum/questions/244/toggle-sticky/ HTTP/1.1" 200 18
INFO 2025-09-04 14:04:25,521 basehttp "GET /api/forum/questions/ HTTP/1.1" 200 19082
INFO 2025-09-04 14:04:25,714 basehttp "GET /api/forum/questions/ HTTP/1.1" 200 19082
INFO 2025-09-04 14:04:25,891 basehttp "DELETE /api/forum/questions/249/ HTTP/1.1" 204 0
INFO 2025-09-04 14:04:25,898 basehttp "GET /api/forum/questions/ HTTP/1.1" 200 19081
INFO 2025-09-04 14:04:25,998 basehttp "POST /api/forum/questions/ HTTP/1.1" 201 323
INFO 2025-09-04 14:04:26,164 basehttp "POST /api/forum/questions/ HTTP/1.1" 201 323
INFO 2025-09-04 14:04:26,168 basehttp "PATCH /api/forum/questions/238/toggle-like/ HTTP/1.1" 200 30
INFO 2025-09-04 14:04:26,226 basehttp "DELETE /api/forum/questions/253/ HTTP/1.1" 204 0
INFO 2025-09-04 14:04:26,381 basehttp "DELETE /api/forum/comments/166/ HTTP/1.1" 204 0
INFO 2025-09-04 14:04:26,418 basehttp "POST /api/forum/questions/ HTTP/1.1" 201 323
INFO 2025-09-04 14:04:26,497 basehttp "GET /api/forum/questions/251/ HTTP/1.1" 200 323
INFO 2025-09-04 14:04:26,614 basehttp "GET /api/forum/questions/ HTTP/1.1" 200 19079
INFO 2025-09-04 14:04:26,635 basehttp "PATCH /api/forum/questions/243/toggle-like/ HTTP/1.1" 200 30
INFO 2025-09-04 14:04:26,781 basehttp "GET /api/forum/questions/ HTTP/1.1" 200 19230
INFO 2025-09-04 14:04:26,781 basehttp "POST /api/forum/questions/ HTTP/1.1" 201 323
INFO 2025-09-04 14:04:26,886 basehttp "POST /api/forum/questions/ HTTP/1.1" 201 323
INFO 2025-09-04 14:04:26,967 basehttp "PATCH /api/forum/questions/244/toggle-sticky/ HTTP/1.1" 200 19
INFO 2025-09-04 14:04:27,048 basehttp "DELETE /api/forum/questions/252/ HTTP/1.1" 204 0
INFO 2025-09-04 14:04:27,265 basehttp "DELETE /api/forum/comments/165/ HTTP/1.1" 204 0
INFO 2025-09-04 14:04:27,316 basehttp "POST /api/forum/questions/ HTTP/1.1" 201 323
INFO 2025-09-04 14:04:27,505 basehttp "POST /api/forum/questions/ HTTP/1.1" 201 323
INFO 2025-09-04 14:04:27,664 basehttp "POST /api/forum/questions/ HTTP/1.1" 201 323
INFO 2025-09-04 14:04:27,743 basehttp "POST /api/forum/questions/ HTTP/1.1" 201 323
INFO 2025-09-04 14:04:27,994 basehttp "POST /api/forum/questions/ HTTP/1.1" 201 323
INFO 2025-09-04 14:04:28,030 basehttp "POST /api/forum/questions/258/comments/ HTTP/1.1" 201 175
INFO 2025-09-04 14:04:28,378 basehttp "DELETE /api/forum/comments/164/ HTTP/1.1" 204 0
INFO 2025-09-04 14:04:28,453 basehttp "PATCH /api/forum/questions/257/toggle-like/ HTTP/1.1" 200 30
INFO 2025-09-04 14:04:28,514 basehttp "POST /api/forum/questions/243/comments/ HTTP/1.1" 201 175
INFO 2025-09-04 14:04:28,514 basehttp "POST /api/forum/questions/ HTTP/1.1" 201 323
INFO 2025-09-04 14:04:28,551 basehttp "DELETE /api/forum/questions/260/ HTTP/1.1" 204 0
INFO 2025-09-04 14:04:28,701 basehttp "GET /api/forum/questions/ HTTP/1.1" 200 20999
INFO 2025-09-04 14:04:28,708 basehttp "GET /api/forum/questions/ HTTP/1.1" 200 21000
INFO 2025-09-04 14:04:28,719 basehttp "PATCH /api/forum/questions/244/toggle-sticky/ HTTP/1.1" 200 18
INFO 2025-09-04 14:04:29,168 basehttp "DELETE /api/forum/questions/263/ HTTP/1.1" 204 0
INFO 2025-09-04 14:04:29,261 basehttp "PATCH /api/forum/questions/258/toggle-like/ HTTP/1.1" 200 30
INFO 2025-09-04 14:04:29,525 basehttp "DELETE /api/forum/questions/257/ HTTP/1.1" 204 0
INFO 2025-09-04 14:04:29,748 basehttp "DELETE /api/forum/questions/262/ HTTP/1.1" 204 0
INFO 2025-09-04 14:04:29,957 basehttp "POST /api/forum/questions/ HTTP/1.1" 201 323
INFO 2025-09-04 14:04:29,983 basehttp "DELETE /api/forum/questions/244/ HTTP/1.1" 204 0
INFO 2025-09-04 14:04:30,048 basehttp "GET /api/forum/questions/ HTTP/1.1" 200 20526
INFO 2025-09-04 14:04:30,256 basehttp "POST /api/forum/questions/ HTTP/1.1" 201 323
INFO 2025-09-04 14:04:30,433 basehttp "DELETE /api/forum/questions/258/ HTTP/1.1" 204 0
INFO 2025-09-04 14:04:30,477 basehttp "PATCH /api/forum/questions/264/toggle-sticky/ HTTP/1.1" 200 18
INFO 2025-09-04 14:04:30,490 basehttp "POST /api/forum/questions/259/comments/ HTTP/1.1" 201 175
INFO 2025-09-04 14:04:30,673 basehttp "POST /api/forum/questions/ HTTP/1.1" 201 323
INFO 2025-09-04 14:04:31,349 basehttp "GET /api/forum/questions/ HTTP/1.1" 200 20526
INFO 2025-09-04 14:04:31,411 basehttp "GET /api/forum/questions/ HTTP/1.1" 200 20525
INFO 2025-09-04 14:04:31,417 basehttp "POST /api/forum/questions/243/comments/ HTTP/1.1" 201 175
INFO 2025-09-04 14:04:31,509 basehttp "POST /api/forum/questions/ HTTP/1.1" 201 323
INFO 2025-09-04 14:04:31,737 basehttp "POST /api/forum/questions/ HTTP/1.1" 201 323
INFO 2025-09-04 14:04:31,782 basehttp "GET /api/forum/questions/264/ HTTP/1.1" 200 322
INFO 2025-09-04 14:04:32,170 basehttp "POST /api/forum/questions/267/comments/ HTTP/1.1" 201 175
INFO 2025-09-04 14:04:32,263 basehttp "POST /api/forum/questions/261/comments/ HTTP/1.1" 201 175
INFO 2025-09-04 14:04:32,481 basehttp "DELETE /api/forum/questions/241/ HTTP/1.1" 204 0
INFO 2025-09-04 14:04:32,697 basehttp "GET /api/forum/questions/ HTTP/1.1" 200 21699
INFO 2025-09-04 14:04:32,755 basehttp "GET /api/forum/questions/ HTTP/1.1" 200 21699
INFO 2025-09-04 14:04:33,010 basehttp "GET /api/forum/questions/ HTTP/1.1" 200 21375
INFO 2025-09-04 14:04:33,113 basehttp "DELETE /api/forum/questions/265/ HTTP/1.1" 204 0
INFO 2025-09-04 14:04:33,200 basehttp "POST /api/forum/questions/243/comments/ HTTP/1.1" 201 175
INFO 2025-09-04 14:04:33,304 basehttp "DELETE /api/forum/comments/173/ HTTP/1.1" 204 0
INFO 2025-09-04 14:04:33,383 basehttp "POST /api/forum/questions/ HTTP/1.1" 201 323
INFO 2025-09-04 14:04:33,383 basehttp "POST /api/forum/questions/ HTTP/1.1" 201 323
INFO 2025-09-04 14:04:33,530 basehttp "PATCH /api/forum/questions/268/toggle-like/ HTTP/1.1" 200 30
INFO 2025-09-04 14:04:33,781 basehttp "POST /api/forum/questions/266/comments/ HTTP/1.1" 201 175
INFO 2025-09-04 14:04:33,837 basehttp "GET /api/forum/questions/ HTTP/1.1" 200 21052
INFO 2025-09-04 14:04:33,856 basehttp "PATCH /api/forum/questions/254/toggle-like/ HTTP/1.1" 200 30
INFO 2025-09-04 14:04:34,026 basehttp "GET /api/forum/questions/ HTTP/1.1" 200 21701
INFO 2025-09-04 14:04:34,094 basehttp "GET /api/forum/questions/ HTTP/1.1" 200 21700
INFO 2025-09-04 14:04:34,318 basehttp "DELETE /api/forum/questions/259/ HTTP/1.1" 204 0
INFO 2025-09-04 14:04:34,454 basehttp "POST /api/forum/questions/ HTTP/1.1" 201 323
INFO 2025-09-04 14:04:34,793 basehttp "POST /api/forum/questions/270/comments/ HTTP/1.1" 201 175
INFO 2025-09-04 14:04:34,814 basehttp "PATCH /api/forum/questions/243/toggle-like/ HTTP/1.1" 200 31
INFO 2025-09-04 14:04:34,866 basehttp "POST /api/forum/questions/ HTTP/1.1" 201 323
INFO 2025-09-04 14:04:35,105 basehttp "GET /api/forum/questions/268/ HTTP/1.1" 200 322
INFO 2025-09-04 14:04:35,379 basehttp "POST /api/forum/questions/271/comments/ HTTP/1.1" 201 175
INFO 2025-09-04 14:04:35,379 basehttp "GET /api/forum/questions/264/ HTTP/1.1" 200 322
INFO 2025-09-04 14:04:35,466 basehttp "GET /api/forum/questions/ HTTP/1.1" 200 21700
INFO 2025-09-04 14:04:36,025 basehttp "GET /api/forum/questions/272/ HTTP/1.1" 200 323
INFO 2025-09-04 14:04:36,243 basehttp "GET /api/forum/questions/ HTTP/1.1" 200 22198
INFO 2025-09-04 14:04:36,341 basehttp "GET /api/forum/questions/ HTTP/1.1" 200 22199
INFO 2025-09-04 14:04:36,364 basehttp "GET /api/forum/questions/ HTTP/1.1" 200 22199
INFO 2025-09-04 14:04:36,431 basehttp "GET /api/forum/questions/ HTTP/1.1" 200 22375
INFO 2025-09-04 14:04:36,470 basehttp "POST /api/forum/questions/ HTTP/1.1" 201 323
INFO 2025-09-04 14:04:36,503 basehttp "POST /api/forum/questions/ HTTP/1.1" 201 323
INFO 2025-09-04 14:04:36,520 basehttp "DELETE /api/forum/comments/168/ HTTP/1.1" 204 0
INFO 2025-09-04 14:04:36,605 basehttp "GET /api/forum/questions/ HTTP/1.1" 200 22375
INFO 2025-09-04 14:04:37,122 basehttp "GET /api/forum/questions/ HTTP/1.1" 200 22848
INFO 2025-09-04 14:04:37,342 basehttp "PATCH /api/forum/questions/271/toggle-like/ HTTP/1.1" 200 30
INFO 2025-09-04 14:04:37,448 basehttp "PATCH /api/forum/questions/254/toggle-like/ HTTP/1.1" 200 31
WARNING 2025-09-04 14:04:37,515 log Not Found: /api/forum/comments/171/
INFO 2025-09-04 14:04:37,530 basehttp "GET /api/forum/questions/ HTTP/1.1" 200 22848
WARNING 2025-09-04 14:04:37,539 basehttp "DELETE /api/forum/comments/171/ HTTP/1.1" 404 86
INFO 2025-09-04 14:04:37,569 basehttp "DELETE /api/forum/questions/270/ HTTP/1.1" 204 0
INFO 2025-09-04 14:04:38,042 basehttp "POST /api/forum/questions/273/comments/ HTTP/1.1" 201 175
INFO 2025-09-04 14:04:38,171 basehttp "DELETE /api/forum/questions/275/ HTTP/1.1" 204 0
INFO 2025-09-04 14:04:38,258 basehttp "DELETE /api/forum/questions/266/ HTTP/1.1" 204 0
INFO 2025-09-04 14:04:39,080 basehttp "POST /api/forum/questions/ HTTP/1.1" 201 323
INFO 2025-09-04 14:04:39,116 basehttp "GET /api/forum/questions/ HTTP/1.1" 200 22847
INFO 2025-09-04 14:04:39,342 basehttp "POST /api/forum/questions/271/comments/ HTTP/1.1" 201 175
INFO 2025-09-04 14:04:39,418 basehttp "GET /api/forum/questions/273/ HTTP/1.1" 200 498
WARNING 2025-09-04 14:04:39,586 log Not Found: /api/forum/comments/157/
WARNING 2025-09-04 14:04:39,612 basehttp "DELETE /api/forum/comments/157/ HTTP/1.1" 404 86
INFO 2025-09-04 14:04:39,805 basehttp "GET /api/forum/questions/ HTTP/1.1" 200 22673
INFO 2025-09-04 14:04:39,854 basehttp "GET /api/forum/questions/ HTTP/1.1" 200 22671
INFO 2025-09-04 14:04:39,985 basehttp "GET /api/forum/questions/ HTTP/1.1" 200 22348
INFO 2025-09-04 14:04:39,987 basehttp "GET /api/forum/questions/ HTTP/1.1" 200 22673
INFO 2025-09-04 14:04:40,000 basehttp "GET /api/forum/questions/ HTTP/1.1" 200 22348
INFO 2025-09-04 14:04:40,067 basehttp "GET /api/forum/questions/ HTTP/1.1" 200 22349
INFO 2025-09-04 14:04:40,192 basehttp "GET /api/forum/questions/ HTTP/1.1" 200 21701
INFO 2025-09-04 14:04:40,219 basehttp "GET /api/forum/questions/ HTTP/1.1" 200 21701
INFO 2025-09-04 14:04:40,332 basehttp "POST /api/forum/questions/ HTTP/1.1" 201 323
INFO 2025-09-04 14:04:40,467 basehttp "DELETE /api/forum/comments/180/ HTTP/1.1" 204 0
INFO 2025-09-04 14:04:40,717 basehttp "GET /api/forum/questions/ HTTP/1.1" 200 22200
INFO 2025-09-04 14:04:40,939 basehttp "GET /api/forum/questions/272/ HTTP/1.1" 200 323
INFO 2025-09-04 14:04:40,953 basehttp "POST /api/forum/questions/ HTTP/1.1" 201 323
INFO 2025-09-04 14:04:41,154 basehttp "GET /api/forum/questions/254/ HTTP/1.1" 200 323
INFO 2025-09-04 14:04:41,225 basehttp "POST /api/forum/questions/ HTTP/1.1" 201 323
INFO 2025-09-04 14:04:41,315 basehttp "GET /api/forum/questions/274/ HTTP/1.1" 200 323
INFO 2025-09-04 14:04:41,355 basehttp "GET /api/forum/questions/ HTTP/1.1" 200 22348
INFO 2025-09-04 14:04:41,372 basehttp "DELETE /api/forum/comments/179/ HTTP/1.1" 204 0
INFO 2025-09-04 14:04:41,394 basehttp "POST /api/forum/questions/ HTTP/1.1" 201 323
INFO 2025-09-04 14:04:41,431 basehttp "POST /api/forum/questions/243/comments/ HTTP/1.1" 201 175
INFO 2025-09-04 14:04:41,755 basehttp "GET /api/forum/questions/ HTTP/1.1" 200 23172
INFO 2025-09-04 14:04:41,941 basehttp "POST /api/forum/questions/ HTTP/1.1" 201 323
INFO 2025-09-04 14:04:42,132 basehttp "GET /api/forum/questions/ HTTP/1.1" 200 23321
INFO 2025-09-04 14:04:42,305 basehttp "GET /api/forum/questions/ HTTP/1.1" 200 23322
INFO 2025-09-04 14:04:42,694 basehttp "DELETE /api/forum/questions/280/ HTTP/1.1" 204 0
INFO 2025-09-04 14:04:42,722 basehttp "POST /api/forum/questions/ HTTP/1.1" 201 323
INFO 2025-09-04 14:04:42,838 basehttp "POST /api/forum/questions/278/comments/ HTTP/1.1" 201 175
INFO 2025-09-04 14:04:42,932 basehttp "PATCH /api/forum/questions/254/toggle-like/ HTTP/1.1" 200 30
INFO 2025-09-04 14:04:42,952 basehttp "GET /api/forum/questions/ HTTP/1.1" 200 23645
WARNING 2025-09-04 14:04:42,962 log Not Found: /api/forum/comments/169/
WARNING 2025-09-04 14:04:42,965 basehttp "DELETE /api/forum/comments/169/ HTTP/1.1" 404 86
INFO 2025-09-04 14:04:43,177 basehttp "PATCH /api/forum/questions/279/toggle-like/ HTTP/1.1" 200 30
INFO 2025-09-04 14:04:43,251 basehttp "DELETE /api/forum/questions/243/ HTTP/1.1" 204 0
INFO 2025-09-04 14:04:44,548 basehttp "PATCH /api/forum/questions/272/toggle-like/ HTTP/1.1" 200 30
INFO 2025-09-04 14:04:45,340 basehttp "PATCH /api/forum/questions/278/toggle-like/ HTTP/1.1" 200 30
INFO 2025-09-04 14:04:45,964 basehttp "GET /api/forum/questions/ HTTP/1.1" 200 23118
WARNING 2025-09-04 14:04:46,090 log Not Found: /api/forum/comments/163/
INFO 2025-09-04 14:04:46,158 basehttp "POST /api/forum/questions/268/comments/ HTTP/1.1" 201 175
WARNING 2025-09-04 14:04:46,201 basehttp "DELETE /api/forum/comments/163/ HTTP/1.1" 404 86
INFO 2025-09-04 14:04:46,252 basehttp "PATCH /api/forum/questions/271/toggle-like/ HTTP/1.1" 200 31
INFO 2025-09-04 14:04:46,565 basehttp "GET /api/forum/questions/ HTTP/1.1" 200 23118
INFO 2025-09-04 14:04:46,906 basehttp "PATCH /api/forum/questions/278/toggle-like/ HTTP/1.1" 200 31
INFO 2025-09-04 14:04:46,914 basehttp "POST /api/forum/questions/272/comments/ HTTP/1.1" 201 175
INFO 2025-09-04 14:04:48,094 basehttp "POST /api/forum/questions/273/comments/ HTTP/1.1" 201 175
INFO 2025-09-04 14:04:48,518 basehttp "PATCH /api/forum/questions/272/toggle-like/ HTTP/1.1" 200 31
INFO 2025-09-04 14:04:48,731 basehttp "DELETE /api/forum/comments/182/ HTTP/1.1" 204 0
INFO 2025-09-04 14:04:49,019 basehttp "POST /api/forum/questions/274/comments/ HTTP/1.1" 201 175
INFO 2025-09-04 14:04:49,180 basehttp "GET /api/forum/questions/ HTTP/1.1" 200 22793
INFO 2025-09-04 14:04:49,381 basehttp "GET /api/forum/questions/ HTTP/1.1" 200 22794
INFO 2025-09-04 14:04:50,140 basehttp "POST /api/forum/questions/ HTTP/1.1" 201 323
INFO 2025-09-04 14:04:50,425 basehttp "POST /api/forum/questions/278/comments/ HTTP/1.1" 201 175
INFO 2025-09-04 14:04:50,660 basehttp "POST /api/forum/questions/272/comments/ HTTP/1.1" 201 175
INFO 2025-09-04 14:04:51,169 basehttp "GET /api/forum/questions/ HTTP/1.1" 200 22794
INFO 2025-09-04 14:04:51,230 basehttp "GET /api/forum/questions/ HTTP/1.1" 200 22793
INFO 2025-09-04 14:04:51,319 basehttp "GET /api/forum/questions/273/ HTTP/1.1" 200 498
INFO 2025-09-04 14:04:51,491 basehttp "GET /api/forum/questions/ HTTP/1.1" 200 22793
INFO 2025-09-04 14:04:51,645 basehttp "GET /api/forum/questions/ HTTP/1.1" 200 22968
INFO 2025-09-04 14:04:51,707 basehttp "GET /api/forum/questions/ HTTP/1.1" 200 22794
INFO 2025-09-04 14:04:51,887 basehttp "GET /api/forum/questions/ HTTP/1.1" 200 22968
INFO 2025-09-04 14:04:52,159 basehttp "GET /api/forum/questions/ HTTP/1.1" 200 22968
INFO 2025-09-04 14:04:52,352 basehttp "GET /api/forum/questions/278/ HTTP/1.1" 200 498
INFO 2025-09-04 14:04:52,366 basehttp "GET /api/forum/questions/ HTTP/1.1" 200 22968
INFO 2025-09-04 14:04:52,631 basehttp "GET /api/forum/questions/272/ HTTP/1.1" 200 674
INFO 2025-09-04 14:04:53,045 basehttp "GET /api/forum/questions/281/ HTTP/1.1" 200 323
INFO 2025-09-04 14:04:53,165 basehttp "POST /api/forum/questions/ HTTP/1.1" 201 323
INFO 2025-09-04 14:04:53,333 basehttp "POST /api/forum/questions/ HTTP/1.1" 201 323
INFO 2025-09-04 14:04:53,682 basehttp "GET /api/forum/questions/279/ HTTP/1.1" 200 322
INFO 2025-09-04 14:04:53,874 basehttp "POST /api/forum/questions/ HTTP/1.1" 201 323
INFO 2025-09-04 14:04:54,097 basehttp "PATCH /api/forum/questions/254/toggle-like/ HTTP/1.1" 200 31
INFO 2025-09-04 14:04:54,368 basehttp "PATCH /api/forum/questions/272/toggle-like/ HTTP/1.1" 200 30
INFO 2025-09-04 14:04:54,422 basehttp "POST /api/forum/questions/281/comments/ HTTP/1.1" 201 175
INFO 2025-09-04 14:04:54,451 basehttp "GET /api/forum/questions/ HTTP/1.1" 200 23319
INFO 2025-09-04 14:04:54,466 basehttp "GET /api/forum/questions/ HTTP/1.1" 200 23318
INFO 2025-09-04 14:04:54,870 basehttp "GET /api/forum/questions/ HTTP/1.1" 200 23318
INFO 2025-09-04 14:04:54,876 basehttp "PATCH /api/forum/questions/285/toggle-like/ HTTP/1.1" 200 30
INFO 2025-09-04 14:04:55,249 basehttp "GET /api/forum/questions/ HTTP/1.1" 200 23993
INFO 2025-09-04 14:04:55,405 basehttp "GET /api/forum/questions/ HTTP/1.1" 200 23994
INFO 2025-09-04 14:04:55,416 basehttp "GET /api/forum/questions/ HTTP/1.1" 200 23993
INFO 2025-09-04 14:04:56,074 basehttp "DELETE /api/forum/questions/281/ HTTP/1.1" 204 0
INFO 2025-09-04 14:04:56,195 basehttp "GET /api/forum/questions/268/ HTTP/1.1" 200 497
INFO 2025-09-04 14:04:56,247 basehttp "GET /api/forum/questions/ HTTP/1.1" 200 24642
INFO 2025-09-04 14:04:56,270 basehttp "DELETE /api/forum/questions/272/ HTTP/1.1" 204 0
INFO 2025-09-04 14:04:56,288 basehttp "GET /api/forum/questions/ HTTP/1.1" 200 23994
INFO 2025-09-04 14:04:56,339 basehttp "GET /api/forum/questions/ HTTP/1.1" 200 25141
INFO 2025-09-04 14:04:56,427 basehttp "GET /api/forum/questions/ HTTP/1.1" 200 24642
INFO 2025-09-04 14:04:56,504 basehttp "GET /api/forum/questions/ HTTP/1.1" 200 25140
INFO 2025-09-04 14:04:56,506 basehttp "DELETE /api/forum/questions/285/ HTTP/1.1" 204 0
INFO 2025-09-04 14:04:56,744 basehttp "GET /api/forum/questions/ HTTP/1.1" 200 25139
INFO 2025-09-04 14:04:57,164 basehttp "GET /api/forum/questions/ HTTP/1.1" 200 25140
INFO 2025-09-04 14:04:57,260 basehttp "POST /api/forum/questions/ HTTP/1.1" 201 323
INFO 2025-09-04 14:04:57,508 basehttp "GET /api/forum/questions/268/ HTTP/1.1" 200 497
INFO 2025-09-04 14:04:57,565 basehttp "POST /api/forum/questions/254/comments/ HTTP/1.1" 201 175
INFO 2025-09-04 14:04:57,701 basehttp "POST /api/forum/questions/273/comments/ HTTP/1.1" 201 175
INFO 2025-09-04 14:04:57,731 basehttp "GET /api/forum/questions/284/ HTTP/1.1" 200 323
INFO 2025-09-04 14:04:57,830 basehttp "GET /api/forum/questions/ HTTP/1.1" 200 23966
INFO 2025-09-04 14:04:57,963 basehttp "GET /api/forum/questions/ HTTP/1.1" 200 23642
INFO 2025-09-04 14:04:58,151 basehttp "GET /api/forum/questions/ HTTP/1.1" 200 23642
INFO 2025-09-04 14:04:58,298 basehttp "GET /api/forum/questions/ HTTP/1.1" 200 23642
INFO 2025-09-04 14:04:58,432 basehttp "GET /api/forum/questions/ HTTP/1.1" 200 24142
INFO 2025-09-04 14:04:58,564 basehttp "GET /api/forum/questions/ HTTP/1.1" 200 24317
INFO 2025-09-04 14:04:58,641 basehttp "POST /api/forum/questions/ HTTP/1.1" 201 323
INFO 2025-09-04 14:04:58,864 basehttp "GET /api/forum/questions/ HTTP/1.1" 200 24317
WARNING 2025-09-04 14:04:59,014 log Not Found: /api/forum/comments/176/
WARNING 2025-09-04 14:04:59,015 basehttp "DELETE /api/forum/comments/176/ HTTP/1.1" 404 86
INFO 2025-09-04 14:04:59,458 basehttp "POST /api/forum/questions/268/comments/ HTTP/1.1" 201 175
INFO 2025-09-04 14:04:59,522 basehttp "POST /api/forum/questions/283/comments/ HTTP/1.1" 201 175
INFO 2025-09-04 14:04:59,598 basehttp "PATCH /api/forum/questions/286/toggle-like/ HTTP/1.1" 200 30
INFO 2025-09-04 14:04:59,915 basehttp "GET /api/forum/questions/ HTTP/1.1" 200 24993
INFO 2025-09-04 14:05:00,098 basehttp "DELETE /api/forum/comments/186/ HTTP/1.1" 204 0
INFO 2025-09-04 14:05:00,130 basehttp "DELETE /api/forum/comments/190/ HTTP/1.1" 204 0
INFO 2025-09-04 14:05:00,135 basehttp "GET /api/forum/questions/ HTTP/1.1" 200 24993
INFO 2025-09-04 14:05:00,264 basehttp "POST /api/forum/questions/ HTTP/1.1" 201 323
INFO 2025-09-04 14:05:00,290 basehttp "POST /api/forum/questions/287/comments/ HTTP/1.1" 201 175
INFO 2025-09-04 14:05:00,423 basehttp "POST /api/forum/questions/278/comments/ HTTP/1.1" 201 175
INFO 2025-09-04 14:05:00,606 basehttp "POST /api/forum/questions/ HTTP/1.1" 201 323
INFO 2025-09-04 14:05:00,899 basehttp "GET /api/forum/questions/ HTTP/1.1" 200 25318
INFO 2025-09-04 14:05:01,165 basehttp "DELETE /api/forum/questions/283/ HTTP/1.1" 204 0
INFO 2025-09-04 14:05:01,255 basehttp "GET /api/forum/questions/ HTTP/1.1" 200 25639
INFO 2025-09-04 14:05:01,316 basehttp "POST /api/forum/questions/ HTTP/1.1" 201 323
INFO 2025-09-04 14:05:01,364 basehttp "POST /api/forum/questions/ HTTP/1.1" 201 323
INFO 2025-09-04 14:05:01,378 basehttp "PATCH /api/forum/questions/287/toggle-like/ HTTP/1.1" 200 30
INFO 2025-09-04 14:05:01,394 basehttp "DELETE /api/forum/comments/191/ HTTP/1.1" 204 0
INFO 2025-09-04 14:05:01,440 basehttp "POST /api/forum/questions/279/comments/ HTTP/1.1" 201 175
INFO 2025-09-04 14:05:01,564 basehttp "DELETE /api/forum/questions/289/ HTTP/1.1" 204 0
INFO 2025-09-04 14:05:01,586 basehttp "GET /api/forum/questions/288/ HTTP/1.1" 200 323
INFO 2025-09-04 14:05:01,915 basehttp "GET /api/forum/questions/ HTTP/1.1" 200 25790
INFO 2025-09-04 14:05:02,099 basehttp "PATCH /api/forum/questions/278/toggle-like/ HTTP/1.1" 200 30
WARNING 2025-09-04 14:05:02,342 log Not Found: /api/forum/comments/189/
INFO 2025-09-04 14:05:02,343 basehttp "GET /api/forum/questions/290/ HTTP/1.1" 200 323
WARNING 2025-09-04 14:05:02,343 basehttp "DELETE /api/forum/comments/189/ HTTP/1.1" 404 86
INFO 2025-09-04 14:05:02,351 basehttp "POST /api/forum/questions/ HTTP/1.1" 201 323
INFO 2025-09-04 14:05:02,375 basehttp "DELETE /api/forum/questions/286/ HTTP/1.1" 204 0
INFO 2025-09-04 14:05:02,514 basehttp "PATCH /api/forum/questions/291/toggle-sticky/ HTTP/1.1" 200 18
INFO 2025-09-04 14:05:02,716 basehttp "POST /api/forum/questions/ HTTP/1.1" 201 323
INFO 2025-09-04 14:05:03,030 basehttp "GET /api/forum/questions/ HTTP/1.1" 200 25465
INFO 2025-09-04 14:05:03,058 basehttp "GET /api/forum/questions/279/ HTTP/1.1" 200 497
INFO 2025-09-04 14:05:03,165 basehttp "POST /api/forum/questions/288/comments/ HTTP/1.1" 201 175
INFO 2025-09-04 14:05:03,339 basehttp "GET /api/forum/questions/278/ HTTP/1.1" 200 673
INFO 2025-09-04 14:05:03,385 basehttp "GET /api/forum/questions/ HTTP/1.1" 200 25788
INFO 2025-09-04 14:05:03,481 basehttp "GET /api/forum/questions/ HTTP/1.1" 200 25788
INFO 2025-09-04 14:05:03,519 basehttp "POST /api/forum/questions/290/comments/ HTTP/1.1" 201 175
INFO 2025-09-04 14:05:03,836 basehttp "GET /api/forum/questions/293/ HTTP/1.1" 200 323
WARNING 2025-09-04 14:05:03,882 log Not Found: /api/forum/comments/188/
WARNING 2025-09-04 14:05:03,882 basehttp "DELETE /api/forum/comments/188/ HTTP/1.1" 404 86
INFO 2025-09-04 14:05:03,935 basehttp "DELETE /api/forum/questions/287/ HTTP/1.1" 204 0
INFO 2025-09-04 14:05:03,990 basehttp "GET /api/forum/questions/ HTTP/1.1" 200 26138
INFO 2025-09-04 14:05:04,116 basehttp "POST /api/forum/questions/ HTTP/1.1" 201 323
INFO 2025-09-04 14:05:04,397 basehttp "DELETE /api/forum/comments/196/ HTTP/1.1" 204 0
INFO 2025-09-04 14:05:04,481 basehttp "POST /api/forum/questions/ HTTP/1.1" 201 323
INFO 2025-09-04 14:05:04,608 basehttp "DELETE /api/forum/questions/278/ HTTP/1.1" 204 0
INFO 2025-09-04 14:05:04,624 basehttp "DELETE /api/forum/questions/292/ HTTP/1.1" 204 0
INFO 2025-09-04 14:05:04,830 basehttp "GET /api/forum/questions/ HTTP/1.1" 200 25963
INFO 2025-09-04 14:05:04,962 basehttp "GET /api/forum/questions/ HTTP/1.1" 200 25964
INFO 2025-09-04 14:05:05,314 basehttp "GET /api/forum/questions/ HTTP/1.1" 200 25762
INFO 2025-09-04 14:05:05,315 basehttp "GET /api/forum/questions/291/ HTTP/1.1" 200 322
INFO 2025-09-04 14:05:05,384 basehttp "GET /api/forum/questions/ HTTP/1.1" 200 25114
INFO 2025-09-04 14:05:05,438 basehttp "DELETE /api/forum/comments/198/ HTTP/1.1" 204 0
INFO 2025-09-04 14:05:05,628 basehttp "GET /api/forum/questions/ HTTP/1.1" 200 25113
INFO 2025-09-04 14:05:05,643 basehttp "GET /api/forum/questions/279/ HTTP/1.1" 200 322
INFO 2025-09-04 14:05:05,671 basehttp "POST /api/forum/questions/ HTTP/1.1" 201 323
INFO 2025-09-04 14:05:05,748 basehttp "DELETE /api/forum/questions/296/ HTTP/1.1" 204 0
INFO 2025-09-04 14:05:05,830 basehttp "GET /api/forum/questions/293/ HTTP/1.1" 200 323
INFO 2025-09-04 14:05:06,019 basehttp "PATCH /api/forum/questions/295/toggle-like/ HTTP/1.1" 200 30
INFO 2025-09-04 14:05:06,201 basehttp "GET /api/forum/questions/ HTTP/1.1" 200 25262
INFO 2025-09-04 14:05:06,484 basehttp "GET /api/forum/questions/ HTTP/1.1" 200 24939
INFO 2025-09-04 14:05:06,963 basehttp "GET /api/forum/questions/291/ HTTP/1.1" 200 322
INFO 2025-09-04 14:05:07,005 basehttp "PATCH /api/forum/questions/297/toggle-like/ HTTP/1.1" 200 30
INFO 2025-09-04 14:05:07,099 basehttp "POST /api/forum/questions/ HTTP/1.1" 201 323
INFO 2025-09-04 14:05:07,213 basehttp "GET /api/forum/questions/ HTTP/1.1" 200 24938
INFO 2025-09-04 14:05:07,506 basehttp "GET /api/forum/questions/ HTTP/1.1" 200 24938
INFO 2025-09-04 14:05:07,633 basehttp "POST /api/forum/questions/ HTTP/1.1" 201 323
INFO 2025-09-04 14:05:07,834 basehttp "GET /api/forum/questions/ HTTP/1.1" 200 25261
INFO 2025-09-04 14:05:07,856 basehttp "POST /api/forum/questions/ HTTP/1.1" 201 323
INFO 2025-09-04 14:05:07,983 basehttp "GET /api/forum/questions/ HTTP/1.1" 200 25262
INFO 2025-09-04 14:05:07,997 basehttp "POST /api/forum/questions/ HTTP/1.1" 201 323
INFO 2025-09-04 14:05:08,369 basehttp "POST /api/forum/questions/ HTTP/1.1" 201 323
INFO 2025-09-04 14:05:08,514 basehttp "GET /api/forum/questions/ HTTP/1.1" 200 25586
INFO 2025-09-04 14:05:08,530 basehttp "DELETE /api/forum/questions/298/ HTTP/1.1" 204 0
INFO 2025-09-04 14:05:08,532 basehttp "GET /api/forum/questions/ HTTP/1.1" 200 25587
WARNING 2025-09-04 14:05:08,558 log Not Found: /api/forum/comments/177/
WARNING 2025-09-04 14:05:08,563 basehttp "DELETE /api/forum/comments/177/ HTTP/1.1" 404 86
INFO 2025-09-04 14:05:08,623 basehttp "POST /api/forum/questions/297/comments/ HTTP/1.1" 201 175
INFO 2025-09-04 14:05:08,931 basehttp "GET /api/forum/questions/ HTTP/1.1" 200 26235
INFO 2025-09-04 14:05:09,026 basehttp "GET /api/forum/questions/290/ HTTP/1.1" 200 323
INFO 2025-09-04 14:05:09,049 basehttp "GET /api/forum/questions/279/ HTTP/1.1" 200 322
INFO 2025-09-04 14:05:09,062 basehttp "POST /api/forum/questions/ HTTP/1.1" 201 323
INFO 2025-09-04 14:05:09,086 basehttp "GET /api/forum/questions/301/ HTTP/1.1" 200 323
INFO 2025-09-04 14:05:09,233 basehttp "GET /api/forum/questions/ HTTP/1.1" 200 26409
INFO 2025-09-04 14:05:09,417 basehttp "POST /api/forum/questions/ HTTP/1.1" 201 323
INFO 2025-09-04 14:05:09,429 basehttp "POST /api/forum/questions/ HTTP/1.1" 201 323
INFO 2025-09-04 14:05:09,524 basehttp "DELETE /api/forum/questions/299/ HTTP/1.1" 204 0
INFO 2025-09-04 14:05:09,598 basehttp "GET /api/forum/questions/ HTTP/1.1" 200 26410
INFO 2025-09-04 14:05:09,702 basehttp "DELETE /api/forum/questions/295/ HTTP/1.1" 204 0
INFO 2025-09-04 14:05:10,068 basehttp "GET /api/forum/questions/ HTTP/1.1" 200 27381
INFO 2025-09-04 14:05:10,165 basehttp "POST /api/forum/questions/ HTTP/1.1" 201 323
INFO 2025-09-04 14:05:10,233 basehttp "GET /api/forum/questions/303/ HTTP/1.1" 200 323
INFO 2025-09-04 14:05:10,331 basehttp "POST /api/forum/questions/ HTTP/1.1" 201 323
INFO 2025-09-04 14:05:10,548 basehttp "GET /api/forum/questions/ HTTP/1.1" 200 26733
INFO 2025-09-04 14:05:10,631 basehttp "DELETE /api/forum/questions/290/ HTTP/1.1" 204 0
WARNING 2025-09-04 14:05:10,846 log Not Found: /api/forum/comments/194/
WARNING 2025-09-04 14:05:10,854 basehttp "DELETE /api/forum/comments/194/ HTTP/1.1" 404 86
INFO 2025-09-04 14:05:10,933 basehttp "GET /api/forum/questions/301/ HTTP/1.1" 200 323
INFO 2025-09-04 14:05:10,934 basehttp "GET /api/forum/questions/ HTTP/1.1" 200 26732
INFO 2025-09-04 14:05:10,986 basehttp "GET /api/forum/questions/304/ HTTP/1.1" 200 323
INFO 2025-09-04 14:05:11,163 basehttp "POST /api/forum/questions/ HTTP/1.1" 201 323
INFO 2025-09-04 14:05:11,595 basehttp "GET /api/forum/questions/ HTTP/1.1" 200 27382
INFO 2025-09-04 14:05:11,781 basehttp "GET /api/forum/questions/ HTTP/1.1" 200 27381
INFO 2025-09-04 14:05:11,899 basehttp "GET /api/forum/questions/297/ HTTP/1.1" 200 497
INFO 2025-09-04 14:05:12,381 basehttp "POST /api/forum/questions/ HTTP/1.1" 201 323
INFO 2025-09-04 14:05:12,416 basehttp "GET /api/forum/questions/305/ HTTP/1.1" 200 323
INFO 2025-09-04 14:05:12,416 basehttp "POST /api/forum/questions/ HTTP/1.1" 201 323
INFO 2025-09-04 14:05:12,484 basehttp "POST /api/forum/questions/307/comments/ HTTP/1.1" 201 175
INFO 2025-09-04 14:05:12,971 basehttp "GET /api/forum/questions/ HTTP/1.1" 200 27057
INFO 2025-09-04 14:05:13,178 basehttp "POST /api/forum/questions/297/comments/ HTTP/1.1" 201 175
INFO 2025-09-04 14:05:13,524 basehttp "POST /api/forum/questions/ HTTP/1.1" 201 323
INFO 2025-09-04 14:05:13,980 basehttp "PATCH /api/forum/questions/307/toggle-like/ HTTP/1.1" 200 30
INFO 2025-09-04 14:05:14,157 basehttp "DELETE /api/forum/questions/305/ HTTP/1.1" 204 0
INFO 2025-09-04 14:05:14,635 basehttp "GET /api/forum/questions/ HTTP/1.1" 200 27382
INFO 2025-09-04 14:05:14,998 basehttp "POST /api/forum/questions/ HTTP/1.1" 201 323
INFO 2025-09-04 14:05:15,340 basehttp "GET /api/forum/questions/ HTTP/1.1" 200 27382
INFO 2025-09-04 14:05:15,549 basehttp "POST /api/forum/questions/309/comments/ HTTP/1.1" 201 175
INFO 2025-09-04 14:05:15,549 basehttp "GET /api/forum/questions/307/ HTTP/1.1" 200 497
INFO 2025-09-04 14:05:15,549 basehttp "GET /api/forum/questions/ HTTP/1.1" 200 27381
INFO 2025-09-04 14:05:15,564 basehttp "GET /api/forum/questions/ HTTP/1.1" 200 27382
INFO 2025-09-04 14:05:15,595 basehttp "GET /api/forum/questions/ HTTP/1.1" 200 27381
INFO 2025-09-04 14:05:15,798 basehttp "GET /api/forum/questions/ HTTP/1.1" 200 28204
INFO 2025-09-04 14:05:15,932 basehttp "POST /api/forum/questions/ HTTP/1.1" 201 323
INFO 2025-09-04 14:05:15,946 basehttp "GET /api/forum/questions/ HTTP/1.1" 200 28203
INFO 2025-09-04 14:05:16,141 basehttp "GET /api/forum/questions/ HTTP/1.1" 200 28380
INFO 2025-09-04 14:05:16,155 basehttp "POST /api/forum/questions/310/comments/ HTTP/1.1" 201 175
INFO 2025-09-04 14:05:16,209 basehttp "GET /api/forum/questions/ HTTP/1.1" 200 28380
INFO 2025-09-04 14:05:16,430 basehttp "GET /api/forum/questions/ HTTP/1.1" 200 28380
INFO 2025-09-04 14:05:16,467 basehttp "DELETE /api/forum/questions/312/ HTTP/1.1" 204 0
INFO 2025-09-04 14:05:16,503 basehttp "GET /api/forum/questions/ HTTP/1.1" 200 28381
INFO 2025-09-04 14:05:16,733 basehttp "GET /api/forum/questions/ HTTP/1.1" 200 29204
INFO 2025-09-04 14:05:17,213 basehttp "POST /api/forum/questions/ HTTP/1.1" 201 323
INFO 2025-09-04 14:05:17,413 basehttp "GET /api/forum/questions/ HTTP/1.1" 200 29054
INFO 2025-09-04 14:05:17,434 basehttp "DELETE /api/forum/questions/303/ HTTP/1.1" 204 0
INFO 2025-09-04 14:05:17,511 basehttp "DELETE /api/forum/questions/313/ HTTP/1.1" 204 0
INFO 2025-09-04 14:05:17,565 basehttp "PATCH /api/forum/questions/301/toggle-sticky/ HTTP/1.1" 200 18
INFO 2025-09-04 14:05:17,734 basehttp "GET /api/forum/questions/ HTTP/1.1" 200 29053
INFO 2025-09-04 14:05:17,946 basehttp "GET /api/forum/questions/ HTTP/1.1" 200 29055
INFO 2025-09-04 14:05:17,997 basehttp "GET /api/forum/questions/ HTTP/1.1" 200 29379
INFO 2025-09-04 14:05:18,712 basehttp "DELETE /api/forum/questions/310/ HTTP/1.1" 204 0
INFO 2025-09-04 14:05:18,985 basehttp "DELETE /api/forum/comments/201/ HTTP/1.1" 204 0
INFO 2025-09-04 14:05:19,123 basehttp "GET /api/forum/questions/309/ HTTP/1.1" 200 498
INFO 2025-09-04 14:05:19,226 basehttp "POST /api/forum/questions/ HTTP/1.1" 201 323
INFO 2025-09-04 14:05:20,599 basehttp "POST /api/forum/questions/309/comments/ HTTP/1.1" 201 175
INFO 2025-09-04 14:05:20,660 basehttp "POST /api/forum/questions/ HTTP/1.1" 201 323
INFO 2025-09-04 14:05:20,852 basehttp "POST /api/forum/questions/ HTTP/1.1" 201 323
INFO 2025-09-04 14:05:20,930 basehttp "POST /api/forum/questions/ HTTP/1.1" 201 323
INFO 2025-09-04 14:05:21,447 basehttp "GET /api/forum/questions/ HTTP/1.1" 200 28730
INFO 2025-09-04 14:05:21,475 basehttp "POST /api/forum/questions/ HTTP/1.1" 201 323
INFO 2025-09-04 14:05:22,167 basehttp "DELETE /api/forum/questions/317/ HTTP/1.1" 204 0
INFO 2025-09-04 14:05:22,673 basehttp "POST /api/forum/questions/ HTTP/1.1" 201 323
INFO 2025-09-04 14:05:22,766 basehttp "POST /api/forum/questions/ HTTP/1.1" 201 323
INFO 2025-09-04 14:05:22,798 basehttp "PATCH /api/forum/questions/309/toggle-like/ HTTP/1.1" 200 30
INFO 2025-09-04 14:05:23,155 basehttp "GET /api/forum/questions/ HTTP/1.1" 200 28378
INFO 2025-09-04 14:05:23,246 basehttp "PATCH /api/forum/questions/306/toggle-like/ HTTP/1.1" 200 30
INFO 2025-09-04 14:05:23,443 basehttp "GET /api/forum/questions/ HTTP/1.1" 200 28055
INFO 2025-09-04 14:05:23,631 basehttp "GET /api/forum/questions/319/ HTTP/1.1" 200 323
INFO 2025-09-04 14:05:23,932 basehttp "GET /api/forum/questions/ HTTP/1.1" 200 28377
INFO 2025-09-04 14:05:24,314 basehttp "DELETE /api/forum/questions/300/ HTTP/1.1" 204 0
INFO 2025-09-04 14:05:24,373 basehttp "POST /api/forum/questions/309/comments/ HTTP/1.1" 201 175
INFO 2025-09-04 14:05:24,421 basehttp "POST /api/forum/questions/ HTTP/1.1" 201 323
INFO 2025-09-04 14:05:24,497 basehttp "GET /api/forum/questions/ HTTP/1.1" 200 28378
INFO 2025-09-04 14:05:24,604 basehttp "GET /api/forum/questions/ HTTP/1.1" 200 28378
INFO 2025-09-04 14:05:24,707 basehttp "POST /api/forum/questions/321/comments/ HTTP/1.1" 201 175
INFO 2025-09-04 14:05:25,102 basehttp "GET /api/forum/questions/311/ HTTP/1.1" 200 323
INFO 2025-09-04 14:05:25,218 basehttp "GET /api/forum/questions/ HTTP/1.1" 200 28555
INFO 2025-09-04 14:05:25,218 basehttp "POST /api/forum/questions/306/comments/ HTTP/1.1" 201 175
INFO 2025-09-04 14:05:25,250 basehttp "PATCH /api/forum/questions/319/toggle-like/ HTTP/1.1" 200 30
INFO 2025-09-04 14:05:25,380 basehttp "POST /api/forum/questions/ HTTP/1.1" 201 323
INFO 2025-09-04 14:05:26,068 basehttp "PATCH /api/forum/questions/301/toggle-like/ HTTP/1.1" 200 30
WARNING 2025-09-04 14:05:26,097 log Not Found: /api/forum/comments/181/
WARNING 2025-09-04 14:05:26,196 basehttp "DELETE /api/forum/comments/181/ HTTP/1.1" 404 86
INFO 2025-09-04 14:05:26,386 basehttp "DELETE /api/forum/questions/322/ HTTP/1.1" 204 0
INFO 2025-09-04 14:05:26,777 basehttp "POST /api/forum/questions/ HTTP/1.1" 201 323
INFO 2025-09-04 14:05:26,953 basehttp "POST /api/forum/questions/306/comments/ HTTP/1.1" 201 175
INFO 2025-09-04 14:05:26,985 basehttp "DELETE /api/forum/questions/311/ HTTP/1.1" 204 0
INFO 2025-09-04 14:05:27,055 basehttp "DELETE /api/forum/questions/323/ HTTP/1.1" 204 0
INFO 2025-09-04 14:05:27,191 basehttp "DELETE /api/forum/questions/316/ HTTP/1.1" 204 0
INFO 2025-09-04 14:05:27,513 basehttp "POST /api/forum/questions/ HTTP/1.1" 201 323
INFO 2025-09-04 14:05:28,290 basehttp "GET /api/forum/questions/ HTTP/1.1" 200 30173
INFO 2025-09-04 14:05:28,391 basehttp "POST /api/forum/questions/ HTTP/1.1" 201 323
INFO 2025-09-04 14:05:28,464 basehttp "POST /api/forum/questions/319/comments/ HTTP/1.1" 201 175
INFO 2025-09-04 14:05:28,481 basehttp "POST /api/forum/questions/ HTTP/1.1" 201 323
INFO 2025-09-04 14:05:28,948 basehttp "GET /api/forum/questions/ HTTP/1.1" 200 30350
INFO 2025-09-04 14:05:29,051 basehttp "PATCH /api/forum/questions/325/toggle-like/ HTTP/1.1" 200 30
INFO 2025-09-04 14:05:29,386 basehttp "GET /api/forum/questions/ HTTP/1.1" 200 30350
INFO 2025-09-04 14:05:29,622 basehttp "POST /api/forum/questions/ HTTP/1.1" 201 323
INFO 2025-09-04 14:05:30,285 basehttp "POST /api/forum/questions/ HTTP/1.1" 201 323
INFO 2025-09-04 14:05:30,579 basehttp "POST /api/forum/questions/ HTTP/1.1" 201 323
INFO 2025-09-04 14:05:30,631 basehttp "PATCH /api/forum/questions/325/toggle-sticky/ HTTP/1.1" 200 18
INFO 2025-09-04 14:05:30,702 basehttp "POST /api/forum/questions/ HTTP/1.1" 201 323
INFO 2025-09-04 14:05:30,740 basehttp "POST /api/forum/questions/ HTTP/1.1" 201 323
INFO 2025-09-04 14:05:30,749 basehttp "GET /api/forum/questions/ HTTP/1.1" 200 30701
INFO 2025-09-04 14:05:30,814 basehttp "DELETE /api/forum/questions/327/ HTTP/1.1" 204 0
INFO 2025-09-04 14:05:30,979 basehttp "PATCH /api/forum/questions/328/toggle-like/ HTTP/1.1" 200 30
INFO 2025-09-04 14:05:31,034 basehttp "POST /api/forum/questions/ HTTP/1.1" 201 323
INFO 2025-09-04 14:05:32,431 basehttp "GET /api/forum/questions/328/ HTTP/1.1" 200 322
INFO 2025-09-04 14:05:32,432 basehttp "GET /api/forum/questions/325/ HTTP/1.1" 200 321
INFO 2025-09-04 14:05:32,581 basehttp "DELETE /api/forum/questions/332/ HTTP/1.1" 204 0
INFO 2025-09-04 14:05:33,693 basehttp "GET /api/forum/questions/ HTTP/1.1" 200 31200
INFO 2025-09-04 14:05:33,703 basehttp "POST /api/forum/questions/ HTTP/1.1" 201 323
INFO 2025-09-04 14:05:33,918 basehttp "POST /api/forum/questions/ HTTP/1.1" 201 323
INFO 2025-09-04 14:05:34,060 basehttp "GET /api/forum/questions/ HTTP/1.1" 200 31199
INFO 2025-09-04 14:05:34,791 basehttp "GET /api/forum/questions/325/ HTTP/1.1" 200 321
INFO 2025-09-04 14:05:35,775 basehttp "GET /api/forum/questions/ HTTP/1.1" 200 30229
INFO 2025-09-04 14:05:35,783 basehttp "DELETE /api/forum/questions/334/ HTTP/1.1" 204 0
INFO 2025-09-04 14:05:36,061 basehttp "GET /api/forum/questions/ HTTP/1.1" 200 30551
INFO 2025-09-04 14:05:36,097 basehttp "PATCH /api/forum/questions/335/toggle-like/ HTTP/1.1" 200 30
INFO 2025-09-04 14:05:37,380 basehttp "POST /api/forum/questions/ HTTP/1.1" 201 323
INFO 2025-09-04 14:05:37,387 basehttp "GET /api/forum/questions/325/ HTTP/1.1" 200 321
INFO 2025-09-04 14:05:37,542 basehttp "DELETE /api/forum/comments/205/ HTTP/1.1" 204 0
INFO 2025-09-04 14:05:38,019 basehttp "GET /api/forum/questions/ HTTP/1.1" 200 31375
INFO 2025-09-04 14:05:38,836 basehttp "GET /api/forum/questions/ HTTP/1.1" 200 31375
INFO 2025-09-04 14:05:39,435 basehttp "POST /api/forum/questions/325/comments/ HTTP/1.1" 201 175
INFO 2025-09-04 14:05:39,440 basehttp "POST /api/forum/questions/ HTTP/1.1" 201 323
INFO 2025-09-04 14:05:39,635 basehttp "GET /api/forum/questions/ HTTP/1.1" 200 31699
INFO 2025-09-04 14:05:41,631 basehttp "PATCH /api/forum/questions/319/toggle-like/ HTTP/1.1" 200 31
INFO 2025-09-04 14:05:41,650 basehttp "POST /api/forum/questions/337/comments/ HTTP/1.1" 201 175
INFO 2025-09-04 14:05:41,968 basehttp "DELETE /api/forum/comments/210/ HTTP/1.1" 204 0
INFO 2025-09-04 14:05:42,269 basehttp "GET /api/forum/questions/ HTTP/1.1" 200 31700
INFO 2025-09-04 14:05:42,840 basehttp "GET /api/forum/questions/ HTTP/1.1" 200 32993
INFO 2025-09-04 14:05:43,346 basehttp "GET /api/forum/questions/ HTTP/1.1" 200 32994
INFO 2025-09-04 14:05:43,352 basehttp "GET /api/forum/questions/ HTTP/1.1" 200 32994
INFO 2025-09-04 14:05:43,359 basehttp "POST /api/forum/questions/ HTTP/1.1" 201 323
INFO 2025-09-04 14:05:44,599 basehttp "GET /api/forum/questions/ HTTP/1.1" 200 32671
INFO 2025-09-04 14:05:44,976 basehttp "GET /api/forum/questions/338/ HTTP/1.1" 200 323
INFO 2025-09-04 14:05:45,252 basehttp "GET /api/forum/questions/337/ HTTP/1.1" 200 498
INFO 2025-09-04 14:05:45,601 basehttp "GET /api/forum/questions/ HTTP/1.1" 200 32671
INFO 2025-09-04 14:05:45,641 basehttp "DELETE /api/forum/comments/208/ HTTP/1.1" 204 0
INFO 2025-09-04 14:05:46,363 basehttp "POST /api/forum/questions/ HTTP/1.1" 201 323
INFO 2025-09-04 14:05:46,595 basehttp "GET /api/forum/questions/ HTTP/1.1" 200 33318
INFO 2025-09-04 14:05:46,936 basehttp "GET /api/forum/questions/ HTTP/1.1" 200 33142
INFO 2025-09-04 14:05:47,623 basehttp "PATCH /api/forum/questions/337/toggle-like/ HTTP/1.1" 200 30
INFO 2025-09-04 14:05:48,095 basehttp "POST /api/forum/questions/ HTTP/1.1" 201 323
INFO 2025-09-04 14:05:48,212 basehttp "GET /api/forum/questions/ HTTP/1.1" 200 32818
INFO 2025-09-04 14:05:48,986 basehttp "POST /api/forum/questions/339/comments/ HTTP/1.1" 201 175
INFO 2025-09-04 14:05:49,116 basehttp "DELETE /api/forum/questions/337/ HTTP/1.1" 204 0
INFO 2025-09-04 14:05:49,209 basehttp "GET /api/forum/questions/ HTTP/1.1" 200 33143
INFO 2025-09-04 14:05:49,214 basehttp "GET /api/forum/questions/ HTTP/1.1" 200 33141
INFO 2025-09-04 14:05:49,615 basehttp "GET /api/forum/questions/ HTTP/1.1" 200 33139
INFO 2025-09-04 14:05:49,621 basehttp "GET /api/forum/questions/ HTTP/1.1" 200 33142
INFO 2025-09-04 14:05:49,746 basehttp "GET /api/forum/questions/ HTTP/1.1" 200 33642
INFO 2025-09-04 14:05:49,817 basehttp "GET /api/forum/questions/ HTTP/1.1" 200 33641
INFO 2025-09-04 14:05:49,836 basehttp "GET /api/forum/questions/ HTTP/1.1" 200 33141
INFO 2025-09-04 14:05:49,880 basehttp "GET /api/forum/questions/340/ HTTP/1.1" 200 323
INFO 2025-09-04 14:05:49,895 basehttp "GET /api/forum/questions/ HTTP/1.1" 200 33816
INFO 2025-09-04 14:05:50,761 basehttp "GET /api/forum/questions/ HTTP/1.1" 200 33788
INFO 2025-09-04 14:05:50,843 basehttp "GET /api/forum/questions/ HTTP/1.1" 200 33789
INFO 2025-09-04 14:05:50,949 basehttp "GET /api/forum/questions/ HTTP/1.1" 200 34114
INFO 2025-09-04 14:05:50,954 basehttp "GET /api/forum/questions/ HTTP/1.1" 200 34114
INFO 2025-09-04 14:05:51,050 basehttp "POST /api/forum/questions/ HTTP/1.1" 201 323
INFO 2025-09-04 14:05:51,168 basehttp "GET /api/forum/questions/ HTTP/1.1" 200 34438
INFO 2025-09-04 14:05:51,258 basehttp "GET /api/forum/questions/ HTTP/1.1" 200 34114
INFO 2025-09-04 14:05:51,351 basehttp "POST /api/forum/questions/333/comments/ HTTP/1.1" 201 175
INFO 2025-09-04 14:05:51,351 basehttp "POST /api/forum/questions/ HTTP/1.1" 201 323
INFO 2025-09-04 14:05:51,476 basehttp "GET /api/forum/questions/ HTTP/1.1" 200 34112
INFO 2025-09-04 14:05:51,780 basehttp "POST /api/forum/questions/ HTTP/1.1" 201 323
INFO 2025-09-04 14:05:51,998 basehttp "PATCH /api/forum/questions/331/toggle-sticky/ HTTP/1.1" 200 18
INFO 2025-09-04 14:05:52,226 basehttp "GET /api/forum/questions/ HTTP/1.1" 200 34936
INFO 2025-09-04 14:05:52,282 basehttp "PATCH /api/forum/questions/338/toggle-like/ HTTP/1.1" 200 30
INFO 2025-09-04 14:05:52,429 basehttp "PATCH /api/forum/questions/325/toggle-sticky/ HTTP/1.1" 200 19
INFO 2025-09-04 14:05:52,463 basehttp "GET /api/forum/questions/341/ HTTP/1.1" 200 323
INFO 2025-09-04 14:05:52,463 basehttp "DELETE /api/forum/questions/329/ HTTP/1.1" 204 0
INFO 2025-09-04 14:05:52,721 basehttp "GET /api/forum/questions/339/ HTTP/1.1" 200 498
INFO 2025-09-04 14:05:53,046 basehttp "PATCH /api/forum/questions/333/toggle-like/ HTTP/1.1" 200 30
INFO 2025-09-04 14:05:53,080 basehttp "GET /api/forum/questions/ HTTP/1.1" 200 35258
INFO 2025-09-04 14:05:53,101 basehttp "POST /api/forum/questions/331/comments/ HTTP/1.1" 201 175
INFO 2025-09-04 14:05:53,656 basehttp "GET /api/forum/questions/ HTTP/1.1" 200 34935
INFO 2025-09-04 14:05:53,840 basehttp "DELETE /api/forum/comments/212/ HTTP/1.1" 204 0
INFO 2025-09-04 14:05:54,080 basehttp "GET /api/forum/questions/ HTTP/1.1" 200 34937
INFO 2025-09-04 14:05:54,119 basehttp "PATCH /api/forum/questions/338/toggle-like/ HTTP/1.1" 200 31
INFO 2025-09-04 14:05:54,164 basehttp "POST /api/forum/questions/ HTTP/1.1" 201 323
INFO 2025-09-04 14:05:54,171 basehttp "GET /api/forum/questions/ HTTP/1.1" 200 34936
WARNING 2025-09-04 14:05:54,262 log Not Found: /api/forum/comments/193/
WARNING 2025-09-04 14:05:54,284 basehttp "DELETE /api/forum/comments/193/ HTTP/1.1" 404 86
INFO 2025-09-04 14:05:54,286 basehttp "DELETE /api/forum/questions/325/ HTTP/1.1" 204 0
INFO 2025-09-04 14:05:54,299 basehttp "GET /api/forum/questions/333/ HTTP/1.1" 200 497
INFO 2025-09-04 14:05:54,479 basehttp "POST /api/forum/questions/331/comments/ HTTP/1.1" 201 175
INFO 2025-09-04 14:05:54,613 basehttp "POST /api/forum/questions/ HTTP/1.1" 201 323
INFO 2025-09-04 14:05:54,898 basehttp "POST /api/forum/questions/ HTTP/1.1" 201 323
INFO 2025-09-04 14:05:55,109 basehttp "GET /api/forum/questions/ HTTP/1.1" 200 35111
INFO 2025-09-04 14:05:55,145 basehttp "PATCH /api/forum/questions/339/toggle-like/ HTTP/1.1" 200 30
INFO 2025-09-04 14:05:55,231 basehttp "DELETE /api/forum/questions/338/ HTTP/1.1" 204 0
INFO 2025-09-04 14:05:55,342 basehttp "GET /api/forum/questions/ HTTP/1.1" 200 35108
INFO 2025-09-04 14:05:55,385 basehttp "GET /api/forum/questions/ HTTP/1.1" 200 34936
INFO 2025-09-04 14:05:55,563 basehttp "GET /api/forum/questions/ HTTP/1.1" 200 35261
INFO 2025-09-04 14:05:55,766 basehttp "GET /api/forum/questions/ HTTP/1.1" 200 35111
INFO 2025-09-04 14:05:55,816 basehttp "GET /api/forum/questions/344/ HTTP/1.1" 200 323
INFO 2025-09-04 14:05:56,013 basehttp "PATCH /api/forum/questions/331/toggle-like/ HTTP/1.1" 200 30
INFO 2025-09-04 14:05:56,311 basehttp "GET /api/forum/questions/ HTTP/1.1" 200 35435
INFO 2025-09-04 14:05:56,351 basehttp "POST /api/forum/questions/ HTTP/1.1" 201 323
INFO 2025-09-04 14:05:56,480 basehttp "POST /api/forum/questions/ HTTP/1.1" 201 323
INFO 2025-09-04 14:05:56,519 basehttp "DELETE /api/forum/questions/346/ HTTP/1.1" 204 0
INFO 2025-09-04 14:05:56,644 basehttp "GET /api/forum/questions/339/ HTTP/1.1" 200 322
INFO 2025-09-04 14:05:56,880 basehttp "POST /api/forum/questions/ HTTP/1.1" 201 323
INFO 2025-09-04 14:05:57,119 basehttp "PATCH /api/forum/questions/344/toggle-like/ HTTP/1.1" 200 30
INFO 2025-09-04 14:05:57,264 basehttp "PATCH /api/forum/questions/331/toggle-like/ HTTP/1.1" 200 31
INFO 2025-09-04 14:05:57,315 basehttp "GET /api/forum/questions/ HTTP/1.1" 200 35435
INFO 2025-09-04 14:05:57,440 basehttp "DELETE /api/forum/questions/341/ HTTP/1.1" 204 0
INFO 2025-09-04 14:05:57,571 basehttp "POST /api/forum/questions/301/comments/ HTTP/1.1" 201 175
INFO 2025-09-04 14:05:57,730 basehttp "GET /api/forum/questions/348/ HTTP/1.1" 200 323
INFO 2025-09-04 14:05:58,248 basehttp "POST /api/forum/questions/ HTTP/1.1" 201 323
INFO 2025-09-04 14:05:58,329 basehttp "GET /api/forum/questions/ HTTP/1.1" 200 35437
INFO 2025-09-04 14:05:58,564 basehttp "PATCH /api/forum/questions/331/toggle-sticky/ HTTP/1.1" 200 19
INFO 2025-09-04 14:05:58,639 basehttp "DELETE /api/forum/questions/344/ HTTP/1.1" 204 0
INFO 2025-09-04 14:05:58,962 basehttp "POST /api/forum/questions/ HTTP/1.1" 201 323
INFO 2025-09-04 14:05:59,013 basehttp "POST /api/forum/questions/333/comments/ HTTP/1.1" 201 175
INFO 2025-09-04 14:05:59,014 basehttp "POST /api/forum/questions/ HTTP/1.1" 201 323
INFO 2025-09-04 14:05:59,212 basehttp "GET /api/forum/questions/348/ HTTP/1.1" 200 323
INFO 2025-09-04 14:05:59,541 basehttp "GET /api/forum/questions/ HTTP/1.1" 200 36084
INFO 2025-09-04 14:05:59,550 basehttp "GET /api/forum/questions/ HTTP/1.1" 200 35760
INFO 2025-09-04 14:05:59,881 basehttp "GET /api/forum/questions/ HTTP/1.1" 200 35760
INFO 2025-09-04 14:05:59,914 basehttp "PATCH /api/forum/questions/331/toggle-sticky/ HTTP/1.1" 200 18
INFO 2025-09-04 14:05:59,963 basehttp "POST /api/forum/questions/ HTTP/1.1" 201 323
INFO 2025-09-04 14:06:00,213 basehttp "GET /api/forum/questions/ HTTP/1.1" 200 35760
INFO 2025-09-04 14:06:00,213 basehttp "POST /api/forum/questions/351/comments/ HTTP/1.1" 201 175
INFO 2025-09-04 14:06:00,213 basehttp "POST /api/forum/questions/ HTTP/1.1" 201 323
INFO 2025-09-04 14:06:00,379 basehttp "GET /api/forum/questions/ HTTP/1.1" 200 36084
INFO 2025-09-04 14:06:00,430 basehttp "GET /api/forum/questions/333/ HTTP/1.1" 200 673
INFO 2025-09-04 14:06:00,453 basehttp "PATCH /api/forum/questions/352/toggle-like/ HTTP/1.1" 200 30
INFO 2025-09-04 14:06:00,480 basehttp "GET /api/forum/questions/ HTTP/1.1" 200 36081
INFO 2025-09-04 14:06:00,743 basehttp "GET /api/forum/questions/ HTTP/1.1" 200 35936
INFO 2025-09-04 14:06:00,863 basehttp "GET /api/forum/questions/ HTTP/1.1" 200 35934
INFO 2025-09-04 14:06:00,901 basehttp "GET /api/forum/questions/ HTTP/1.1" 200 35935
INFO 2025-09-04 14:06:00,990 basehttp "GET /api/forum/questions/ HTTP/1.1" 200 36111
INFO 2025-09-04 14:06:01,287 basehttp "PATCH /api/forum/questions/339/toggle-like/ HTTP/1.1" 200 31
INFO 2025-09-04 14:06:01,337 basehttp "POST /api/forum/questions/ HTTP/1.1" 201 323
INFO 2025-09-04 14:06:01,398 basehttp "PATCH /api/forum/questions/331/toggle-sticky/ HTTP/1.1" 200 19
INFO 2025-09-04 14:06:01,398 basehttp "POST /api/forum/questions/350/comments/ HTTP/1.1" 201 175
INFO 2025-09-04 14:06:01,530 basehttp "PATCH /api/forum/questions/354/toggle-like/ HTTP/1.1" 200 30
INFO 2025-09-04 14:06:01,848 basehttp "GET /api/forum/questions/ HTTP/1.1" 200 37583
INFO 2025-09-04 14:06:02,020 basehttp "GET /api/forum/questions/ HTTP/1.1" 200 38081
INFO 2025-09-04 14:06:02,038 basehttp "DELETE /api/forum/questions/351/ HTTP/1.1" 204 0
INFO 2025-09-04 14:06:02,156 basehttp "GET /api/forum/questions/348/ HTTP/1.1" 200 323
INFO 2025-09-04 14:06:02,181 basehttp "DELETE /api/forum/questions/333/ HTTP/1.1" 204 0
INFO 2025-09-04 14:06:02,230 basehttp "POST /api/forum/questions/ HTTP/1.1" 201 323
INFO 2025-09-04 14:06:02,327 basehttp "GET /api/forum/questions/342/ HTTP/1.1" 200 323
INFO 2025-09-04 14:06:02,497 basehttp "GET /api/forum/questions/350/ HTTP/1.1" 200 498
INFO 2025-09-04 14:06:02,756 basehttp "POST /api/forum/questions/ HTTP/1.1" 201 323
INFO 2025-09-04 14:06:03,130 basehttp "GET /api/forum/questions/ HTTP/1.1" 200 37231
INFO 2025-09-04 14:06:03,200 basehttp "DELETE /api/forum/questions/331/ HTTP/1.1" 204 0
INFO 2025-09-04 14:06:03,232 basehttp "DELETE /api/forum/questions/355/ HTTP/1.1" 204 0
INFO 2025-09-04 14:06:03,312 basehttp "POST /api/forum/questions/353/comments/ HTTP/1.1" 201 175
WARNING 2025-09-04 14:06:03,557 log Not Found: /api/forum/comments/217/
WARNING 2025-09-04 14:06:03,579 basehttp "DELETE /api/forum/comments/217/ HTTP/1.1" 404 86
INFO 2025-09-04 14:06:03,728 basehttp "DELETE /api/forum/questions/309/ HTTP/1.1" 204 0
INFO 2025-09-04 14:06:03,744 basehttp "GET /api/forum/questions/ HTTP/1.1" 200 37231
INFO 2025-09-04 14:06:03,880 basehttp "GET /api/forum/questions/357/ HTTP/1.1" 200 323
INFO 2025-09-04 14:06:03,972 basehttp "POST /api/forum/questions/356/comments/ HTTP/1.1" 201 175
INFO 2025-09-04 14:06:04,000 basehttp "POST /api/forum/questions/ HTTP/1.1" 201 323
INFO 2025-09-04 14:06:04,480 basehttp "GET /api/forum/questions/ HTTP/1.1" 200 37555
INFO 2025-09-04 14:06:05,050 basehttp "GET /api/forum/questions/ HTTP/1.1" 200 37205
INFO 2025-09-04 14:06:05,230 basehttp "DELETE /api/forum/comments/200/ HTTP/1.1" 204 0
INFO 2025-09-04 14:06:05,787 basehttp "GET /api/forum/questions/357/ HTTP/1.1" 200 323
INFO 2025-09-04 14:06:05,819 basehttp "DELETE /api/forum/comments/221/ HTTP/1.1" 204 0
INFO 2025-09-04 14:06:05,980 basehttp "GET /api/forum/questions/ HTTP/1.1" 200 36381
INFO 2025-09-04 14:06:06,169 basehttp "POST /api/forum/questions/301/comments/ HTTP/1.1" 201 175
INFO 2025-09-04 14:06:06,298 basehttp "GET /api/forum/questions/ HTTP/1.1" 200 36382
INFO 2025-09-04 14:06:06,497 basehttp "GET /api/forum/questions/ HTTP/1.1" 200 36381
INFO 2025-09-04 14:06:06,846 basehttp "GET /api/forum/questions/ HTTP/1.1" 200 36232
INFO 2025-09-04 14:06:07,013 basehttp "GET /api/forum/questions/ HTTP/1.1" 200 36557
INFO 2025-09-04 14:06:07,020 basehttp "PATCH /api/forum/questions/357/toggle-like/ HTTP/1.1" 200 30
INFO 2025-09-04 14:06:07,052 basehttp "POST /api/forum/questions/ HTTP/1.1" 201 323
INFO 2025-09-04 14:06:07,313 basehttp "POST /api/forum/questions/354/comments/ HTTP/1.1" 201 175
INFO 2025-09-04 14:06:07,345 basehttp "PATCH /api/forum/questions/301/toggle-like/ HTTP/1.1" 200 31
INFO 2025-09-04 14:06:07,765 basehttp "GET /api/forum/questions/ HTTP/1.1" 200 36382
INFO 2025-09-04 14:06:07,873 basehttp "GET /api/forum/questions/ HTTP/1.1" 200 36382
INFO 2025-09-04 14:06:07,945 basehttp "GET /api/forum/questions/ HTTP/1.1" 200 36380
INFO 2025-09-04 14:06:07,998 basehttp "GET /api/forum/questions/ HTTP/1.1" 200 36382
INFO 2025-09-04 14:06:08,298 basehttp "GET /api/forum/questions/ HTTP/1.1" 200 36205
INFO 2025-09-04 14:06:08,358 basehttp "DELETE /api/forum/questions/348/ HTTP/1.1" 204 0
INFO 2025-09-04 14:06:08,786 basehttp "GET /api/forum/questions/357/ HTTP/1.1" 200 322
INFO 2025-09-04 14:06:09,280 basehttp "GET /api/forum/questions/ HTTP/1.1" 200 36379
INFO 2025-09-04 14:06:09,463 basehttp "GET /api/forum/questions/ HTTP/1.1" 200 36882
INFO 2025-09-04 14:06:09,712 basehttp "POST /api/forum/questions/ HTTP/1.1" 201 323
INFO 2025-09-04 14:06:09,752 basehttp "GET /api/forum/questions/ HTTP/1.1" 200 36881
WARNING 2025-09-04 14:06:10,085 log Not Found: /api/forum/comments/218/
WARNING 2025-09-04 14:06:10,102 basehttp "DELETE /api/forum/comments/218/ HTTP/1.1" 404 86
INFO 2025-09-04 14:06:10,751 basehttp "GET /api/forum/questions/357/ HTTP/1.1" 200 322
INFO 2025-09-04 14:06:10,897 basehttp "GET /api/forum/questions/ HTTP/1.1" 200 36881
INFO 2025-09-04 14:06:10,997 basehttp "PATCH /api/forum/questions/342/toggle-like/ HTTP/1.1" 200 30
INFO 2025-09-04 14:06:11,145 basehttp "GET /api/forum/questions/ HTTP/1.1" 200 36558
INFO 2025-09-04 14:06:11,249 basehttp "DELETE /api/forum/comments/220/ HTTP/1.1" 204 0
INFO 2025-09-04 14:06:11,372 basehttp "GET /api/forum/questions/ HTTP/1.1" 200 36557
INFO 2025-09-04 14:06:11,682 basehttp "GET /api/forum/questions/339/ HTTP/1.1" 200 323
INFO 2025-09-04 14:06:11,847 basehttp "GET /api/forum/questions/ HTTP/1.1" 200 36557
INFO 2025-09-04 14:06:12,081 basehttp "GET /api/forum/questions/ HTTP/1.1" 200 36557
INFO 2025-09-04 14:06:12,179 basehttp "GET /api/forum/questions/ HTTP/1.1" 200 36557
INFO 2025-09-04 14:06:12,563 basehttp "POST /api/forum/questions/ HTTP/1.1" 201 323
INFO 2025-09-04 14:06:12,610 basehttp "DELETE /api/forum/comments/209/ HTTP/1.1" 204 0
INFO 2025-09-04 14:06:12,999 basehttp "DELETE /api/forum/questions/339/ HTTP/1.1" 204 0
INFO 2025-09-04 14:06:13,482 basehttp "DELETE /api/forum/questions/301/ HTTP/1.1" 204 0
INFO 2025-09-04 14:06:13,524 basehttp "GET /api/forum/questions/ HTTP/1.1" 200 36881
INFO 2025-09-04 14:06:13,600 basehttp "GET /api/forum/questions/ HTTP/1.1" 200 36881
INFO 2025-09-04 14:06:13,664 basehttp "GET /api/forum/questions/ HTTP/1.1" 200 36882
INFO 2025-09-04 14:06:13,856 basehttp "GET /api/forum/questions/354/ HTTP/1.1" 200 497
INFO 2025-09-04 14:06:13,959 basehttp "GET /api/forum/questions/ HTTP/1.1" 200 36707
INFO 2025-09-04 14:06:14,172 basehttp "POST /api/forum/questions/ HTTP/1.1" 201 323
INFO 2025-09-04 14:06:14,199 basehttp "POST /api/forum/questions/ HTTP/1.1" 201 323
INFO 2025-09-04 14:06:14,267 basehttp "POST /api/forum/questions/ HTTP/1.1" 201 323
INFO 2025-09-04 14:06:14,325 basehttp "GET /api/forum/questions/ HTTP/1.1" 200 36706
INFO 2025-09-04 14:06:14,400 basehttp "GET /api/forum/questions/ HTTP/1.1" 200 36707
INFO 2025-09-04 14:06:14,967 basehttp "DELETE /api/forum/comments/223/ HTTP/1.1" 204 0
INFO 2025-09-04 14:06:14,988 basehttp "POST /api/forum/questions/ HTTP/1.1" 201 323
INFO 2025-09-04 14:06:15,330 basehttp "POST /api/forum/questions/361/comments/ HTTP/1.1" 201 175
INFO 2025-09-04 14:06:15,446 basehttp "GET /api/forum/questions/363/ HTTP/1.1" 200 323
INFO 2025-09-04 14:06:15,589 basehttp "PATCH /api/forum/questions/362/toggle-like/ HTTP/1.1" 200 30
INFO 2025-09-04 14:06:15,677 basehttp "GET /api/forum/questions/ HTTP/1.1" 200 36855
INFO 2025-09-04 14:06:15,695 basehttp "GET /api/forum/questions/ HTTP/1.1" 200 36854
INFO 2025-09-04 14:06:15,857 basehttp "GET /api/forum/questions/ HTTP/1.1" 200 36854
INFO 2025-09-04 14:06:15,914 basehttp "PATCH /api/forum/questions/360/toggle-sticky/ HTTP/1.1" 200 18
INFO 2025-09-04 14:06:16,024 basehttp "POST /api/forum/questions/ HTTP/1.1" 201 323
INFO 2025-09-04 14:06:16,041 basehttp "GET /api/forum/questions/ HTTP/1.1" 200 36531
WARNING 2025-09-04 14:06:16,075 log Not Found: /api/forum/comments/215/
WARNING 2025-09-04 14:06:16,097 basehttp "DELETE /api/forum/comments/215/ HTTP/1.1" 404 86
INFO 2025-09-04 14:06:16,512 basehttp "GET /api/forum/questions/ HTTP/1.1" 200 35858
INFO 2025-09-04 14:06:16,575 basehttp "POST /api/forum/questions/ HTTP/1.1" 201 323
INFO 2025-09-04 14:06:16,640 basehttp "POST /api/forum/questions/ HTTP/1.1" 201 323
INFO 2025-09-04 14:06:16,671 basehttp "GET /api/forum/questions/ HTTP/1.1" 200 36829
INFO 2025-09-04 14:06:17,067 basehttp "GET /api/forum/questions/ HTTP/1.1" 200 36655
INFO 2025-09-04 14:06:17,138 basehttp "DELETE /api/forum/questions/357/ HTTP/1.1" 204 0
INFO 2025-09-04 14:06:17,790 basehttp "PATCH /api/forum/questions/359/toggle-like/ HTTP/1.1" 200 30
INFO 2025-09-04 14:06:18,006 basehttp "POST /api/forum/questions/ HTTP/1.1" 201 323
INFO 2025-09-04 14:06:18,076 basehttp "PATCH /api/forum/questions/360/toggle-sticky/ HTTP/1.1" 200 19
INFO 2025-09-04 14:06:18,191 basehttp "PATCH /api/forum/questions/366/toggle-like/ HTTP/1.1" 200 30
INFO 2025-09-04 14:06:18,208 basehttp "POST /api/forum/questions/354/comments/ HTTP/1.1" 201 175
INFO 2025-09-04 14:06:18,561 basehttp "PATCH /api/forum/questions/362/toggle-like/ HTTP/1.1" 200 31
WARNING 2025-09-04 14:06:18,705 log Not Found: /api/forum/comments/222/
WARNING 2025-09-04 14:06:18,778 basehttp "DELETE /api/forum/comments/222/ HTTP/1.1" 404 86
INFO 2025-09-04 14:06:18,821 basehttp "DELETE /api/forum/questions/365/ HTTP/1.1" 204 0
INFO 2025-09-04 14:06:19,779 basehttp "GET /api/forum/questions/ HTTP/1.1" 200 38124
INFO 2025-09-04 14:06:19,944 basehttp "GET /api/forum/questions/ HTTP/1.1" 200 38120
INFO 2025-09-04 14:06:20,054 basehttp "POST /api/forum/questions/369/comments/ HTTP/1.1" 201 175
INFO 2025-09-04 14:06:20,086 basehttp "DELETE /api/forum/comments/219/ HTTP/1.1" 204 0
INFO 2025-09-04 14:06:20,240 basehttp "POST /api/forum/questions/354/comments/ HTTP/1.1" 201 175
INFO 2025-09-04 14:06:20,317 basehttp "POST /api/forum/questions/ HTTP/1.1" 201 323
INFO 2025-09-04 14:06:20,399 basehttp "DELETE /api/forum/questions/366/ HTTP/1.1" 204 0
INFO 2025-09-04 14:06:21,785 basehttp "POST /api/forum/questions/ HTTP/1.1" 201 323
INFO 2025-09-04 14:06:22,691 basehttp "GET /api/forum/questions/ HTTP/1.1" 200 37800
INFO 2025-09-04 14:06:22,934 basehttp - Broken pipe from ('127.0.0.1', 51436)
INFO 2025-09-04 14:06:23,562 basehttp - Broken pipe from ('127.0.0.1', 51371)
INFO 2025-09-04 14:06:23,576 basehttp - Broken pipe from ('127.0.0.1', 51479)
INFO 2025-09-04 14:06:23,731 basehttp - Broken pipe from ('127.0.0.1', 51387)
INFO 2025-09-04 14:06:24,513 basehttp - Broken pipe from ('127.0.0.1', 51357)
INFO 2025-09-04 14:06:25,082 basehttp - Broken pipe from ('127.0.0.1', 51458)
INFO 2025-09-04 14:06:25,254 basehttp - Broken pipe from ('127.0.0.1', 51358)
INFO 2025-09-04 14:06:41,306 basehttp "POST /api/auth/register/ HTTP/1.1" 201 47
INFO 2025-09-04 14:06:42,580 basehttp "POST /api/auth/login/ HTTP/1.1" 200 872
INFO 2025-09-04 14:06:42,614 basehttp "POST /api/forum/questions/ HTTP/1.1" 201 323
INFO 2025-09-04 14:06:42,650 basehttp "POST /api/forum/questions/372/comments/ HTTP/1.1" 201 175
INFO 2025-09-04 14:06:44,640 basehttp "POST /api/forum/questions/372/comments/ HTTP/1.1" 201 175
INFO 2025-09-04 14:06:46,600 basehttp "POST /api/forum/questions/372/comments/ HTTP/1.1" 201 175
INFO 2025-09-04 14:06:48,490 basehttp "DELETE /api/forum/questions/372/ HTTP/1.1" 204 0
INFO 2025-09-04 14:06:53,967 basehttp "GET /api/forum/questions/ HTTP/1.1" 200 38477
INFO 2025-09-04 14:06:55,983 basehttp "POST /api/forum/questions/ HTTP/1.1" 201 323
INFO 2025-09-04 14:06:57,797 basehttp "GET /api/forum/questions/ HTTP/1.1" 200 38801
INFO 2025-09-04 14:06:59,505 basehttp "GET /api/forum/questions/373/ HTTP/1.1" 200 323
INFO 2025-09-04 14:07:06,588 basehttp "GET /api/forum/questions/373/ HTTP/1.1" 200 323
INFO 2025-09-04 14:07:08,126 basehttp "PATCH /api/forum/questions/373/toggle-like/ HTTP/1.1" 200 30
WARNING 2025-09-04 14:07:09,276 log Not Found: /api/forum/comments/230/
WARNING 2025-09-04 14:07:09,279 basehttp "DELETE /api/forum/comments/230/ HTTP/1.1" 404 86
INFO 2025-09-04 14:07:10,563 basehttp "POST /api/forum/questions/373/comments/ HTTP/1.1" 201 175
INFO 2025-09-04 14:07:11,784 basehttp "DELETE /api/forum/questions/373/ HTTP/1.1" 204 0
INFO 2025-09-04 14:07:13,540 basehttp "POST /api/forum/questions/ HTTP/1.1" 201 323
INFO 2025-09-04 14:07:14,619 basehttp "GET /api/forum/questions/374/ HTTP/1.1" 200 323
INFO 2025-09-04 14:07:17,786 basehttp "DELETE /api/forum/questions/374/ HTTP/1.1" 204 0
INFO 2025-09-04 14:07:18,983 basehttp "POST /api/forum/questions/ HTTP/1.1" 201 323
INFO 2025-09-04 14:07:20,865 basehttp "DELETE /api/forum/questions/375/ HTTP/1.1" 204 0
INFO 2025-09-04 14:07:41,014 basehttp "POST /api/auth/register/ HTTP/1.1" 201 47
INFO 2025-09-04 14:07:42,463 basehttp "POST /api/auth/login/ HTTP/1.1" 200 872
INFO 2025-09-04 14:07:42,495 basehttp "POST /api/forum/questions/ HTTP/1.1" 201 323
INFO 2025-09-04 14:07:42,530 basehttp "DELETE /api/forum/questions/376/ HTTP/1.1" 204 0
INFO 2025-09-04 14:07:45,053 basehttp "GET /api/forum/questions/ HTTP/1.1" 200 38477
INFO 2025-09-04 14:07:53,870 basehttp "GET /api/forum/questions/ HTTP/1.1" 200 38477
INFO 2025-09-04 14:07:59,295 basehttp "GET /api/forum/questions/ HTTP/1.1" 200 38477
INFO 2025-09-04 14:13:36,512 basehttp "POST /api/auth/register/ HTTP/1.1" 201 47
INFO 2025-09-04 14:13:37,835 basehttp "POST /api/auth/login/ HTTP/1.1" 200 872
INFO 2025-09-04 14:13:37,872 basehttp "POST /api/forum/questions/ HTTP/1.1" 201 323
INFO 2025-09-04 14:13:37,909 basehttp "GET /api/forum/questions/377/ HTTP/1.1" 200 323
INFO 2025-09-04 14:13:39,127 basehttp "POST /api/forum/questions/377/comments/ HTTP/1.1" 201 175
INFO 2025-09-04 14:13:40,676 basehttp "GET /api/forum/questions/377/ HTTP/1.1" 200 498
INFO 2025-09-04 14:13:42,067 basehttp "DELETE /api/forum/comments/232/ HTTP/1.1" 204 0
INFO 2025-09-04 14:13:44,042 basehttp "POST /api/forum/questions/377/comments/ HTTP/1.1" 201 175
INFO 2025-09-04 14:13:48,228 basehttp "GET /api/forum/questions/ HTTP/1.1" 200 38976
INFO 2025-09-04 14:13:49,475 basehttp "PATCH /api/forum/questions/377/toggle-like/ HTTP/1.1" 200 30
INFO 2025-09-04 14:13:52,633 basehttp "GET /api/forum/questions/ HTTP/1.1" 200 38975
INFO 2025-09-04 14:13:55,377 basehttp "GET /api/forum/questions/ HTTP/1.1" 200 38975
INFO 2025-09-04 14:13:56,462 basehttp "DELETE /api/forum/comments/233/ HTTP/1.1" 204 0
INFO 2025-09-04 14:13:58,112 basehttp "PATCH /api/forum/questions/377/toggle-like/ HTTP/1.1" 200 31
INFO 2025-09-04 14:14:00,990 basehttp "GET /api/forum/questions/377/ HTTP/1.1" 200 323
INFO 2025-09-04 14:14:02,376 basehttp "POST /api/forum/questions/ HTTP/1.1" 201 323
INFO 2025-09-04 14:14:03,781 basehttp "GET /api/forum/questions/378/ HTTP/1.1" 200 323
INFO 2025-09-04 14:14:05,059 basehttp "PATCH /api/forum/questions/378/toggle-like/ HTTP/1.1" 200 30
INFO 2025-09-04 14:14:08,054 basehttp "GET /api/forum/questions/ HTTP/1.1" 200 39124
INFO 2025-09-04 14:14:10,035 basehttp "DELETE /api/forum/questions/378/ HTTP/1.1" 204 0
INFO 2025-09-04 14:14:12,526 basehttp "GET /api/forum/questions/ HTTP/1.1" 200 38801
INFO 2025-09-04 14:14:15,633 basehttp "GET /api/forum/questions/ HTTP/1.1" 200 38801
INFO 2025-09-04 14:14:18,879 basehttp "POST /api/forum/questions/ HTTP/1.1" 201 323
INFO 2025-09-04 14:14:21,974 basehttp "POST /api/forum/questions/379/comments/ HTTP/1.1" 201 175
INFO 2025-09-04 14:14:24,948 basehttp "GET /api/forum/questions/ HTTP/1.1" 200 39300
INFO 2025-09-04 14:14:27,406 basehttp "GET /api/forum/questions/ HTTP/1.1" 200 39300
INFO 2025-09-04 14:14:28,915 basehttp "POST /api/forum/questions/379/comments/ HTTP/1.1" 201 175
INFO 2025-09-04 14:14:30,690 basehttp "DELETE /api/forum/comments/235/ HTTP/1.1" 204 0
INFO 2025-09-04 14:14:33,131 basehttp "PATCH /api/forum/questions/379/toggle-like/ HTTP/1.1" 200 30
INFO 2025-09-04 14:14:35,050 basehttp "DELETE /api/forum/questions/379/ HTTP/1.1" 204 0
INFO 2025-09-04 14:19:43,614 basehttp "POST /api/auth/register/ HTTP/1.1" 201 47
INFO 2025-09-04 14:19:44,379 basehttp "POST /api/auth/login/ HTTP/1.1" 200 872
INFO 2025-09-04 14:19:44,436 basehttp "POST /api/forum/questions/ HTTP/1.1" 201 323
INFO 2025-09-04 14:19:44,480 basehttp "POST /api/forum/questions/ HTTP/1.1" 201 323
INFO 2025-09-04 14:19:47,350 basehttp "GET /api/forum/questions/ HTTP/1.1" 200 39449
INFO 2025-09-04 14:19:50,082 basehttp "DELETE /api/forum/questions/381/ HTTP/1.1" 204 0
INFO 2025-09-04 14:19:58,602 basehttp "POST /api/forum/questions/ HTTP/1.1" 201 323
INFO 2025-09-04 14:19:59,756 basehttp "DELETE /api/forum/questions/382/ HTTP/1.1" 204 0
INFO 2025-09-04 14:20:00,812 basehttp "POST /api/forum/questions/ HTTP/1.1" 201 323
INFO 2025-09-04 14:20:01,948 basehttp "GET /api/forum/questions/383/ HTTP/1.1" 200 323
INFO 2025-09-04 14:20:03,899 basehttp "POST /api/forum/questions/383/comments/ HTTP/1.1" 201 175
INFO 2025-09-04 14:20:06,478 basehttp "GET /api/forum/questions/ HTTP/1.1" 200 39624
INFO 2025-09-04 14:20:10,725 basehttp "GET /api/forum/questions/ HTTP/1.1" 200 39624
INFO 2025-09-04 14:20:12,266 basehttp "POST /api/forum/questions/ HTTP/1.1" 201 323
INFO 2025-09-04 14:20:13,550 basehttp "POST /api/forum/questions/384/comments/ HTTP/1.1" 201 175
INFO 2025-09-04 14:20:15,192 basehttp "GET /api/forum/questions/ HTTP/1.1" 200 40123
INFO 2025-09-04 14:20:17,148 basehttp "GET /api/forum/questions/ HTTP/1.1" 200 40123
INFO 2025-09-04 14:20:19,609 basehttp "GET /api/forum/questions/ HTTP/1.1" 200 40123
INFO 2025-09-04 14:20:21,545 basehttp "DELETE /api/forum/questions/384/ HTTP/1.1" 204 0
WARNING 2025-09-04 14:20:26,480 log Not Found: /api/forum/comments/237/
WARNING 2025-09-04 14:20:26,481 basehttp "DELETE /api/forum/comments/237/ HTTP/1.1" 404 86
INFO 2025-09-04 14:20:46,155 basehttp "GET /api/forum/questions/ HTTP/1.1" 200 39624
INFO 2025-09-04 14:20:48,121 basehttp "POST /api/forum/questions/ HTTP/1.1" 201 323
INFO 2025-09-04 14:20:49,429 basehttp "POST /api/forum/questions/ HTTP/1.1" 201 323
INFO 2025-09-04 14:20:52,372 basehttp "GET /api/forum/questions/ HTTP/1.1" 200 40272
INFO 2025-09-04 14:20:56,803 basehttp "POST /api/forum/questions/386/comments/ HTTP/1.1" 201 175
INFO 2025-09-04 14:20:57,998 basehttp "DELETE /api/forum/questions/386/ HTTP/1.1" 204 0
INFO 2025-09-04 14:21:08,046 basehttp "GET /api/forum/questions/ HTTP/1.1" 200 39948
INFO 2025-09-04 14:21:12,295 basehttp "GET /api/forum/questions/ HTTP/1.1" 200 39948
INFO 2025-09-04 14:21:16,006 basehttp "POST /api/forum/questions/ HTTP/1.1" 201 323
INFO 2025-09-04 14:21:17,500 basehttp "DELETE /api/forum/questions/387/ HTTP/1.1" 204 0
INFO 2025-09-04 14:21:20,166 basehttp "GET /api/forum/questions/ HTTP/1.1" 200 39948
INFO 2025-09-04 14:21:24,148 basehttp "GET /api/forum/questions/ HTTP/1.1" 200 39948
INFO 2025-09-04 14:21:26,800 basehttp "GET /api/forum/questions/ HTTP/1.1" 200 39948
WARNING 2025-09-04 14:21:28,518 log Not Found: /api/forum/comments/238/
WARNING 2025-09-04 14:21:28,522 basehttp "DELETE /api/forum/comments/238/ HTTP/1.1" 404 86
INFO 2025-09-04 14:21:31,071 basehttp "GET /api/forum/questions/ HTTP/1.1" 200 39948
INFO 2025-09-04 14:21:35,899 basehttp "POST /api/forum/questions/ HTTP/1.1" 201 323
INFO 2025-09-04 14:21:37,104 basehttp "DELETE /api/forum/questions/388/ HTTP/1.1" 204 0
INFO 2025-09-04 14:21:41,416 basehttp "POST /api/forum/questions/ HTTP/1.1" 201 323
INFO 2025-09-04 14:21:43,215 basehttp "POST /api/forum/questions/ HTTP/1.1" 201 323
INFO 2025-09-04 14:21:46,095 basehttp "POST /api/forum/questions/ HTTP/1.1" 201 323
INFO 2025-09-04 14:21:48,967 basehttp "GET /api/forum/questions/ HTTP/1.1" 200 40920
INFO 2025-09-04 14:21:50,188 basehttp "DELETE /api/forum/questions/391/ HTTP/1.1" 204 0
INFO 2025-09-04 14:21:53,155 basehttp "GET /api/forum/questions/ HTTP/1.1" 200 40596
INFO 2025-09-04 14:21:56,257 basehttp "POST /api/forum/questions/ HTTP/1.1" 201 323
INFO 2025-09-04 14:21:58,251 basehttp "POST /api/forum/questions/ HTTP/1.1" 201 323
INFO 2025-09-04 14:21:59,439 basehttp "DELETE /api/forum/questions/393/ HTTP/1.1" 204 0
INFO 2025-09-04 14:22:03,482 basehttp "GET /api/forum/questions/ HTTP/1.1" 200 40920
INFO 2025-09-04 14:22:12,061 basehttp "GET /api/forum/questions/ HTTP/1.1" 200 40920
INFO 2025-09-04 14:22:18,015 basehttp "GET /api/forum/questions/ HTTP/1.1" 200 40920
INFO 2025-09-04 14:22:36,048 basehttp "GET /api/forum/questions/ HTTP/1.1" 200 40920
INFO 2025-09-04 14:22:51,304 basehttp "POST /api/auth/register/ HTTP/1.1" 201 47
INFO 2025-09-04 14:22:52,909 basehttp "POST /api/auth/login/ HTTP/1.1" 200 872
INFO 2025-09-04 14:22:52,936 basehttp "POST /api/forum/questions/ HTTP/1.1" 201 323
INFO 2025-09-04 14:22:54,309 basehttp "GET /api/forum/questions/ HTTP/1.1" 200 41244
INFO 2025-09-04 14:22:56,165 basehttp "GET /api/forum/questions/394/ HTTP/1.1" 200 323
INFO 2025-09-04 14:22:58,032 basehttp "PATCH /api/forum/questions/394/toggle-sticky/ HTTP/1.1" 200 18
INFO 2025-09-04 14:23:00,022 basehttp "POST /api/forum/questions/ HTTP/1.1" 201 323
INFO 2025-09-04 14:23:01,588 basehttp "POST /api/forum/questions/395/comments/ HTTP/1.1" 201 175
INFO 2025-09-04 14:23:02,899 basehttp "DELETE /api/forum/comments/239/ HTTP/1.1" 204 0
INFO 2025-09-04 14:23:04,859 basehttp "POST /api/forum/questions/395/comments/ HTTP/1.1" 201 175
INFO 2025-09-04 14:23:06,439 basehttp "POST /api/forum/questions/395/comments/ HTTP/1.1" 201 175
INFO 2025-09-04 14:23:07,790 basehttp "POST /api/forum/questions/395/comments/ HTTP/1.1" 201 175
INFO 2025-09-04 14:23:09,072 basehttp "PATCH /api/forum/questions/395/toggle-sticky/ HTTP/1.1" 200 18
INFO 2025-09-04 14:23:11,483 basehttp "GET /api/forum/questions/ HTTP/1.1" 200 42093
INFO 2025-09-04 14:23:13,310 basehttp "PATCH /api/forum/questions/395/toggle-sticky/ HTTP/1.1" 200 19
INFO 2025-09-04 14:23:16,284 basehttp "GET /api/forum/questions/ HTTP/1.1" 200 42094
INFO 2025-09-04 14:23:18,039 basehttp "PATCH /api/forum/questions/395/toggle-like/ HTTP/1.1" 200 30
INFO 2025-09-04 14:23:19,737 basehttp "POST /api/forum/questions/ HTTP/1.1" 201 323
INFO 2025-09-04 14:23:21,121 basehttp "POST /api/forum/questions/ HTTP/1.1" 201 323
INFO 2025-09-04 14:23:22,593 basehttp "GET /api/forum/questions/397/ HTTP/1.1" 200 323
INFO 2025-09-04 14:23:25,366 basehttp "GET /api/forum/questions/ HTTP/1.1" 200 42741
INFO 2025-09-04 14:23:27,370 basehttp "POST /api/forum/questions/ HTTP/1.1" 201 323
INFO 2025-09-04 14:23:29,151 basehttp "POST /api/forum/questions/398/comments/ HTTP/1.1" 201 175
INFO 2025-09-04 14:23:31,865 basehttp "GET /api/forum/questions/ HTTP/1.1" 200 43240
INFO 2025-09-04 14:23:32,921 basehttp "PATCH /api/forum/questions/398/toggle-sticky/ HTTP/1.1" 200 18
INFO 2025-09-04 14:23:33,982 basehttp "DELETE /api/forum/questions/398/ HTTP/1.1" 204 0
INFO 2025-09-04 14:24:31,390 basehttp "POST /api/auth/register/ HTTP/1.1" 201 47
INFO 2025-09-04 14:24:31,489 basehttp "POST /api/auth/register/ HTTP/1.1" 201 47
INFO 2025-09-04 14:24:31,703 basehttp "POST /api/auth/register/ HTTP/1.1" 201 47
INFO 2025-09-04 14:24:31,758 basehttp "POST /api/auth/register/ HTTP/1.1" 201 47
INFO 2025-09-04 14:24:32,653 basehttp "POST /api/auth/register/ HTTP/1.1" 201 47
INFO 2025-09-04 14:24:32,720 basehttp "POST /api/auth/register/ HTTP/1.1" 201 47
INFO 2025-09-04 14:24:32,758 basehttp "POST /api/auth/register/ HTTP/1.1" 201 47
INFO 2025-09-04 14:24:32,863 basehttp "POST /api/auth/register/ HTTP/1.1" 201 47
INFO 2025-09-04 14:24:33,129 basehttp "POST /api/auth/login/ HTTP/1.1" 200 872
INFO 2025-09-04 14:24:33,163 basehttp "POST /api/forum/questions/ HTTP/1.1" 201 323
INFO 2025-09-04 14:24:33,174 basehttp "POST /api/auth/login/ HTTP/1.1" 200 872
INFO 2025-09-04 14:24:33,211 basehttp "PATCH /api/forum/questions/399/toggle-like/ HTTP/1.1" 200 30
INFO 2025-09-04 14:24:33,213 basehttp "POST /api/forum/questions/ HTTP/1.1" 201 323
INFO 2025-09-04 14:24:33,335 basehttp "POST /api/auth/login/ HTTP/1.1" 200 872
INFO 2025-09-04 14:24:33,385 basehttp "POST /api/forum/questions/ HTTP/1.1" 201 323
INFO 2025-09-04 14:24:33,458 basehttp "POST /api/auth/login/ HTTP/1.1" 200 872
INFO 2025-09-04 14:24:33,560 basehttp "POST /api/forum/questions/ HTTP/1.1" 201 323
INFO 2025-09-04 14:24:33,631 basehttp "POST /api/auth/register/ HTTP/1.1" 201 47
INFO 2025-09-04 14:24:33,671 basehttp "PATCH /api/forum/questions/402/toggle-like/ HTTP/1.1" 200 30
INFO 2025-09-04 14:24:33,721 basehttp "POST /api/auth/register/ HTTP/1.1" 201 47
INFO 2025-09-04 14:24:33,809 basehttp "POST /api/auth/register/ HTTP/1.1" 201 47
INFO 2025-09-04 14:24:33,921 basehttp "POST /api/auth/register/ HTTP/1.1" 201 47
INFO 2025-09-04 14:24:34,225 basehttp "POST /api/auth/login/ HTTP/1.1" 200 872
INFO 2025-09-04 14:24:34,356 basehttp "POST /api/auth/login/ HTTP/1.1" 200 872
INFO 2025-09-04 14:24:34,371 basehttp "POST /api/forum/questions/ HTTP/1.1" 201 323
INFO 2025-09-04 14:24:34,492 basehttp "POST /api/forum/questions/ HTTP/1.1" 201 323
INFO 2025-09-04 14:24:34,492 basehttp "POST /api/forum/questions/ HTTP/1.1" 201 323
INFO 2025-09-04 14:24:34,738 basehttp "POST /api/auth/login/ HTTP/1.1" 200 872
INFO 2025-09-04 14:24:34,790 basehttp "DELETE /api/forum/questions/399/ HTTP/1.1" 204 0
INFO 2025-09-04 14:24:34,808 basehttp "POST /api/auth/login/ HTTP/1.1" 200 872
INFO 2025-09-04 14:24:34,871 basehttp "POST /api/auth/register/ HTTP/1.1" 201 47
INFO 2025-09-04 14:24:34,899 basehttp "POST /api/forum/questions/ HTTP/1.1" 201 323
INFO 2025-09-04 14:24:34,955 basehttp "POST /api/auth/register/ HTTP/1.1" 201 47
INFO 2025-09-04 14:24:34,975 basehttp "POST /api/forum/questions/ HTTP/1.1" 201 323
INFO 2025-09-04 14:24:35,106 basehttp "PATCH /api/forum/questions/406/toggle-like/ HTTP/1.1" 200 30
INFO 2025-09-04 14:24:35,191 basehttp "DELETE /api/forum/questions/407/ HTTP/1.1" 204 0
INFO 2025-09-04 14:24:35,247 basehttp "POST /api/auth/register/ HTTP/1.1" 201 47
INFO 2025-09-04 14:24:35,291 basehttp "POST /api/auth/register/ HTTP/1.1" 201 47
INFO 2025-09-04 14:24:35,373 basehttp "POST /api/forum/questions/ HTTP/1.1" 201 323
INFO 2025-09-04 14:24:35,539 basehttp "POST /api/auth/login/ HTTP/1.1" 200 872
INFO 2025-09-04 14:24:35,694 basehttp "POST /api/forum/questions/ HTTP/1.1" 201 323
INFO 2025-09-04 14:24:35,791 basehttp "POST /api/auth/login/ HTTP/1.1" 200 872
INFO 2025-09-04 14:24:35,822 basehttp "POST /api/auth/login/ HTTP/1.1" 200 872
INFO 2025-09-04 14:24:35,828 basehttp "GET /api/forum/questions/405/ HTTP/1.1" 200 323
INFO 2025-09-04 14:24:35,834 basehttp "POST /api/auth/register/ HTTP/1.1" 201 47
INFO 2025-09-04 14:24:35,895 basehttp "POST /api/auth/login/ HTTP/1.1" 200 872
INFO 2025-09-04 14:24:35,934 basehttp "POST /api/forum/questions/ HTTP/1.1" 201 323
INFO 2025-09-04 14:24:35,938 basehttp "POST /api/forum/questions/ HTTP/1.1" 201 323
INFO 2025-09-04 14:24:36,023 basehttp "POST /api/auth/register/ HTTP/1.1" 201 47
INFO 2025-09-04 14:24:36,024 basehttp "POST /api/auth/register/ HTTP/1.1" 201 47
INFO 2025-09-04 14:24:36,024 basehttp "POST /api/forum/questions/ HTTP/1.1" 201 323
INFO 2025-09-04 14:24:36,043 basehttp "POST /api/auth/register/ HTTP/1.1" 201 47
INFO 2025-09-04 14:24:36,181 basehttp "GET /api/forum/questions/412/ HTTP/1.1" 200 323
INFO 2025-09-04 14:24:36,467 basehttp "GET /api/forum/questions/ HTTP/1.1" 200 43390
INFO 2025-09-04 14:24:36,504 basehttp "POST /api/auth/login/ HTTP/1.1" 200 872
INFO 2025-09-04 14:24:36,637 basehttp "POST /api/forum/questions/ HTTP/1.1" 201 323
INFO 2025-09-04 14:24:36,690 basehttp "POST /api/auth/login/ HTTP/1.1" 200 872
INFO 2025-09-04 14:24:36,738 basehttp "GET /api/forum/questions/413/ HTTP/1.1" 200 323
INFO 2025-09-04 14:24:36,804 basehttp "POST /api/forum/questions/ HTTP/1.1" 201 323
INFO 2025-09-04 14:24:36,920 basehttp "GET /api/forum/questions/ HTTP/1.1" 200 43714
INFO 2025-09-04 14:24:36,920 basehttp "POST /api/auth/login/ HTTP/1.1" 200 872
INFO 2025-09-04 14:24:36,970 basehttp "POST /api/auth/login/ HTTP/1.1" 200 872
INFO 2025-09-04 14:24:37,055 basehttp "POST /api/forum/questions/ HTTP/1.1" 201 323
INFO 2025-09-04 14:24:37,094 basehttp "POST /api/forum/questions/ HTTP/1.1" 201 323
INFO 2025-09-04 14:24:37,108 basehttp "POST /api/forum/questions/408/comments/ HTTP/1.1" 201 175
INFO 2025-09-04 14:24:37,221 basehttp "GET /api/forum/questions/405/ HTTP/1.1" 200 323
INFO 2025-09-04 14:24:37,238 basehttp "DELETE /api/forum/questions/415/ HTTP/1.1" 204 0
INFO 2025-09-04 14:24:37,290 basehttp "DELETE /api/forum/questions/416/ HTTP/1.1" 204 0
INFO 2025-09-04 14:24:37,471 basehttp "DELETE /api/forum/questions/410/ HTTP/1.1" 204 0
INFO 2025-09-04 14:24:37,653 basehttp "POST /api/auth/login/ HTTP/1.1" 200 872
INFO 2025-09-04 14:24:37,685 basehttp "GET /api/forum/questions/411/ HTTP/1.1" 200 323
INFO 2025-09-04 14:24:37,704 basehttp "POST /api/auth/login/ HTTP/1.1" 200 872
INFO 2025-09-04 14:24:37,776 basehttp "POST /api/auth/login/ HTTP/1.1" 200 872
INFO 2025-09-04 14:24:37,779 basehttp "POST /api/forum/questions/ HTTP/1.1" 201 323
INFO 2025-09-04 14:24:37,806 basehttp "POST /api/auth/login/ HTTP/1.1" 200 872
INFO 2025-09-04 14:24:37,879 basehttp "POST /api/forum/questions/ HTTP/1.1" 201 323
INFO 2025-09-04 14:24:37,924 basehttp "POST /api/forum/questions/ HTTP/1.1" 201 323
INFO 2025-09-04 14:24:38,020 basehttp "POST /api/forum/questions/ HTTP/1.1" 201 323
INFO 2025-09-04 14:24:38,056 basehttp "PATCH /api/forum/questions/419/toggle-sticky/ HTTP/1.1" 200 18
INFO 2025-09-04 14:24:38,482 basehttp "DELETE /api/forum/questions/400/ HTTP/1.1" 204 0
INFO 2025-09-04 14:24:38,757 basehttp "PATCH /api/forum/questions/408/toggle-like/ HTTP/1.1" 200 30
INFO 2025-09-04 14:24:38,837 basehttp "POST /api/forum/questions/ HTTP/1.1" 201 323
INFO 2025-09-04 14:24:38,870 basehttp "PATCH /api/forum/questions/411/toggle-sticky/ HTTP/1.1" 200 18
INFO 2025-09-04 14:24:38,917 basehttp "PATCH /api/forum/questions/401/toggle-like/ HTTP/1.1" 200 30
INFO 2025-09-04 14:24:39,437 basehttp "POST /api/forum/questions/413/comments/ HTTP/1.1" 201 175
INFO 2025-09-04 14:24:39,476 basehttp "GET /api/forum/questions/ HTTP/1.1" 200 45010
INFO 2025-09-04 14:24:39,877 basehttp "DELETE /api/forum/questions/418/ HTTP/1.1" 204 0
INFO 2025-09-04 14:24:40,438 basehttp "POST /api/forum/questions/405/comments/ HTTP/1.1" 201 175
INFO 2025-09-04 14:24:40,673 basehttp "POST /api/forum/questions/411/comments/ HTTP/1.1" 201 175
INFO 2025-09-04 14:24:40,905 basehttp "POST /api/forum/questions/ HTTP/1.1" 201 323
INFO 2025-09-04 14:24:41,020 basehttp "PATCH /api/forum/questions/421/toggle-like/ HTTP/1.1" 200 30
INFO 2025-09-04 14:24:41,037 basehttp "POST /api/forum/questions/ HTTP/1.1" 201 323
INFO 2025-09-04 14:24:41,163 basehttp "POST /api/forum/questions/ HTTP/1.1" 201 323
INFO 2025-09-04 14:24:42,995 basehttp "GET /api/forum/questions/423/ HTTP/1.1" 200 323
INFO 2025-09-04 14:24:43,705 basehttp "DELETE /api/forum/questions/424/ HTTP/1.1" 204 0
INFO 2025-09-04 14:24:44,265 basehttp "PATCH /api/forum/questions/422/toggle-sticky/ HTTP/1.1" 200 18
INFO 2025-09-04 14:24:44,941 basehttp "POST /api/forum/questions/ HTTP/1.1" 201 323
INFO 2025-09-04 14:24:45,189 basehttp "POST /api/forum/questions/ HTTP/1.1" 201 323
INFO 2025-09-04 14:24:45,189 basehttp "PATCH /api/forum/questions/423/toggle-like/ HTTP/1.1" 200 30
INFO 2025-09-04 14:24:46,441 basehttp "DELETE /api/forum/comments/244/ HTTP/1.1" 204 0
INFO 2025-09-04 14:24:47,975 basehttp "GET /api/forum/questions/ HTTP/1.1" 200 47452
INFO 2025-09-04 14:24:49,304 basehttp "POST /api/forum/questions/425/comments/ HTTP/1.1" 201 175
INFO 2025-09-04 14:24:50,144 basehttp "GET /api/forum/questions/ HTTP/1.1" 200 48101
INFO 2025-09-04 14:24:51,596 basehttp "PATCH /api/forum/questions/409/toggle-like/ HTTP/1.1" 200 30
INFO 2025-09-04 14:24:52,562 basehttp "GET /api/forum/questions/ HTTP/1.1" 200 48101
INFO 2025-09-04 14:24:53,057 basehttp "POST /api/forum/questions/ HTTP/1.1" 201 323
INFO 2025-09-04 14:24:53,741 basehttp "DELETE /api/forum/comments/248/ HTTP/1.1" 204 0
INFO 2025-09-04 14:24:54,925 basehttp "GET /api/forum/questions/ HTTP/1.1" 200 48100
INFO 2025-09-04 14:24:56,450 basehttp "GET /api/forum/questions/ HTTP/1.1" 200 48598
INFO 2025-09-04 14:24:56,505 basehttp "GET /api/forum/questions/ HTTP/1.1" 200 48773
INFO 2025-09-04 14:24:56,639 basehttp "GET /api/forum/questions/427/ HTTP/1.1" 200 323
INFO 2025-09-04 14:24:56,773 basehttp "GET /api/forum/questions/ HTTP/1.1" 200 48598
INFO 2025-09-04 14:24:58,362 basehttp "POST /api/forum/questions/ HTTP/1.1" 201 323
INFO 2025-09-04 14:24:59,224 basehttp "GET /api/forum/questions/ HTTP/1.1" 200 48449
INFO 2025-09-04 14:24:59,317 basehttp "GET /api/forum/questions/ HTTP/1.1" 200 48449
INFO 2025-09-04 14:24:59,507 basehttp "POST /api/forum/questions/ HTTP/1.1" 201 323
INFO 2025-09-04 14:25:00,065 basehttp "GET /api/forum/questions/412/ HTTP/1.1" 200 323
INFO 2025-09-04 14:25:00,848 basehttp "DELETE /api/forum/questions/420/ HTTP/1.1" 204 0
INFO 2025-09-04 14:25:01,142 basehttp "PATCH /api/forum/questions/429/toggle-like/ HTTP/1.1" 200 30
INFO 2025-09-04 14:25:01,258 basehttp "DELETE /api/forum/questions/412/ HTTP/1.1" 204 0
INFO 2025-09-04 14:25:01,296 basehttp "GET /api/forum/questions/ HTTP/1.1" 200 49596
INFO 2025-09-04 14:25:01,948 basehttp "GET /api/forum/questions/ HTTP/1.1" 200 49596
INFO 2025-09-04 14:25:03,164 basehttp "DELETE /api/forum/comments/246/ HTTP/1.1" 204 0
INFO 2025-09-04 14:25:03,217 basehttp "GET /api/forum/questions/429/ HTTP/1.1" 200 322
INFO 2025-09-04 14:25:03,330 basehttp "GET /api/forum/questions/ HTTP/1.1" 200 49595
INFO 2025-09-04 14:25:03,638 basehttp "GET /api/forum/questions/ HTTP/1.1" 200 49596
INFO 2025-09-04 14:25:04,440 basehttp "DELETE /api/forum/questions/429/ HTTP/1.1" 204 0
INFO 2025-09-04 14:25:04,473 basehttp "PATCH /api/forum/questions/405/toggle-like/ HTTP/1.1" 200 30
INFO 2025-09-04 14:25:04,796 basehttp "PATCH /api/forum/questions/411/toggle-sticky/ HTTP/1.1" 200 19
INFO 2025-09-04 14:25:04,880 basehttp "POST /api/forum/questions/ HTTP/1.1" 201 323
INFO 2025-09-04 14:25:05,387 basehttp "POST /api/forum/questions/ HTTP/1.1" 201 323
INFO 2025-09-04 14:25:05,993 basehttp "GET /api/forum/questions/ HTTP/1.1" 200 49744
INFO 2025-09-04 14:25:06,197 basehttp "GET /api/forum/questions/ HTTP/1.1" 200 49744
INFO 2025-09-04 14:25:06,244 basehttp "PATCH /api/forum/questions/405/toggle-like/ HTTP/1.1" 200 31
INFO 2025-09-04 14:25:06,666 basehttp "GET /api/forum/questions/430/ HTTP/1.1" 200 323
INFO 2025-09-04 14:25:06,957 basehttp "POST /api/forum/questions/ HTTP/1.1" 201 323
INFO 2025-09-04 14:25:07,004 basehttp "GET /api/forum/questions/ HTTP/1.1" 200 49744
INFO 2025-09-04 14:25:07,008 basehttp "PATCH /api/forum/questions/431/toggle-sticky/ HTTP/1.1" 200 18
INFO 2025-09-04 14:25:07,167 basehttp "GET /api/forum/questions/ HTTP/1.1" 200 49744
INFO 2025-09-04 14:25:07,390 basehttp "GET /api/forum/questions/ HTTP/1.1" 200 49743
INFO 2025-09-04 14:25:07,487 basehttp "GET /api/forum/questions/ HTTP/1.1" 200 49741
INFO 2025-09-04 14:25:08,001 basehttp "POST /api/forum/questions/ HTTP/1.1" 201 323
INFO 2025-09-04 14:25:08,342 basehttp "PATCH /api/forum/questions/431/toggle-sticky/ HTTP/1.1" 200 19
INFO 2025-09-04 14:25:08,787 basehttp "GET /api/forum/questions/ HTTP/1.1" 200 49918
INFO 2025-09-04 14:25:09,146 basehttp "DELETE /api/forum/questions/430/ HTTP/1.1" 204 0
INFO 2025-09-04 14:25:09,185 basehttp "DELETE /api/forum/questions/423/ HTTP/1.1" 204 0
INFO 2025-09-04 14:25:09,725 basehttp "POST /api/forum/questions/433/comments/ HTTP/1.1" 201 175
INFO 2025-09-04 14:25:09,860 basehttp "PATCH /api/forum/questions/431/toggle-sticky/ HTTP/1.1" 200 18
INFO 2025-09-04 14:25:10,912 basehttp "POST /api/forum/questions/426/comments/ HTTP/1.1" 201 175
INFO 2025-09-04 14:25:11,797 basehttp "GET /api/forum/questions/431/ HTTP/1.1" 200 322
INFO 2025-09-04 14:25:11,855 basehttp "POST /api/forum/questions/ HTTP/1.1" 201 323
INFO 2025-09-04 14:25:12,078 basehttp "GET /api/forum/questions/ HTTP/1.1" 200 50068
INFO 2025-09-04 14:25:12,788 basehttp "GET /api/forum/questions/ HTTP/1.1" 200 50068
INFO 2025-09-04 14:25:13,014 basehttp "GET /api/forum/questions/431/ HTTP/1.1" 200 322
INFO 2025-09-04 14:25:13,227 basehttp "GET /api/forum/questions/434/ HTTP/1.1" 200 323
INFO 2025-09-04 14:25:13,796 basehttp "POST /api/forum/questions/ HTTP/1.1" 201 323
INFO 2025-09-04 14:25:14,463 basehttp "POST /api/forum/questions/ HTTP/1.1" 201 323
INFO 2025-09-04 14:25:14,954 basehttp "POST /api/forum/questions/431/comments/ HTTP/1.1" 201 175
INFO 2025-09-04 14:25:15,423 basehttp "GET /api/forum/questions/417/ HTTP/1.1" 200 323
INFO 2025-09-04 14:25:15,797 basehttp "POST /api/forum/questions/435/comments/ HTTP/1.1" 201 175
INFO 2025-09-04 14:25:15,807 basehttp "POST /api/forum/questions/ HTTP/1.1" 201 323
INFO 2025-09-04 14:25:15,945 basehttp "GET /api/forum/questions/ HTTP/1.1" 200 50391
INFO 2025-09-04 14:25:16,480 basehttp "PATCH /api/forum/questions/431/toggle-like/ HTTP/1.1" 200 30
INFO 2025-09-04 14:25:17,077 basehttp "GET /api/forum/questions/ HTTP/1.1" 200 50716
INFO 2025-09-04 14:25:17,248 basehttp "PATCH /api/forum/questions/437/toggle-like/ HTTP/1.1" 200 30
INFO 2025-09-04 14:25:17,294 basehttp "PATCH /api/forum/questions/417/toggle-like/ HTTP/1.1" 200 30
INFO 2025-09-04 14:25:17,337 basehttp "POST /api/forum/questions/ HTTP/1.1" 201 323
INFO 2025-09-04 14:25:18,110 basehttp "PATCH /api/forum/questions/431/toggle-like/ HTTP/1.1" 200 31
INFO 2025-09-04 14:25:18,547 basehttp "DELETE /api/forum/comments/249/ HTTP/1.1" 204 0
INFO 2025-09-04 14:25:18,598 basehttp "POST /api/forum/questions/428/comments/ HTTP/1.1" 201 175
INFO 2025-09-04 14:25:19,086 basehttp "DELETE /api/forum/questions/417/ HTTP/1.1" 204 0
INFO 2025-09-04 14:25:20,429 basehttp "PATCH /api/forum/questions/428/toggle-like/ HTTP/1.1" 200 30
INFO 2025-09-04 14:25:20,459 basehttp "POST /api/forum/questions/437/comments/ HTTP/1.1" 201 175
INFO 2025-09-04 14:25:21,772 basehttp "GET /api/forum/questions/428/ HTTP/1.1" 200 497
INFO 2025-09-04 14:25:22,138 basehttp "DELETE /api/forum/comments/254/ HTTP/1.1" 204 0
INFO 2025-09-04 14:25:23,177 basehttp "POST /api/forum/questions/ HTTP/1.1" 201 323
INFO 2025-09-04 14:25:24,522 basehttp "GET /api/forum/questions/ HTTP/1.1" 200 50218
INFO 2025-09-04 14:25:25,082 basehttp "POST /api/forum/questions/437/comments/ HTTP/1.1" 201 175
INFO 2025-09-04 14:25:25,538 basehttp "GET /api/forum/questions/ HTTP/1.1" 200 50218
INFO 2025-09-04 14:25:26,020 basehttp "GET /api/forum/questions/ HTTP/1.1" 200 50218
INFO 2025-09-04 14:25:26,197 basehttp "GET /api/forum/questions/ HTTP/1.1" 200 50218
INFO 2025-09-04 14:25:27,489 basehttp "POST /api/forum/questions/ HTTP/1.1" 201 323
INFO 2025-09-04 14:25:27,559 basehttp "GET /api/forum/questions/ HTTP/1.1" 200 50541
INFO 2025-09-04 14:25:27,873 basehttp "POST /api/forum/questions/ HTTP/1.1" 201 323
INFO 2025-09-04 14:25:28,653 basehttp "GET /api/forum/questions/ HTTP/1.1" 200 50865
INFO 2025-09-04 14:25:29,729 basehttp "GET /api/forum/questions/ HTTP/1.1" 200 50865
INFO 2025-09-04 14:25:29,874 basehttp "GET /api/forum/questions/441/ HTTP/1.1" 200 323
INFO 2025-09-04 14:25:30,636 basehttp "PATCH /api/forum/questions/440/toggle-like/ HTTP/1.1" 200 30
INFO 2025-09-04 14:25:30,639 basehttp "PATCH /api/forum/questions/432/toggle-like/ HTTP/1.1" 200 30
INFO 2025-09-04 14:25:31,017 basehttp "GET /api/forum/questions/ HTTP/1.1" 200 50567
INFO 2025-09-04 14:25:31,071 basehttp "POST /api/forum/questions/ HTTP/1.1" 201 323
INFO 2025-09-04 14:25:31,225 basehttp "PATCH /api/forum/questions/422/toggle-sticky/ HTTP/1.1" 200 19
INFO 2025-09-04 14:25:31,422 basehttp "DELETE /api/forum/comments/255/ HTTP/1.1" 204 0
INFO 2025-09-04 14:25:31,608 basehttp "GET /api/forum/questions/ HTTP/1.1" 200 50566
INFO 2025-09-04 14:25:32,488 basehttp "PATCH /api/forum/questions/422/toggle-sticky/ HTTP/1.1" 200 18
INFO 2025-09-04 14:25:32,628 basehttp "GET /api/forum/questions/442/ HTTP/1.1" 200 323
INFO 2025-09-04 14:25:32,765 basehttp "PATCH /api/forum/questions/432/toggle-like/ HTTP/1.1" 200 31
INFO 2025-09-04 14:25:32,868 basehttp "GET /api/forum/questions/ HTTP/1.1" 200 50890
INFO 2025-09-04 14:25:34,025 basehttp "GET /api/forum/questions/ HTTP/1.1" 200 50891
INFO 2025-09-04 14:25:34,337 basehttp "GET /api/forum/questions/ HTTP/1.1" 200 50891
INFO 2025-09-04 14:25:34,486 basehttp "PATCH /api/forum/questions/422/toggle-like/ HTTP/1.1" 200 30
INFO 2025-09-04 14:25:34,569 basehttp "POST /api/forum/questions/ HTTP/1.1" 201 323
INFO 2025-09-04 14:25:34,827 basehttp "PATCH /api/forum/questions/432/toggle-like/ HTTP/1.1" 200 30
INFO 2025-09-04 14:25:36,185 basehttp "GET /api/forum/questions/ HTTP/1.1" 200 51714
INFO 2025-09-04 14:25:36,487 basehttp "GET /api/forum/questions/422/ HTTP/1.1" 200 321
INFO 2025-09-04 14:25:36,635 basehttp "GET /api/forum/questions/432/ HTTP/1.1" 200 322
INFO 2025-09-04 14:25:36,646 basehttp "POST /api/forum/questions/443/comments/ HTTP/1.1" 201 175
INFO 2025-09-04 14:25:37,774 basehttp "GET /api/forum/questions/ HTTP/1.1" 200 52211
INFO 2025-09-04 14:25:38,012 basehttp "POST /api/forum/questions/ HTTP/1.1" 201 323
INFO 2025-09-04 14:25:38,938 basehttp "GET /api/forum/questions/ HTTP/1.1" 200 52213
INFO 2025-09-04 14:25:39,816 basehttp "POST /api/forum/questions/425/comments/ HTTP/1.1" 201 175
INFO 2025-09-04 14:25:40,458 basehttp "PATCH /api/forum/questions/435/toggle-like/ HTTP/1.1" 200 30
INFO 2025-09-04 14:25:40,504 basehttp "GET /api/forum/questions/ HTTP/1.1" 200 52387
INFO 2025-09-04 14:25:40,802 basehttp "GET /api/forum/questions/ HTTP/1.1" 200 52388
INFO 2025-09-04 14:25:41,525 basehttp "GET /api/forum/questions/432/ HTTP/1.1" 200 322
INFO 2025-09-04 14:25:41,655 basehttp "GET /api/forum/questions/ HTTP/1.1" 200 52213
INFO 2025-09-04 14:25:42,620 basehttp "DELETE /api/forum/questions/438/ HTTP/1.1" 204 0
INFO 2025-09-04 14:25:42,689 basehttp "POST /api/forum/questions/ HTTP/1.1" 201 323
INFO 2025-09-04 14:25:44,652 basehttp "DELETE /api/forum/questions/445/ HTTP/1.1" 204 0
INFO 2025-09-04 14:25:45,154 basehttp "GET /api/forum/questions/ HTTP/1.1" 200 52711
INFO 2025-09-04 14:25:46,192 basehttp "GET /api/forum/questions/ HTTP/1.1" 200 52712
INFO 2025-09-04 14:25:47,866 basehttp "GET /api/forum/questions/ HTTP/1.1" 200 52712
INFO 2025-09-04 14:25:48,050 basehttp "DELETE /api/forum/comments/247/ HTTP/1.1" 204 0
INFO 2025-09-04 14:25:49,896 basehttp "POST /api/forum/questions/411/comments/ HTTP/1.1" 201 175
INFO 2025-09-04 14:25:54,180 basehttp "GET /api/forum/questions/ HTTP/1.1" 200 53509
INFO 2025-09-04 14:25:54,348 basehttp "GET /api/forum/questions/ HTTP/1.1" 200 53508
INFO 2025-09-04 14:25:55,796 basehttp "POST /api/forum/questions/440/comments/ HTTP/1.1" 201 175
INFO 2025-09-04 14:25:56,013 basehttp "GET /api/forum/questions/ HTTP/1.1" 200 53509
INFO 2025-09-04 14:25:56,227 basehttp "GET /api/forum/questions/ HTTP/1.1" 200 53509
INFO 2025-09-04 14:25:56,605 basehttp "DELETE /api/forum/comments/251/ HTTP/1.1" 204 0
INFO 2025-09-04 14:25:57,549 basehttp "GET /api/forum/questions/ HTTP/1.1" 200 53832
INFO 2025-09-04 14:25:57,769 basehttp "GET /api/forum/questions/440/ HTTP/1.1" 200 497
INFO 2025-09-04 14:25:58,139 basehttp "GET /api/forum/questions/ HTTP/1.1" 200 54008
INFO 2025-09-04 14:25:58,186 basehttp "GET /api/forum/questions/ HTTP/1.1" 200 54008
INFO 2025-09-04 14:25:58,246 basehttp "PATCH /api/forum/questions/441/toggle-like/ HTTP/1.1" 200 30
INFO 2025-09-04 14:25:59,152 basehttp "POST /api/forum/questions/405/comments/ HTTP/1.1" 201 175
INFO 2025-09-04 14:25:59,153 basehttp "POST /api/forum/questions/ HTTP/1.1" 201 323
INFO 2025-09-04 14:25:59,305 basehttp "GET /api/forum/questions/440/ HTTP/1.1" 200 497
INFO 2025-09-04 14:25:59,781 basehttp "POST /api/forum/questions/426/comments/ HTTP/1.1" 201 175
INFO 2025-09-04 14:26:00,482 basehttp "GET /api/forum/questions/ HTTP/1.1" 200 54183
INFO 2025-09-04 14:26:00,487 basehttp "GET /api/forum/questions/ HTTP/1.1" 200 54505
INFO 2025-09-04 14:26:00,616 basehttp "GET /api/forum/questions/ HTTP/1.1" 200 54506
INFO 2025-09-04 14:26:01,522 basehttp "DELETE /api/forum/comments/261/ HTTP/1.1" 204 0
INFO 2025-09-04 14:26:02,038 basehttp "PATCH /api/forum/questions/446/toggle-sticky/ HTTP/1.1" 200 18
INFO 2025-09-04 14:26:02,347 basehttp "PATCH /api/forum/questions/443/toggle-like/ HTTP/1.1" 200 30
INFO 2025-09-04 14:26:02,837 basehttp "PATCH /api/forum/questions/441/toggle-like/ HTTP/1.1" 200 31
INFO 2025-09-04 14:26:02,837 basehttp "POST /api/forum/questions/ HTTP/1.1" 201 323
INFO 2025-09-04 14:26:02,879 basehttp "GET /api/forum/questions/ HTTP/1.1" 200 54507
INFO 2025-09-04 14:26:03,721 basehttp "POST /api/forum/questions/446/comments/ HTTP/1.1" 201 175
INFO 2025-09-04 14:26:03,721 basehttp "GET /api/forum/questions/ HTTP/1.1" 200 54506
INFO 2025-09-04 14:26:03,776 basehttp "DELETE /api/forum/questions/443/ HTTP/1.1" 204 0
INFO 2025-09-04 14:26:04,020 basehttp "GET /api/forum/questions/ HTTP/1.1" 200 54506
INFO 2025-09-04 14:26:04,704 basehttp "GET /api/forum/questions/ HTTP/1.1" 200 54331
INFO 2025-09-04 14:26:04,920 basehttp "PATCH /api/forum/questions/446/toggle-sticky/ HTTP/1.1" 200 19
INFO 2025-09-04 14:26:05,387 basehttp "POST /api/forum/questions/432/comments/ HTTP/1.1" 201 175
INFO 2025-09-04 14:26:05,820 basehttp "DELETE /api/forum/comments/257/ HTTP/1.1" 204 0
INFO 2025-09-04 14:26:05,874 basehttp "POST /api/forum/questions/ HTTP/1.1" 201 323
INFO 2025-09-04 14:26:06,754 basehttp "GET /api/forum/questions/ HTTP/1.1" 200 54182
INFO 2025-09-04 14:26:06,821 basehttp "GET /api/forum/questions/447/ HTTP/1.1" 200 323
INFO 2025-09-04 14:26:07,358 basehttp "PATCH /api/forum/questions/432/toggle-like/ HTTP/1.1" 200 31
INFO 2025-09-04 14:26:07,507 basehttp "POST /api/forum/questions/425/comments/ HTTP/1.1" 201 175
INFO 2025-09-04 14:26:08,253 basehttp "PATCH /api/forum/questions/439/toggle-sticky/ HTTP/1.1" 200 18
INFO 2025-09-04 14:26:08,621 basehttp "GET /api/forum/questions/ HTTP/1.1" 200 54181
INFO 2025-09-04 14:26:08,703 basehttp "GET /api/forum/questions/ HTTP/1.1" 200 54183
INFO 2025-09-04 14:26:08,872 basehttp "POST /api/forum/questions/447/comments/ HTTP/1.1" 201 175
INFO 2025-09-04 14:26:09,499 basehttp "POST /api/forum/questions/ HTTP/1.1" 201 323
INFO 2025-09-04 14:26:09,820 basehttp "GET /api/forum/questions/ HTTP/1.1" 200 54183
INFO 2025-09-04 14:26:10,853 basehttp "POST /api/forum/questions/ HTTP/1.1" 201 323
INFO 2025-09-04 14:26:10,886 basehttp "PATCH /api/forum/questions/447/toggle-sticky/ HTTP/1.1" 200 18
INFO 2025-09-04 14:26:12,237 basehttp "DELETE /api/forum/questions/447/ HTTP/1.1" 204 0
INFO 2025-09-04 14:26:12,357 basehttp "POST /api/forum/questions/450/comments/ HTTP/1.1" 201 175
INFO 2025-09-04 14:26:12,574 basehttp "GET /api/forum/questions/ HTTP/1.1" 200 54358
INFO 2025-09-04 14:26:12,847 basehttp "POST /api/forum/questions/ HTTP/1.1" 201 323
INFO 2025-09-04 14:26:16,736 basehttp "GET /api/forum/questions/ HTTP/1.1" 200 54534
INFO 2025-09-04 14:26:17,224 basehttp "POST /api/forum/questions/450/comments/ HTTP/1.1" 201 175
INFO 2025-09-04 14:26:17,880 basehttp "POST /api/forum/questions/451/comments/ HTTP/1.1" 201 175
INFO 2025-09-04 14:26:19,535 basehttp "GET /api/forum/questions/451/ HTTP/1.1" 200 498
INFO 2025-09-04 14:26:20,088 basehttp "GET /api/forum/questions/ HTTP/1.1" 200 54681
INFO 2025-09-04 14:26:20,517 basehttp "POST /api/forum/questions/ HTTP/1.1" 201 323
INFO 2025-09-04 14:26:21,320 basehttp "DELETE /api/forum/questions/451/ HTTP/1.1" 204 0
INFO 2025-09-04 14:26:21,554 basehttp "GET /api/forum/questions/ HTTP/1.1" 200 54681
INFO 2025-09-04 14:26:21,647 basehttp "GET /api/forum/questions/ HTTP/1.1" 200 54679
INFO 2025-09-04 14:26:21,757 basehttp "DELETE /api/forum/questions/440/ HTTP/1.1" 204 0
INFO 2025-09-04 14:26:21,942 basehttp "GET /api/forum/questions/ HTTP/1.1" 200 54830
INFO 2025-09-04 14:26:22,556 basehttp "PATCH /api/forum/questions/452/toggle-sticky/ HTTP/1.1" 200 18
INFO 2025-09-04 14:26:23,472 basehttp "POST /api/forum/questions/ HTTP/1.1" 201 323
INFO 2025-09-04 14:26:23,720 basehttp "DELETE /api/forum/questions/405/ HTTP/1.1" 204 0
INFO 2025-09-04 14:26:23,890 basehttp "PATCH /api/forum/questions/452/toggle-like/ HTTP/1.1" 200 30
INFO 2025-09-04 14:26:24,683 basehttp "GET /api/forum/questions/ HTTP/1.1" 200 54856
INFO 2025-09-04 14:26:24,853 basehttp "POST /api/forum/questions/426/comments/ HTTP/1.1" 201 175
INFO 2025-09-04 14:26:25,054 basehttp "GET /api/forum/questions/ HTTP/1.1" 200 54857
WARNING 2025-09-04 14:26:25,546 log Not Found: /api/forum/comments/259/
WARNING 2025-09-04 14:26:25,587 basehttp "DELETE /api/forum/comments/259/ HTTP/1.1" 404 86
INFO 2025-09-04 14:26:25,609 basehttp "PATCH /api/forum/questions/452/toggle-like/ HTTP/1.1" 200 31
INFO 2025-09-04 14:26:26,589 basehttp "PATCH /api/forum/questions/435/toggle-like/ HTTP/1.1" 200 31
INFO 2025-09-04 14:26:26,702 basehttp "GET /api/forum/questions/426/ HTTP/1.1" 200 674
INFO 2025-09-04 14:26:27,313 basehttp "GET /api/forum/questions/ HTTP/1.1" 200 55180
INFO 2025-09-04 14:26:27,623 basehttp "GET /api/forum/questions/452/ HTTP/1.1" 200 322
INFO 2025-09-04 14:26:28,789 basehttp "POST /api/forum/questions/426/comments/ HTTP/1.1" 201 175
INFO 2025-09-04 14:26:29,568 basehttp "GET /api/forum/questions/ HTTP/1.1" 200 55354
INFO 2025-09-04 14:26:29,888 basehttp "GET /api/forum/questions/ HTTP/1.1" 200 55355
INFO 2025-09-04 14:26:30,142 basehttp "GET /api/forum/questions/ HTTP/1.1" 200 55355
INFO 2025-09-04 14:26:30,488 basehttp "DELETE /api/forum/comments/270/ HTTP/1.1" 204 0
INFO 2025-09-04 14:26:30,942 basehttp "DELETE /api/forum/questions/452/ HTTP/1.1" 204 0
INFO 2025-09-04 14:26:30,952 basehttp "GET /api/forum/questions/ HTTP/1.1" 200 55678
INFO 2025-09-04 14:26:31,204 basehttp "POST /api/forum/questions/448/comments/ HTTP/1.1" 201 175
WARNING 2025-09-04 14:26:31,590 log Not Found: /api/forum/comments/256/
WARNING 2025-09-04 14:26:31,638 basehttp "DELETE /api/forum/comments/256/ HTTP/1.1" 404 86
INFO 2025-09-04 14:26:32,161 basehttp "POST /api/forum/questions/426/comments/ HTTP/1.1" 201 175
INFO 2025-09-04 14:26:32,358 basehttp "GET /api/forum/questions/ HTTP/1.1" 200 56177
INFO 2025-09-04 14:26:32,424 basehttp "DELETE /api/forum/questions/448/ HTTP/1.1" 204 0
INFO 2025-09-04 14:26:32,622 basehttp "GET /api/forum/questions/439/ HTTP/1.1" 200 322
INFO 2025-09-04 14:26:33,004 basehttp "GET /api/forum/questions/ HTTP/1.1" 200 56177
INFO 2025-09-04 14:26:33,554 basehttp "POST /api/forum/questions/ HTTP/1.1" 201 323
INFO 2025-09-04 14:26:34,037 basehttp "PATCH /api/forum/questions/426/toggle-like/ HTTP/1.1" 200 30
INFO 2025-09-04 14:26:34,044 basehttp "POST /api/forum/questions/ HTTP/1.1" 201 323
INFO 2025-09-04 14:26:34,192 basehttp "PATCH /api/forum/questions/411/toggle-sticky/ HTTP/1.1" 200 18
INFO 2025-09-04 14:26:34,737 basehttp "POST /api/forum/questions/ HTTP/1.1" 201 323
INFO 2025-09-04 14:26:34,888 basehttp "GET /api/forum/questions/ HTTP/1.1" 200 56003
INFO 2025-09-04 14:26:35,037 basehttp "DELETE /api/forum/questions/454/ HTTP/1.1" 204 0
INFO 2025-09-04 14:26:35,675 basehttp "POST /api/forum/questions/ HTTP/1.1" 201 323
INFO 2025-09-04 14:26:35,742 basehttp "PATCH /api/forum/questions/411/toggle-like/ HTTP/1.1" 200 30
INFO 2025-09-04 14:26:35,988 basehttp "PATCH /api/forum/questions/426/toggle-sticky/ HTTP/1.1" 200 18
INFO 2025-09-04 14:26:36,488 basehttp "GET /api/forum/questions/ HTTP/1.1" 200 56002
INFO 2025-09-04 14:26:36,605 basehttp "POST /api/forum/questions/ HTTP/1.1" 201 323
INFO 2025-09-04 14:26:36,754 basehttp "GET /api/forum/questions/456/ HTTP/1.1" 200 323
INFO 2025-09-04 14:26:37,222 basehttp "POST /api/forum/questions/ HTTP/1.1" 201 323
INFO 2025-09-04 14:26:37,588 basehttp "PATCH /api/forum/questions/426/toggle-like/ HTTP/1.1" 200 31
INFO 2025-09-04 14:26:38,387 basehttp "PATCH /api/forum/questions/456/toggle-sticky/ HTTP/1.1" 200 18
INFO 2025-09-04 14:26:38,522 basehttp "POST /api/forum/questions/ HTTP/1.1" 201 323
INFO 2025-09-04 14:26:38,572 basehttp "GET /api/forum/questions/ HTTP/1.1" 200 56352
INFO 2025-09-04 14:26:39,137 basehttp "GET /api/forum/questions/426/ HTTP/1.1" 200 849
INFO 2025-09-04 14:26:39,537 basehttp "GET /api/forum/questions/ HTTP/1.1" 200 56179
INFO 2025-09-04 14:26:39,562 basehttp "PATCH /api/forum/questions/456/toggle-sticky/ HTTP/1.1" 200 19
INFO 2025-09-04 14:26:39,887 basehttp "GET /api/forum/questions/460/ HTTP/1.1" 200 323
INFO 2025-09-04 14:26:40,506 basehttp "DELETE /api/forum/questions/426/ HTTP/1.1" 204 0
INFO 2025-09-04 14:26:40,973 basehttp "DELETE /api/forum/questions/456/ HTTP/1.1" 204 0
INFO 2025-09-04 14:26:41,370 basehttp "POST /api/forum/questions/ HTTP/1.1" 201 323
INFO 2025-09-04 14:26:42,685 basehttp "DELETE /api/forum/comments/267/ HTTP/1.1" 204 0
INFO 2025-09-04 14:26:43,005 basehttp "GET /api/forum/questions/ HTTP/1.1" 200 55678
INFO 2025-09-04 14:26:43,605 basehttp "POST /api/forum/questions/ HTTP/1.1" 201 323
INFO 2025-09-04 14:26:44,458 basehttp "POST /api/forum/questions/ HTTP/1.1" 201 323
INFO 2025-09-04 14:26:44,972 basehttp "GET /api/forum/questions/ HTTP/1.1" 200 55855
INFO 2025-09-04 14:26:45,904 basehttp "POST /api/forum/questions/ HTTP/1.1" 201 323
INFO 2025-09-04 14:26:46,338 basehttp "GET /api/forum/questions/ HTTP/1.1" 200 55856
INFO 2025-09-04 14:26:46,737 basehttp "POST /api/forum/questions/ HTTP/1.1" 201 323
INFO 2025-09-04 14:26:48,226 basehttp "POST /api/forum/questions/ HTTP/1.1" 201 323
INFO 2025-09-04 14:26:49,125 basehttp "GET /api/forum/questions/ HTTP/1.1" 200 55680
INFO 2025-09-04 14:26:49,210 basehttp "GET /api/forum/questions/465/ HTTP/1.1" 200 323
INFO 2025-09-04 14:26:49,872 basehttp "GET /api/forum/questions/ HTTP/1.1" 200 55855
INFO 2025-09-04 14:26:50,591 basehttp "PATCH /api/forum/questions/465/toggle-like/ HTTP/1.1" 200 30
INFO 2025-09-04 14:26:50,861 basehttp "POST /api/forum/questions/ HTTP/1.1" 201 323
INFO 2025-09-04 14:26:51,227 basehttp "DELETE /api/forum/questions/466/ HTTP/1.1" 204 0
INFO 2025-09-04 14:26:51,636 basehttp "GET /api/forum/questions/ HTTP/1.1" 200 56031
INFO 2025-09-04 14:26:51,788 basehttp "DELETE /api/forum/comments/262/ HTTP/1.1" 204 0
INFO 2025-09-04 14:26:52,038 basehttp "PATCH /api/forum/questions/465/toggle-like/ HTTP/1.1" 200 31
INFO 2025-09-04 14:26:52,658 basehttp "GET /api/forum/questions/ HTTP/1.1" 200 55533
INFO 2025-09-04 14:26:52,772 basehttp "DELETE /api/forum/questions/467/ HTTP/1.1" 204 0
INFO 2025-09-04 14:26:53,005 basehttp "PATCH /api/forum/questions/446/toggle-like/ HTTP/1.1" 200 30
INFO 2025-09-04 14:26:53,120 basehttp "POST /api/forum/questions/ HTTP/1.1" 201 323
INFO 2025-09-04 14:26:53,591 basehttp "GET /api/forum/questions/ HTTP/1.1" 200 55209
INFO 2025-09-04 14:26:53,752 basehttp "POST /api/forum/questions/ HTTP/1.1" 201 323
INFO 2025-09-04 14:26:54,765 basehttp "GET /api/forum/questions/ HTTP/1.1" 200 55533
INFO 2025-09-04 14:26:54,880 basehttp "PATCH /api/forum/questions/469/toggle-sticky/ HTTP/1.1" 200 18
INFO 2025-09-04 14:26:54,905 basehttp "GET /api/forum/questions/432/ HTTP/1.1" 200 498
INFO 2025-09-04 14:26:56,322 basehttp "DELETE /api/forum/questions/446/ HTTP/1.1" 204 0
INFO 2025-09-04 14:26:56,653 basehttp "DELETE /api/forum/comments/252/ HTTP/1.1" 204 0
INFO 2025-09-04 14:26:57,353 basehttp "GET /api/forum/questions/ HTTP/1.1" 200 56178
INFO 2025-09-04 14:26:57,787 basehttp "DELETE /api/forum/questions/449/ HTTP/1.1" 204 0
INFO 2025-09-04 14:26:57,893 basehttp "PATCH /api/forum/questions/469/toggle-like/ HTTP/1.1" 200 30
INFO 2025-09-04 14:26:58,526 basehttp "GET /api/forum/questions/ HTTP/1.1" 200 56827
INFO 2025-09-04 14:26:59,650 basehttp "GET /api/forum/questions/ HTTP/1.1" 200 56826
INFO 2025-09-04 14:27:00,461 basehttp "GET /api/forum/questions/ HTTP/1.1" 200 57150
WARNING 2025-09-04 14:27:00,483 log Not Found: /api/forum/comments/271/
WARNING 2025-09-04 14:27:00,513 basehttp "DELETE /api/forum/comments/271/ HTTP/1.1" 404 86
INFO 2025-09-04 14:27:00,908 basehttp "DELETE /api/forum/comments/264/ HTTP/1.1" 204 0
INFO 2025-09-04 14:27:01,502 basehttp "POST /api/forum/questions/ HTTP/1.1" 201 323
INFO 2025-09-04 14:27:02,405 basehttp "DELETE /api/forum/questions/458/ HTTP/1.1" 204 0
INFO 2025-09-04 14:27:03,273 basehttp "GET /api/forum/questions/470/ HTTP/1.1" 200 323
INFO 2025-09-04 14:27:03,491 basehttp "GET /api/forum/questions/ HTTP/1.1" 200 55800
INFO 2025-09-04 14:27:04,954 basehttp "POST /api/forum/questions/ HTTP/1.1" 201 323
INFO 2025-09-04 14:27:05,834 basehttp "POST /api/forum/questions/ HTTP/1.1" 201 323
INFO 2025-09-04 14:27:06,902 basehttp "DELETE /api/forum/comments/258/ HTTP/1.1" 204 0
INFO 2025-09-04 14:27:07,236 basehttp "GET /api/forum/questions/ HTTP/1.1" 200 56448
INFO 2025-09-04 14:27:07,520 basehttp "GET /api/forum/questions/ HTTP/1.1" 200 56449
INFO 2025-09-04 14:27:08,592 basehttp "GET /api/forum/questions/ HTTP/1.1" 200 56773
INFO 2025-09-04 14:27:08,797 basehttp "PATCH /api/forum/questions/471/toggle-sticky/ HTTP/1.1" 200 18
INFO 2025-09-04 14:27:08,956 basehttp "GET /api/forum/questions/ HTTP/1.1" 200 56773
INFO 2025-09-04 14:27:09,669 basehttp "GET /api/forum/questions/ HTTP/1.1" 200 57420
INFO 2025-09-04 14:27:09,984 basehttp "POST /api/forum/questions/471/comments/ HTTP/1.1" 201 175
INFO 2025-09-04 14:27:10,246 basehttp "DELETE /api/forum/questions/462/ HTTP/1.1" 204 0
INFO 2025-09-04 14:27:10,990 basehttp "GET /api/forum/questions/ HTTP/1.1" 200 57419
INFO 2025-09-04 14:27:11,271 basehttp "PATCH /api/forum/questions/471/toggle-like/ HTTP/1.1" 200 30
INFO 2025-09-04 14:27:11,776 basehttp "GET /api/forum/questions/ HTTP/1.1" 200 57570
INFO 2025-09-04 14:27:12,520 basehttp "POST /api/forum/questions/464/comments/ HTTP/1.1" 201 175
INFO 2025-09-04 14:27:14,904 basehttp "POST /api/forum/questions/ HTTP/1.1" 201 323
INFO 2025-09-04 14:27:16,307 basehttp "POST /api/forum/questions/ HTTP/1.1" 201 323
INFO 2025-09-04 14:27:16,522 basehttp "GET /api/forum/questions/ HTTP/1.1" 200 57395
INFO 2025-09-04 14:27:18,227 basehttp "GET /api/forum/questions/ HTTP/1.1" 200 57719
INFO 2025-09-04 14:27:20,188 basehttp "POST /api/forum/questions/468/comments/ HTTP/1.1" 201 175
INFO 2025-09-04 14:27:20,902 basehttp "GET /api/forum/questions/ HTTP/1.1" 200 57219
INFO 2025-09-04 14:27:22,096 basehttp "DELETE /api/forum/questions/468/ HTTP/1.1" 204 0
INFO 2025-09-04 14:27:22,334 basehttp "GET /api/forum/questions/ HTTP/1.1" 200 57218
INFO 2025-09-04 14:27:22,580 basehttp "POST /api/forum/questions/432/comments/ HTTP/1.1" 201 175
INFO 2025-09-04 14:27:22,819 basehttp "GET /api/forum/questions/ HTTP/1.1" 200 56895
INFO 2025-09-04 14:27:24,221 basehttp "GET /api/forum/questions/ HTTP/1.1" 200 56892
INFO 2025-09-04 14:27:24,471 basehttp "DELETE /api/forum/comments/276/ HTTP/1.1" 204 0
INFO 2025-09-04 14:27:24,874 basehttp "GET /api/forum/questions/ HTTP/1.1" 200 56895
INFO 2025-09-04 14:27:25,185 basehttp "POST /api/forum/questions/ HTTP/1.1" 201 323
INFO 2025-09-04 14:27:25,391 basehttp "GET /api/forum/questions/ HTTP/1.1" 200 56894
INFO 2025-09-04 14:27:25,595 basehttp "GET /api/forum/questions/469/ HTTP/1.1" 200 321
INFO 2025-09-04 14:27:29,402 basehttp "GET /api/forum/questions/ HTTP/1.1" 200 57219
INFO 2025-09-04 14:27:31,304 basehttp "GET /api/forum/questions/470/ HTTP/1.1" 200 323
INFO 2025-09-04 14:27:32,482 basehttp "GET /api/forum/questions/ HTTP/1.1" 200 57368
INFO 2025-09-04 14:27:33,122 basehttp "PATCH /api/forum/questions/470/toggle-like/ HTTP/1.1" 200 30
INFO 2025-09-04 14:27:33,419 basehttp "GET /api/forum/questions/ HTTP/1.1" 200 57367
INFO 2025-09-04 14:27:34,106 basehttp "GET /api/forum/questions/ HTTP/1.1" 200 57366
INFO 2025-09-04 14:27:34,555 basehttp "GET /api/forum/questions/470/ HTTP/1.1" 200 322
INFO 2025-09-04 14:27:35,152 basehttp "POST /api/forum/questions/461/comments/ HTTP/1.1" 201 175
INFO 2025-09-04 14:27:35,255 basehttp "DELETE /api/forum/questions/472/ HTTP/1.1" 204 0
INFO 2025-09-04 14:27:35,668 basehttp "GET /api/forum/questions/ HTTP/1.1" 200 57393
INFO 2025-09-04 14:27:36,093 basehttp "GET /api/forum/questions/ HTTP/1.1" 200 57392
INFO 2025-09-04 14:27:36,169 basehttp "DELETE /api/forum/questions/470/ HTTP/1.1" 204 0
INFO 2025-09-04 14:27:36,585 basehttp "GET /api/forum/questions/ HTTP/1.1" 200 57393
INFO 2025-09-04 14:27:36,806 basehttp "POST /api/forum/questions/ HTTP/1.1" 201 323
INFO 2025-09-04 14:27:36,935 basehttp "GET /api/forum/questions/ HTTP/1.1" 200 57392
INFO 2025-09-04 14:27:37,439 basehttp "PATCH /api/forum/questions/453/toggle-like/ HTTP/1.1" 200 30
INFO 2025-09-04 14:27:37,554 basehttp "GET /api/forum/questions/ HTTP/1.1" 200 57393
INFO 2025-09-04 14:27:37,871 basehttp "GET /api/forum/questions/ HTTP/1.1" 200 57391
INFO 2025-09-04 14:27:38,625 basehttp "GET /api/forum/questions/ HTTP/1.1" 200 57391
WARNING 2025-09-04 14:27:38,736 log Not Found: /api/forum/comments/268/
WARNING 2025-09-04 14:27:38,754 basehttp "DELETE /api/forum/comments/268/ HTTP/1.1" 404 86
INFO 2025-09-04 14:27:39,222 basehttp "POST /api/forum/questions/ HTTP/1.1" 201 323
INFO 2025-09-04 14:27:40,726 basehttp "GET /api/forum/questions/ HTTP/1.1" 200 58217
INFO 2025-09-04 14:27:41,254 basehttp "PATCH /api/forum/questions/477/toggle-like/ HTTP/1.1" 200 30
INFO 2025-09-04 14:27:42,237 basehttp "DELETE /api/forum/questions/474/ HTTP/1.1" 204 0
INFO 2025-09-04 14:27:42,299 basehttp "POST /api/forum/questions/ HTTP/1.1" 201 323
INFO 2025-09-04 14:27:43,422 basehttp "POST /api/forum/questions/ HTTP/1.1" 201 323
INFO 2025-09-04 14:27:43,588 basehttp "GET /api/forum/questions/ HTTP/1.1" 200 58216
INFO 2025-09-04 14:27:50,054 basehttp "GET /api/forum/questions/ HTTP/1.1" 200 58041
INFO 2025-09-04 14:27:50,232 basehttp "GET /api/forum/questions/ HTTP/1.1" 200 58040
INFO 2025-09-04 14:27:50,925 basehttp "GET /api/forum/questions/ HTTP/1.1" 200 58041
INFO 2025-09-04 14:27:51,052 basehttp "GET /api/forum/questions/ HTTP/1.1" 200 58038
INFO 2025-09-04 14:27:52,035 basehttp "GET /api/forum/questions/ HTTP/1.1" 200 58041
INFO 2025-09-04 14:27:52,305 basehttp "GET /api/forum/questions/457/ HTTP/1.1" 200 323
INFO 2025-09-04 14:27:52,726 basehttp "PATCH /api/forum/questions/475/toggle-like/ HTTP/1.1" 200 30
INFO 2025-09-04 14:27:54,070 basehttp "GET /api/forum/questions/ HTTP/1.1" 200 58041
INFO 2025-09-04 14:27:54,155 basehttp "DELETE /api/forum/questions/475/ HTTP/1.1" 204 0
INFO 2025-09-04 14:27:54,587 basehttp "PATCH /api/forum/questions/469/toggle-sticky/ HTTP/1.1" 200 19
INFO 2025-09-04 14:27:54,902 basehttp "GET /api/forum/questions/ HTTP/1.1" 200 58040
INFO 2025-09-04 14:27:55,903 basehttp "PATCH /api/forum/questions/469/toggle-sticky/ HTTP/1.1" 200 18
INFO 2025-09-04 14:27:56,004 basehttp "POST /api/forum/questions/ HTTP/1.1" 201 323
INFO 2025-09-04 14:27:56,103 basehttp "POST /api/forum/questions/ HTTP/1.1" 201 323
INFO 2025-09-04 14:27:57,536 basehttp "GET /api/forum/questions/480/ HTTP/1.1" 200 323
INFO 2025-09-04 14:27:58,004 basehttp "POST /api/forum/questions/ HTTP/1.1" 201 323
INFO 2025-09-04 14:27:58,026 basehttp "DELETE /api/forum/questions/469/ HTTP/1.1" 204 0
INFO 2025-09-04 14:27:59,387 basehttp "GET /api/forum/questions/480/ HTTP/1.1" 200 323
INFO 2025-09-04 14:27:59,502 basehttp "DELETE /api/forum/questions/482/ HTTP/1.1" 204 0
INFO 2025-09-04 14:28:00,188 basehttp "GET /api/forum/questions/ HTTP/1.1" 200 57892
INFO 2025-09-04 14:28:00,631 basehttp "POST /api/forum/questions/ HTTP/1.1" 201 323
INFO 2025-09-04 14:28:01,205 basehttp "GET /api/forum/questions/ HTTP/1.1" 200 57892
INFO 2025-09-04 14:28:01,471 basehttp "POST /api/forum/questions/480/comments/ HTTP/1.1" 201 175
INFO 2025-09-04 14:28:02,297 basehttp "POST /api/forum/questions/483/comments/ HTTP/1.1" 201 175
INFO 2025-09-04 14:28:02,642 basehttp "GET /api/forum/questions/ HTTP/1.1" 200 57892
INFO 2025-09-04 14:28:03,588 basehttp "POST /api/forum/questions/480/comments/ HTTP/1.1" 201 175
INFO 2025-09-04 14:28:04,237 basehttp "POST /api/forum/questions/483/comments/ HTTP/1.1" 201 175
INFO 2025-09-04 14:28:04,551 basehttp "POST /api/forum/questions/ HTTP/1.1" 201 323
INFO 2025-09-04 14:28:04,935 basehttp "GET /api/forum/questions/ HTTP/1.1" 200 58215
INFO 2025-09-04 14:28:05,068 basehttp "GET /api/forum/questions/ HTTP/1.1" 200 58214
INFO 2025-09-04 14:28:05,237 basehttp "GET /api/forum/questions/ HTTP/1.1" 200 58215
INFO 2025-09-04 14:28:05,445 basehttp "PATCH /api/forum/questions/483/toggle-like/ HTTP/1.1" 200 30
INFO 2025-09-04 14:28:06,388 basehttp "GET /api/forum/questions/484/ HTTP/1.1" 200 323
INFO 2025-09-04 14:28:06,679 basehttp "GET /api/forum/questions/ HTTP/1.1" 200 58214
INFO 2025-09-04 14:28:06,935 basehttp "POST /api/forum/questions/464/comments/ HTTP/1.1" 201 175
INFO 2025-09-04 14:28:06,952 basehttp "PATCH /api/forum/questions/483/toggle-like/ HTTP/1.1" 200 31
INFO 2025-09-04 14:28:07,038 basehttp "GET /api/forum/questions/ HTTP/1.1" 200 58216
INFO 2025-09-04 14:28:08,235 basehttp "POST /api/forum/questions/ HTTP/1.1" 201 323
INFO 2025-09-04 14:28:08,487 basehttp "PATCH /api/forum/questions/484/toggle-like/ HTTP/1.1" 200 30
INFO 2025-09-04 14:28:08,681 basehttp "GET /api/forum/questions/464/ HTTP/1.1" 200 674
INFO 2025-09-04 14:28:08,770 basehttp "GET /api/forum/questions/ HTTP/1.1" 200 58540
INFO 2025-09-04 14:28:08,955 basehttp "DELETE /api/forum/questions/483/ HTTP/1.1" 204 0
INFO 2025-09-04 14:28:09,154 basehttp "GET /api/forum/questions/ HTTP/1.1" 200 58540
INFO 2025-09-04 14:28:09,739 basehttp "GET /api/forum/questions/ HTTP/1.1" 200 58537
INFO 2025-09-04 14:28:10,347 basehttp "POST /api/forum/questions/ HTTP/1.1" 201 323
INFO 2025-09-04 14:28:10,479 basehttp "GET /api/forum/questions/478/ HTTP/1.1" 200 323
INFO 2025-09-04 14:28:10,598 basehttp "GET /api/forum/questions/ HTTP/1.1" 200 58540
INFO 2025-09-04 14:28:11,180 basehttp "DELETE /api/forum/questions/479/ HTTP/1.1" 204 0
INFO 2025-09-04 14:28:11,836 basehttp "GET /api/forum/questions/ HTTP/1.1" 200 58540
INFO 2025-09-04 14:28:11,872 basehttp "DELETE /api/forum/questions/486/ HTTP/1.1" 204 0
INFO 2025-09-04 14:28:11,922 basehttp "POST /api/forum/questions/485/comments/ HTTP/1.1" 201 175
INFO 2025-09-04 14:28:15,471 basehttp "POST /api/forum/questions/ HTTP/1.1" 201 323
INFO 2025-09-04 14:28:15,952 basehttp "GET /api/forum/questions/ HTTP/1.1" 200 58539
INFO 2025-09-04 14:28:16,635 basehttp "PATCH /api/forum/questions/487/toggle-like/ HTTP/1.1" 200 30
INFO 2025-09-04 14:28:16,724 basehttp "GET /api/forum/questions/ HTTP/1.1" 200 58540
INFO 2025-09-04 14:28:18,520 basehttp "GET /api/forum/questions/ HTTP/1.1" 200 58863
INFO 2025-09-04 14:28:20,285 basehttp "DELETE /api/forum/comments/273/ HTTP/1.1" 204 0
INFO 2025-09-04 14:28:20,339 basehttp "PATCH /api/forum/questions/432/toggle-like/ HTTP/1.1" 200 30
INFO 2025-09-04 14:28:22,299 basehttp "GET /api/forum/questions/432/ HTTP/1.1" 200 497
INFO 2025-09-04 14:28:23,752 basehttp "GET /api/forum/questions/ HTTP/1.1" 200 59215
INFO 2025-09-04 14:28:25,679 basehttp "PATCH /api/forum/questions/432/toggle-like/ HTTP/1.1" 200 31
INFO 2025-09-04 14:28:25,773 basehttp "GET /api/forum/questions/ HTTP/1.1" 200 59567
INFO 2025-09-04 14:28:26,301 basehttp "GET /api/forum/questions/ HTTP/1.1" 200 59567
INFO 2025-09-04 14:28:27,218 basehttp "GET /api/forum/questions/ HTTP/1.1" 200 60067
INFO 2025-09-04 14:28:27,368 basehttp "DELETE /api/forum/questions/432/ HTTP/1.1" 204 0
INFO 2025-09-04 14:28:27,666 basehttp "DELETE /api/forum/comments/277/ HTTP/1.1" 204 0
INFO 2025-09-04 14:28:29,051 basehttp "POST /api/forum/questions/ HTTP/1.1" 201 323
INFO 2025-09-04 14:28:29,919 basehttp "GET /api/forum/questions/ HTTP/1.1" 200 60066
INFO 2025-09-04 14:28:29,961 basehttp "GET /api/forum/questions/ HTTP/1.1" 200 60066
INFO 2025-09-04 14:28:30,447 basehttp "DELETE /api/forum/questions/488/ HTTP/1.1" 204 0
INFO 2025-09-04 14:28:31,942 basehttp "POST /api/forum/questions/ HTTP/1.1" 201 323
INFO 2025-09-04 14:28:34,876 basehttp "GET /api/forum/questions/ HTTP/1.1" 200 60040
INFO 2025-09-04 14:28:34,968 basehttp "GET /api/forum/questions/ HTTP/1.1" 200 60039
INFO 2025-09-04 14:28:35,606 basehttp "POST /api/forum/questions/ HTTP/1.1" 201 323
INFO 2025-09-04 14:28:36,358 basehttp "GET /api/forum/questions/484/ HTTP/1.1" 200 322
INFO 2025-09-04 14:28:37,486 basehttp "GET /api/forum/questions/ HTTP/1.1" 200 59565
INFO 2025-09-04 14:28:38,237 basehttp "GET /api/forum/questions/ HTTP/1.1" 200 59567
INFO 2025-09-04 14:28:38,470 basehttp "GET /api/forum/questions/ HTTP/1.1" 200 59567
INFO 2025-09-04 14:28:38,584 basehttp "POST /api/forum/questions/ HTTP/1.1" 201 323
INFO 2025-09-04 14:28:39,421 basehttp "GET /api/forum/questions/ HTTP/1.1" 200 59565
INFO 2025-09-04 14:28:40,189 basehttp "GET /api/forum/questions/ HTTP/1.1" 200 59567
INFO 2025-09-04 14:28:40,652 basehttp "DELETE /api/forum/questions/485/ HTTP/1.1" 204 0
INFO 2025-09-04 14:28:41,620 basehttp "DELETE /api/forum/questions/478/ HTTP/1.1" 204 0
INFO 2025-09-04 14:28:43,351 basehttp "GET /api/forum/questions/ HTTP/1.1" 200 59890
WARNING 2025-09-04 14:28:43,460 log Not Found: /api/forum/comments/283/
WARNING 2025-09-04 14:28:43,503 basehttp "DELETE /api/forum/comments/283/ HTTP/1.1" 404 86
INFO 2025-09-04 14:28:45,371 basehttp "GET /api/forum/questions/ HTTP/1.1" 200 59890
INFO 2025-09-04 14:28:45,739 basehttp "GET /api/forum/questions/ HTTP/1.1" 200 59889
INFO 2025-09-04 14:28:46,902 basehttp "POST /api/forum/questions/487/comments/ HTTP/1.1" 201 175
INFO 2025-09-04 14:28:47,351 basehttp "GET /api/forum/questions/ HTTP/1.1" 200 59716
INFO 2025-09-04 14:28:47,921 basehttp "GET /api/forum/questions/ HTTP/1.1" 200 59538
INFO 2025-09-04 14:28:48,005 basehttp "POST /api/forum/questions/ HTTP/1.1" 201 323
INFO 2025-09-04 14:28:48,318 basehttp "GET /api/forum/questions/ HTTP/1.1" 200 59540
INFO 2025-09-04 14:28:48,887 basehttp "GET /api/forum/questions/487/ HTTP/1.1" 200 497
INFO 2025-09-04 14:28:49,733 basehttp "POST /api/forum/questions/492/comments/ HTTP/1.1" 201 175
INFO 2025-09-04 14:28:50,000 basehttp "DELETE /api/forum/comments/284/ HTTP/1.1" 204 0
INFO 2025-09-04 14:28:50,984 basehttp "GET /api/forum/questions/ HTTP/1.1" 200 59366
INFO 2025-09-04 14:28:51,538 basehttp "POST /api/forum/questions/487/comments/ HTTP/1.1" 201 175
INFO 2025-09-04 14:28:51,669 basehttp "POST /api/forum/questions/ HTTP/1.1" 201 323
INFO 2025-09-04 14:28:52,644 basehttp "GET /api/forum/questions/ HTTP/1.1" 200 59042
INFO 2025-09-04 14:28:52,737 basehttp "PATCH /api/forum/questions/487/toggle-sticky/ HTTP/1.1" 200 18
INFO 2025-09-04 14:28:53,554 basehttp "PATCH /api/forum/questions/493/toggle-like/ HTTP/1.1" 200 30
INFO 2025-09-04 14:28:54,135 basehttp "POST /api/forum/questions/ HTTP/1.1" 201 323
INFO 2025-09-04 14:28:54,619 basehttp "GET /api/forum/questions/ HTTP/1.1" 200 59042
INFO 2025-09-04 14:28:56,037 basehttp "GET /api/forum/questions/ HTTP/1.1" 200 59042
INFO 2025-09-04 14:28:56,816 basehttp "GET /api/forum/questions/480/ HTTP/1.1" 200 674
INFO 2025-09-04 14:28:57,113 basehttp "GET /api/forum/questions/ HTTP/1.1" 200 59365
INFO 2025-09-04 14:28:58,352 basehttp "POST /api/forum/questions/ HTTP/1.1" 201 323
INFO 2025-09-04 14:28:58,697 basehttp "GET /api/forum/questions/ HTTP/1.1" 200 59366
INFO 2025-09-04 14:28:58,903 basehttp "POST /api/forum/questions/ HTTP/1.1" 201 323
INFO 2025-09-04 14:29:00,015 basehttp "POST /api/forum/questions/ HTTP/1.1" 201 323
INFO 2025-09-04 14:29:00,881 basehttp "DELETE /api/forum/questions/496/ HTTP/1.1" 204 0
INFO 2025-09-04 14:29:01,036 basehttp "GET /api/forum/questions/ HTTP/1.1" 200 59690
INFO 2025-09-04 14:29:02,051 basehttp "POST /api/forum/questions/489/comments/ HTTP/1.1" 201 175
INFO 2025-09-04 14:29:02,169 basehttp "PATCH /api/forum/questions/497/toggle-like/ HTTP/1.1" 200 30
INFO 2025-09-04 14:29:02,319 basehttp "GET /api/forum/questions/ HTTP/1.1" 200 59689
WARNING 2025-09-04 14:29:02,703 log Not Found: /api/forum/comments/281/
WARNING 2025-09-04 14:29:02,736 basehttp "DELETE /api/forum/comments/281/ HTTP/1.1" 404 86
INFO 2025-09-04 14:29:03,570 basehttp "POST /api/forum/questions/ HTTP/1.1" 201 323
INFO 2025-09-04 14:29:03,575 basehttp "DELETE /api/forum/questions/489/ HTTP/1.1" 204 0
INFO 2025-09-04 14:29:03,670 basehttp "PATCH /api/forum/questions/490/toggle-sticky/ HTTP/1.1" 200 18
INFO 2025-09-04 14:29:04,814 basehttp "PATCH /api/forum/questions/490/toggle-sticky/ HTTP/1.1" 200 19
INFO 2025-09-04 14:29:05,237 basehttp "POST /api/forum/questions/498/comments/ HTTP/1.1" 201 175
INFO 2025-09-04 14:29:05,619 basehttp "GET /api/forum/questions/ HTTP/1.1" 200 59513
INFO 2025-09-04 14:29:05,683 basehttp "GET /api/forum/questions/ HTTP/1.1" 200 59838
INFO 2025-09-04 14:29:06,896 basehttp "POST /api/forum/questions/ HTTP/1.1" 201 323
INFO 2025-09-04 14:29:07,268 basehttp "DELETE /api/forum/comments/288/ HTTP/1.1" 204 0
INFO 2025-09-04 14:29:07,787 basehttp "GET /api/forum/questions/ HTTP/1.1" 200 59191
INFO 2025-09-04 14:29:07,876 basehttp "GET /api/forum/questions/ HTTP/1.1" 200 59191
INFO 2025-09-04 14:29:07,953 basehttp "GET /api/forum/questions/ HTTP/1.1" 200 59191
INFO 2025-09-04 14:29:08,584 basehttp "PATCH /api/forum/questions/499/toggle-sticky/ HTTP/1.1" 200 18
INFO 2025-09-04 14:29:09,270 basehttp "GET /api/forum/questions/ HTTP/1.1" 200 59365
INFO 2025-09-04 14:29:10,086 basehttp "POST /api/forum/questions/ HTTP/1.1" 201 323
INFO 2025-09-04 14:29:10,620 basehttp "GET /api/forum/questions/498/ HTTP/1.1" 200 323
INFO 2025-09-04 14:29:11,536 basehttp "GET /api/forum/questions/ HTTP/1.1" 200 59364
INFO 2025-09-04 14:29:13,419 basehttp "GET /api/forum/questions/ HTTP/1.1" 200 59864
INFO 2025-09-04 14:29:14,371 basehttp "POST /api/forum/questions/498/comments/ HTTP/1.1" 201 175
INFO 2025-09-04 14:29:14,921 basehttp "GET /api/forum/questions/ HTTP/1.1" 200 60189
INFO 2025-09-04 14:29:16,291 basehttp "POST /api/forum/questions/ HTTP/1.1" 201 323
INFO 2025-09-04 14:29:17,209 basehttp "GET /api/forum/questions/ HTTP/1.1" 200 60509
INFO 2025-09-04 14:29:17,809 basehttp "GET /api/forum/questions/ HTTP/1.1" 200 60187
INFO 2025-09-04 14:29:17,852 basehttp "GET /api/forum/questions/ HTTP/1.1" 200 60188
INFO 2025-09-04 14:29:18,738 basehttp "PATCH /api/forum/questions/501/toggle-like/ HTTP/1.1" 200 30
INFO 2025-09-04 14:29:18,786 basehttp "GET /api/forum/questions/ HTTP/1.1" 200 60509
INFO 2025-09-04 14:29:18,928 basehttp "GET /api/forum/questions/ HTTP/1.1" 200 60512
INFO 2025-09-04 14:29:19,617 basehttp "POST /api/forum/questions/ HTTP/1.1" 201 323
INFO 2025-09-04 14:29:20,387 basehttp "DELETE /api/forum/questions/494/ HTTP/1.1" 204 0
INFO 2025-09-04 14:29:21,456 basehttp "POST /api/forum/questions/502/comments/ HTTP/1.1" 201 175
INFO 2025-09-04 14:29:21,851 basehttp "GET /api/forum/questions/ HTTP/1.1" 200 61159
INFO 2025-09-04 14:29:26,645 basehttp "GET /api/forum/questions/ HTTP/1.1" 200 61659
INFO 2025-09-04 14:29:26,767 basehttp "POST /api/forum/questions/ HTTP/1.1" 201 323
INFO 2025-09-04 14:29:30,673 basehttp "GET /api/forum/questions/ HTTP/1.1" 200 61483
INFO 2025-09-04 14:29:31,326 basehttp "GET /api/forum/questions/ HTTP/1.1" 200 61484
INFO 2025-09-04 14:29:32,703 basehttp "POST /api/forum/questions/ HTTP/1.1" 201 323
INFO 2025-09-04 14:29:32,939 basehttp "POST /api/forum/questions/ HTTP/1.1" 201 323
INFO 2025-09-04 14:29:34,184 basehttp "POST /api/forum/questions/504/comments/ HTTP/1.1" 201 175
INFO 2025-09-04 14:29:36,311 basehttp "GET /api/forum/questions/504/ HTTP/1.1" 200 498
INFO 2025-09-04 14:29:36,387 basehttp "GET /api/forum/questions/ HTTP/1.1" 200 61807
INFO 2025-09-04 14:29:36,769 basehttp "GET /api/forum/questions/ HTTP/1.1" 200 61806
INFO 2025-09-04 14:29:36,969 basehttp "GET /api/forum/questions/ HTTP/1.1" 200 61806
INFO 2025-09-04 14:29:37,734 basehttp "GET /api/forum/questions/504/ HTTP/1.1" 200 498
INFO 2025-09-04 14:29:37,757 basehttp "POST /api/forum/questions/ HTTP/1.1" 201 323
INFO 2025-09-04 14:29:38,184 basehttp "GET /api/forum/questions/ HTTP/1.1" 200 61807
INFO 2025-09-04 14:29:38,669 basehttp "DELETE /api/forum/questions/457/ HTTP/1.1" 204 0
INFO 2025-09-04 14:29:39,133 basehttp "POST /api/forum/questions/ HTTP/1.1" 201 323
INFO 2025-09-04 14:29:40,418 basehttp "POST /api/forum/questions/ HTTP/1.1" 201 323
INFO 2025-09-04 14:29:40,836 basehttp "GET /api/forum/questions/ HTTP/1.1" 200 61980
INFO 2025-09-04 14:29:40,836 basehttp "POST /api/forum/questions/ HTTP/1.1" 201 323
INFO 2025-09-04 14:29:41,834 basehttp "GET /api/forum/questions/ HTTP/1.1" 200 61980
INFO 2025-09-04 14:29:42,539 basehttp "POST /api/forum/questions/508/comments/ HTTP/1.1" 201 175
INFO 2025-09-04 14:29:44,185 basehttp "GET /api/forum/questions/ HTTP/1.1" 200 62305
INFO 2025-09-04 14:29:44,377 basehttp "POST /api/forum/questions/508/comments/ HTTP/1.1" 201 175
INFO 2025-09-04 14:29:44,620 basehttp "GET /api/forum/questions/ HTTP/1.1" 200 62306
INFO 2025-09-04 14:29:45,652 basehttp "GET /api/forum/questions/498/ HTTP/1.1" 200 498
INFO 2025-09-04 14:29:45,670 basehttp "GET /api/forum/questions/ HTTP/1.1" 200 62305
INFO 2025-09-04 14:29:45,670 basehttp "PATCH /api/forum/questions/508/toggle-like/ HTTP/1.1" 200 30
INFO 2025-09-04 14:29:46,818 basehttp "GET /api/forum/questions/ HTTP/1.1" 200 62805
INFO 2025-09-04 14:29:47,195 basehttp "GET /api/forum/questions/ HTTP/1.1" 200 62802
INFO 2025-09-04 14:29:47,505 basehttp "POST /api/forum/questions/ HTTP/1.1" 201 323
INFO 2025-09-04 14:29:47,635 basehttp "DELETE /api/forum/comments/293/ HTTP/1.1" 204 0
INFO 2025-09-04 14:29:48,000 basehttp "GET /api/forum/questions/ HTTP/1.1" 200 62480
INFO 2025-09-04 14:29:48,204 basehttp "POST /api/forum/questions/ HTTP/1.1" 201 323
INFO 2025-09-04 14:29:48,619 basehttp "POST /api/forum/questions/ HTTP/1.1" 201 323
INFO 2025-09-04 14:29:48,828 basehttp "DELETE /api/forum/questions/498/ HTTP/1.1" 204 0
INFO 2025-09-04 14:29:48,902 basehttp "GET /api/forum/questions/ HTTP/1.1" 200 62478
INFO 2025-09-04 14:29:49,123 basehttp "PATCH /api/forum/questions/510/toggle-sticky/ HTTP/1.1" 200 18
INFO 2025-09-04 14:29:49,304 basehttp "GET /api/forum/questions/ HTTP/1.1" 200 62480
INFO 2025-09-04 14:29:49,705 basehttp "GET /api/forum/questions/ HTTP/1.1" 200 62480
INFO 2025-09-04 14:29:50,211 basehttp "DELETE /api/forum/questions/511/ HTTP/1.1" 204 0
INFO 2025-09-04 14:29:50,492 basehttp "GET /api/forum/questions/502/ HTTP/1.1" 200 498
INFO 2025-09-04 14:29:51,083 basehttp "POST /api/forum/questions/ HTTP/1.1" 201 323
INFO 2025-09-04 14:29:52,236 basehttp "DELETE /api/forum/comments/286/ HTTP/1.1" 204 0
WARNING 2025-09-04 14:29:52,271 log Not Found: /api/forum/comments/289/
INFO 2025-09-04 14:29:52,271 basehttp "POST /api/forum/questions/ HTTP/1.1" 201 323
WARNING 2025-09-04 14:29:52,326 basehttp "DELETE /api/forum/comments/289/ HTTP/1.1" 404 86
INFO 2025-09-04 14:29:52,751 basehttp "GET /api/forum/questions/ HTTP/1.1" 200 62805
INFO 2025-09-04 14:29:53,935 basehttp "POST /api/forum/questions/ HTTP/1.1" 201 323
INFO 2025-09-04 14:29:55,050 basehttp "PATCH /api/forum/questions/513/toggle-like/ HTTP/1.1" 200 30
INFO 2025-09-04 14:29:55,395 basehttp "POST /api/forum/questions/ HTTP/1.1" 201 323
INFO 2025-09-04 14:29:56,270 basehttp "PATCH /api/forum/questions/513/toggle-sticky/ HTTP/1.1" 200 18
INFO 2025-09-04 14:29:56,689 basehttp "GET /api/forum/questions/ HTTP/1.1" 200 62804
INFO 2025-09-04 14:29:56,734 basehttp "GET /api/forum/questions/516/ HTTP/1.1" 200 323
INFO 2025-09-04 14:29:57,171 basehttp "GET /api/forum/questions/ HTTP/1.1" 200 62805
INFO 2025-09-04 14:29:58,288 basehttp "PATCH /api/forum/questions/513/toggle-like/ HTTP/1.1" 200 31
INFO 2025-09-04 14:29:58,406 basehttp "POST /api/forum/questions/ HTTP/1.1" 201 323
INFO 2025-09-04 14:29:58,586 basehttp "PATCH /api/forum/questions/516/toggle-like/ HTTP/1.1" 200 30
INFO 2025-09-04 14:29:59,736 basehttp "GET /api/forum/questions/513/ HTTP/1.1" 200 322
INFO 2025-09-04 14:29:59,836 basehttp "GET /api/forum/questions/ HTTP/1.1" 200 63628
INFO 2025-09-04 14:29:59,869 basehttp "POST /api/forum/questions/ HTTP/1.1" 201 323
INFO 2025-09-04 14:30:00,567 basehttp "DELETE /api/forum/questions/516/ HTTP/1.1" 204 0
INFO 2025-09-04 14:30:01,037 basehttp "PATCH /api/forum/questions/505/toggle-like/ HTTP/1.1" 200 30
INFO 2025-09-04 14:30:01,105 basehttp "POST /api/forum/questions/518/comments/ HTTP/1.1" 201 175
INFO 2025-09-04 14:30:01,877 basehttp "POST /api/forum/questions/513/comments/ HTTP/1.1" 201 175
INFO 2025-09-04 14:30:02,268 basehttp "DELETE /api/forum/questions/505/ HTTP/1.1" 204 0
INFO 2025-09-04 14:30:02,314 basehttp "POST /api/forum/questions/ HTTP/1.1" 201 323
INFO 2025-09-04 14:30:03,135 basehttp "DELETE /api/forum/comments/295/ HTTP/1.1" 204 0
INFO 2025-09-04 14:30:03,655 basehttp "GET /api/forum/questions/519/ HTTP/1.1" 200 323
INFO 2025-09-04 14:30:04,035 basehttp "GET /api/forum/questions/ HTTP/1.1" 200 63951
INFO 2025-09-04 14:30:05,352 basehttp "PATCH /api/forum/questions/500/toggle-like/ HTTP/1.1" 200 30
INFO 2025-09-04 14:30:05,445 basehttp "GET /api/forum/questions/519/ HTTP/1.1" 200 323
INFO 2025-09-04 14:30:06,754 basehttp "POST /api/forum/questions/ HTTP/1.1" 201 323
INFO 2025-09-04 14:30:07,061 basehttp "POST /api/forum/questions/519/comments/ HTTP/1.1" 201 175
INFO 2025-09-04 14:30:07,480 basehttp "GET /api/forum/questions/ HTTP/1.1" 200 64773
INFO 2025-09-04 14:30:08,622 basehttp "GET /api/forum/questions/ HTTP/1.1" 200 64951
INFO 2025-09-04 14:30:09,034 basehttp "GET /api/forum/questions/519/ HTTP/1.1" 200 498
INFO 2025-09-04 14:30:09,488 basehttp "GET /api/forum/questions/ HTTP/1.1" 200 64950
INFO 2025-09-04 14:30:10,038 basehttp "DELETE /api/forum/questions/509/ HTTP/1.1" 204 0
INFO 2025-09-04 14:30:10,450 basehttp "GET /api/forum/questions/ HTTP/1.1" 200 64951
INFO 2025-09-04 14:30:11,686 basehttp "POST /api/forum/questions/ HTTP/1.1" 201 323
INFO 2025-09-04 14:30:16,824 basehttp "GET /api/forum/questions/ HTTP/1.1" 200 65246
INFO 2025-09-04 14:30:17,261 basehttp "GET /api/forum/questions/ HTTP/1.1" 200 65247
INFO 2025-09-04 14:30:18,113 basehttp "PATCH /api/forum/questions/508/toggle-like/ HTTP/1.1" 200 31
INFO 2025-09-04 14:30:18,435 basehttp "GET /api/forum/questions/ HTTP/1.1" 200 64920
INFO 2025-09-04 14:30:19,715 basehttp "POST /api/forum/questions/ HTTP/1.1" 201 323
INFO 2025-09-04 14:30:20,495 basehttp "GET /api/forum/questions/ HTTP/1.1" 200 65246
INFO 2025-09-04 14:30:21,133 basehttp "POST /api/forum/questions/522/comments/ HTTP/1.1" 201 175
INFO 2025-09-04 14:30:21,471 basehttp "GET /api/forum/questions/ HTTP/1.1" 200 65246
INFO 2025-09-04 14:30:21,536 basehttp "POST /api/forum/questions/508/comments/ HTTP/1.1" 201 175
INFO 2025-09-04 14:30:21,880 basehttp "GET /api/forum/questions/ HTTP/1.1" 200 65069
INFO 2025-09-04 14:30:22,385 basehttp "GET /api/forum/questions/501/ HTTP/1.1" 200 322
INFO 2025-09-04 14:30:22,656 basehttp "GET /api/forum/questions/ HTTP/1.1" 200 65396
INFO 2025-09-04 14:30:22,801 basehttp "PATCH /api/forum/questions/508/toggle-sticky/ HTTP/1.1" 200 18
INFO 2025-09-04 14:30:23,246 basehttp "GET /api/forum/questions/ HTTP/1.1" 200 65395
INFO 2025-09-04 14:30:23,670 basehttp "GET /api/forum/questions/ HTTP/1.1" 200 65718
INFO 2025-09-04 14:30:24,418 basehttp "POST /api/forum/questions/501/comments/ HTTP/1.1" 201 175
INFO 2025-09-04 14:30:24,760 basehttp "DELETE /api/forum/questions/508/ HTTP/1.1" 204 0
INFO 2025-09-04 14:30:27,226 basehttp "GET /api/forum/questions/ HTTP/1.1" 200 66042
INFO 2025-09-04 14:30:27,923 basehttp "DELETE /api/forum/comments/299/ HTTP/1.1" 204 0
INFO 2025-09-04 14:30:28,040 basehttp "GET /api/forum/questions/ HTTP/1.1" 200 66367
WARNING 2025-09-04 14:30:30,025 log Not Found: /api/forum/comments/287/
WARNING 2025-09-04 14:30:30,054 basehttp "DELETE /api/forum/comments/287/ HTTP/1.1" 404 86
INFO 2025-09-04 14:30:33,132 basehttp "GET /api/forum/questions/ HTTP/1.1" 200 66716
INFO 2025-09-04 14:30:35,994 basehttp "POST /api/forum/questions/ HTTP/1.1" 201 323
INFO 2025-09-04 14:30:36,143 basehttp "GET /api/forum/questions/513/ HTTP/1.1" 200 322
INFO 2025-09-04 14:30:36,426 basehttp "GET /api/forum/questions/ HTTP/1.1" 200 67039
INFO 2025-09-04 14:30:36,798 basehttp "GET /api/forum/questions/ HTTP/1.1" 200 67041
INFO 2025-09-04 14:30:37,313 basehttp "GET /api/forum/questions/ HTTP/1.1" 200 67039
INFO 2025-09-04 14:30:37,436 basehttp "GET /api/forum/questions/513/ HTTP/1.1" 200 322
INFO 2025-09-04 14:30:37,809 basehttp "PATCH /api/forum/questions/500/toggle-like/ HTTP/1.1" 200 31
INFO 2025-09-04 14:30:38,802 basehttp "GET /api/forum/questions/ HTTP/1.1" 200 67041
INFO 2025-09-04 14:30:39,166 basehttp "POST /api/forum/questions/ HTTP/1.1" 201 323
INFO 2025-09-04 14:30:39,204 basehttp "GET /api/forum/questions/ HTTP/1.1" 200 66716
INFO 2025-09-04 14:30:40,760 basehttp "PATCH /api/forum/questions/524/toggle-like/ HTTP/1.1" 200 30
INFO 2025-09-04 14:30:40,788 basehttp "GET /api/forum/questions/ HTTP/1.1" 200 67041
INFO 2025-09-04 14:30:41,111 basehttp "PATCH /api/forum/questions/519/toggle-sticky/ HTTP/1.1" 200 18
INFO 2025-09-04 14:30:41,585 basehttp "DELETE /api/forum/comments/282/ HTTP/1.1" 204 0
INFO 2025-09-04 14:30:42,425 basehttp "GET /api/forum/questions/ HTTP/1.1" 200 67040
INFO 2025-09-04 14:30:42,791 basehttp "POST /api/forum/questions/ HTTP/1.1" 201 323
INFO 2025-09-04 14:30:42,836 basehttp "PATCH /api/forum/questions/524/toggle-sticky/ HTTP/1.1" 200 18
INFO 2025-09-04 14:30:44,170 basehttp "GET /api/forum/questions/ HTTP/1.1" 200 67041
INFO 2025-09-04 14:30:44,353 basehttp "PATCH /api/forum/questions/521/toggle-sticky/ HTTP/1.1" 200 18
INFO 2025-09-04 14:30:44,653 basehttp "POST /api/forum/questions/ HTTP/1.1" 201 323
INFO 2025-09-04 14:30:46,827 basehttp "GET /api/forum/questions/526/ HTTP/1.1" 200 323
INFO 2025-09-04 14:30:48,783 basehttp "PATCH /api/forum/questions/526/toggle-like/ HTTP/1.1" 200 30
INFO 2025-09-04 14:30:50,407 basehttp "GET /api/forum/questions/ HTTP/1.1" 200 67537
INFO 2025-09-04 14:30:50,837 basehttp "PATCH /api/forum/questions/526/toggle-sticky/ HTTP/1.1" 200 18
INFO 2025-09-04 14:30:51,799 basehttp "GET /api/forum/questions/ HTTP/1.1" 200 67889
INFO 2025-09-04 14:30:52,351 basehttp "POST /api/forum/questions/ HTTP/1.1" 201 323
INFO 2025-09-04 14:30:53,283 basehttp "DELETE /api/forum/comments/290/ HTTP/1.1" 204 0
INFO 2025-09-04 14:30:53,739 basehttp "GET /api/forum/questions/ HTTP/1.1" 200 67039
INFO 2025-09-04 14:30:53,969 basehttp "GET /api/forum/questions/ HTTP/1.1" 200 67040
INFO 2025-09-04 14:30:54,031 basehttp "POST /api/forum/questions/527/comments/ HTTP/1.1" 201 175
INFO 2025-09-04 14:30:55,285 basehttp "GET /api/forum/questions/ HTTP/1.1" 200 67041
INFO 2025-09-04 14:30:55,352 basehttp "GET /api/forum/questions/ HTTP/1.1" 200 67038
INFO 2025-09-04 14:30:55,739 basehttp "POST /api/forum/questions/527/comments/ HTTP/1.1" 201 175
INFO 2025-09-04 14:30:56,920 basehttp "GET /api/forum/questions/ HTTP/1.1" 200 67041
INFO 2025-09-04 14:30:57,528 basehttp "GET /api/forum/questions/527/ HTTP/1.1" 200 674
INFO 2025-09-04 14:30:58,567 basehttp "GET /api/forum/questions/ HTTP/1.1" 200 67040
INFO 2025-09-04 14:31:00,235 basehttp "POST /api/forum/questions/ HTTP/1.1" 201 323
WARNING 2025-09-04 14:31:01,337 log Not Found: /api/forum/comments/298/
WARNING 2025-09-04 14:31:01,369 basehttp "DELETE /api/forum/comments/298/ HTTP/1.1" 404 86
INFO 2025-09-04 14:31:02,993 basehttp "GET /api/forum/questions/ HTTP/1.1" 200 67041
INFO 2025-09-04 14:31:06,991 basehttp "GET /api/forum/questions/ HTTP/1.1" 200 67189
INFO 2025-09-04 14:31:07,202 basehttp "GET /api/forum/questions/ HTTP/1.1" 200 67189
INFO 2025-09-04 14:31:07,686 basehttp "GET /api/forum/questions/ HTTP/1.1" 200 67188
INFO 2025-09-04 14:31:08,657 basehttp "GET /api/forum/questions/ HTTP/1.1" 200 67512
INFO 2025-09-04 14:31:08,868 basehttp "DELETE /api/forum/questions/520/ HTTP/1.1" 204 0
INFO 2025-09-04 14:31:09,988 basehttp "PATCH /api/forum/questions/523/toggle-like/ HTTP/1.1" 200 30
INFO 2025-09-04 14:31:10,418 basehttp "POST /api/forum/questions/513/comments/ HTTP/1.1" 201 175
INFO 2025-09-04 14:31:12,108 basehttp "GET /api/forum/questions/ HTTP/1.1" 200 67833
INFO 2025-09-04 14:31:12,242 basehttp "PATCH /api/forum/questions/513/toggle-sticky/ HTTP/1.1" 200 19
INFO 2025-09-04 14:31:12,984 basehttp "GET /api/forum/questions/ HTTP/1.1" 200 67834
INFO 2025-09-04 14:31:13,869 basehttp "POST /api/forum/questions/ HTTP/1.1" 201 323
INFO 2025-09-04 14:31:15,453 basehttp "GET /api/forum/questions/ HTTP/1.1" 200 68157
INFO 2025-09-04 14:31:15,791 basehttp "GET /api/forum/questions/529/ HTTP/1.1" 200 323
INFO 2025-09-04 14:31:16,327 basehttp "GET /api/forum/questions/ HTTP/1.1" 200 68158
INFO 2025-09-04 14:31:17,253 basehttp "PATCH /api/forum/questions/529/toggle-like/ HTTP/1.1" 200 30
INFO 2025-09-04 14:31:17,669 basehttp "GET /api/forum/questions/521/ HTTP/1.1" 200 322
INFO 2025-09-04 14:31:18,837 basehttp "POST /api/forum/questions/ HTTP/1.1" 201 323
INFO 2025-09-04 14:31:18,934 basehttp "GET /api/forum/questions/ HTTP/1.1" 200 67983
INFO 2025-09-04 14:31:19,155 basehttp "PATCH /api/forum/questions/529/toggle-sticky/ HTTP/1.1" 200 18
INFO 2025-09-04 14:31:19,543 basehttp "DELETE /api/forum/comments/253/ HTTP/1.1" 204 0
INFO 2025-09-04 14:31:20,327 basehttp "DELETE /api/forum/questions/530/ HTTP/1.1" 204 0
INFO 2025-09-04 14:31:20,905 basehttp "DELETE /api/forum/questions/521/ HTTP/1.1" 204 0
INFO 2025-09-04 14:31:20,955 basehttp "PATCH /api/forum/questions/529/toggle-like/ HTTP/1.1" 200 31
INFO 2025-09-04 14:31:21,175 basehttp "GET /api/forum/questions/ HTTP/1.1" 200 67979
INFO 2025-09-04 14:31:22,285 basehttp "GET /api/forum/questions/529/ HTTP/1.1" 200 322
INFO 2025-09-04 14:31:23,134 basehttp "GET /api/forum/questions/526/ HTTP/1.1" 200 321
INFO 2025-09-04 14:31:23,750 basehttp "GET /api/forum/questions/ HTTP/1.1" 200 68656
INFO 2025-09-04 14:31:24,075 basehttp "GET /api/forum/questions/ HTTP/1.1" 200 68655
INFO 2025-09-04 14:31:24,236 basehttp "GET /api/forum/questions/ HTTP/1.1" 200 68657
INFO 2025-09-04 14:31:24,936 basehttp "GET /api/forum/questions/502/ HTTP/1.1" 200 323
INFO 2025-09-04 14:31:25,734 basehttp "POST /api/forum/questions/ HTTP/1.1" 201 323
INFO 2025-09-04 14:31:26,323 basehttp "POST /api/forum/questions/ HTTP/1.1" 201 323
INFO 2025-09-04 14:31:26,433 basehttp "GET /api/forum/questions/ HTTP/1.1" 200 68656
INFO 2025-09-04 14:31:27,153 basehttp "POST /api/forum/questions/ HTTP/1.1" 201 323
INFO 2025-09-04 14:31:27,604 basehttp "POST /api/forum/questions/532/comments/ HTTP/1.1" 201 175
INFO 2025-09-04 14:31:28,440 basehttp "POST /api/forum/questions/ HTTP/1.1" 201 323
INFO 2025-09-04 14:31:28,590 basehttp "POST /api/forum/questions/533/comments/ HTTP/1.1" 201 175
INFO 2025-09-04 14:31:29,017 basehttp "GET /api/forum/questions/ HTTP/1.1" 200 68656
INFO 2025-09-04 14:31:29,199 basehttp "GET /api/forum/questions/ HTTP/1.1" 200 68654
INFO 2025-09-04 14:31:29,750 basehttp "PATCH /api/forum/questions/534/toggle-like/ HTTP/1.1" 200 30
INFO 2025-09-04 14:31:30,604 basehttp "GET /api/forum/questions/533/ HTTP/1.1" 200 498
INFO 2025-09-04 14:31:30,645 basehttp "GET /api/forum/questions/501/ HTTP/1.1" 200 322
INFO 2025-09-04 14:31:30,950 basehttp "DELETE /api/forum/comments/301/ HTTP/1.1" 204 0
INFO 2025-09-04 14:31:31,319 basehttp "GET /api/forum/questions/ HTTP/1.1" 200 68978
INFO 2025-09-04 14:31:31,752 basehttp "GET /api/forum/questions/ HTTP/1.1" 200 68981
INFO 2025-09-04 14:31:32,332 basehttp "DELETE /api/forum/questions/501/ HTTP/1.1" 204 0
INFO 2025-09-04 14:31:32,934 basehttp "PATCH /api/forum/questions/527/toggle-like/ HTTP/1.1" 200 30
INFO 2025-09-04 14:31:33,570 basehttp "GET /api/forum/questions/528/ HTTP/1.1" 200 323
INFO 2025-09-04 14:31:35,021 basehttp "PATCH /api/forum/questions/528/toggle-sticky/ HTTP/1.1" 200 18
INFO 2025-09-04 14:31:35,352 basehttp "GET /api/forum/questions/ HTTP/1.1" 200 68981
INFO 2025-09-04 14:31:35,719 basehttp "GET /api/forum/questions/527/ HTTP/1.1" 200 497
INFO 2025-09-04 14:31:36,670 basehttp "PATCH /api/forum/questions/528/toggle-sticky/ HTTP/1.1" 200 19
INFO 2025-09-04 14:31:37,560 basehttp "GET /api/forum/questions/ HTTP/1.1" 200 68981
INFO 2025-09-04 14:31:38,145 basehttp "GET /api/forum/questions/ HTTP/1.1" 200 68656
INFO 2025-09-04 14:31:38,344 basehttp "POST /api/forum/questions/ HTTP/1.1" 201 323
INFO 2025-09-04 14:31:39,485 basehttp "DELETE /api/forum/questions/535/ HTTP/1.1" 204 0
INFO 2025-09-04 14:31:42,023 basehttp "GET /api/forum/questions/ HTTP/1.1" 200 68657
INFO 2025-09-04 14:31:42,869 basehttp "GET /api/forum/questions/ HTTP/1.1" 200 68981
INFO 2025-09-04 14:31:43,245 basehttp "PATCH /api/forum/questions/523/toggle-like/ HTTP/1.1" 200 31
INFO 2025-09-04 14:31:44,518 basehttp "GET /api/forum/questions/525/ HTTP/1.1" 200 323
INFO 2025-09-04 14:31:45,151 basehttp "POST /api/forum/questions/523/comments/ HTTP/1.1" 201 175
INFO 2025-09-04 14:31:45,810 basehttp "POST /api/forum/questions/ HTTP/1.1" 201 323
INFO 2025-09-04 14:31:46,670 basehttp "PATCH /api/forum/questions/525/toggle-like/ HTTP/1.1" 200 30
INFO 2025-09-04 14:31:46,952 basehttp "GET /api/forum/questions/ HTTP/1.1" 200 68980
INFO 2025-09-04 14:31:47,903 basehttp "POST /api/forum/questions/536/comments/ HTTP/1.1" 201 175
INFO 2025-09-04 14:31:48,474 basehttp "DELETE /api/forum/questions/525/ HTTP/1.1" 204 0
INFO 2025-09-04 14:31:48,683 basehttp "POST /api/forum/questions/ HTTP/1.1" 201 323
INFO 2025-09-04 14:31:49,952 basehttp "POST /api/forum/questions/536/comments/ HTTP/1.1" 201 175
INFO 2025-09-04 14:31:50,618 basehttp "GET /api/forum/questions/537/ HTTP/1.1" 200 323
INFO 2025-09-04 14:31:50,623 basehttp "GET /api/forum/questions/ HTTP/1.1" 200 68658
INFO 2025-09-04 14:31:50,724 basehttp "GET /api/forum/questions/ HTTP/1.1" 200 68658
INFO 2025-09-04 14:31:50,883 basehttp "GET /api/forum/questions/ HTTP/1.1" 200 68657
INFO 2025-09-04 14:31:51,352 basehttp "GET /api/forum/questions/ HTTP/1.1" 200 68658
INFO 2025-09-04 14:31:51,835 basehttp "POST /api/forum/questions/ HTTP/1.1" 201 323
INFO 2025-09-04 14:31:52,097 basehttp "GET /api/forum/questions/ HTTP/1.1" 200 68657
INFO 2025-09-04 14:31:52,453 basehttp "GET /api/forum/questions/ HTTP/1.1" 200 68655
INFO 2025-09-04 14:31:52,652 basehttp "PATCH /api/forum/questions/537/toggle-sticky/ HTTP/1.1" 200 18
INFO 2025-09-04 14:31:53,619 basehttp "GET /api/forum/questions/538/ HTTP/1.1" 200 323
INFO 2025-09-04 14:31:53,667 basehttp "POST /api/forum/questions/526/comments/ HTTP/1.1" 201 175
INFO 2025-09-04 14:31:54,319 basehttp "GET /api/forum/questions/529/ HTTP/1.1" 200 322
INFO 2025-09-04 14:31:54,586 basehttp "GET /api/forum/questions/537/ HTTP/1.1" 200 322
INFO 2025-09-04 14:31:55,034 basehttp "DELETE /api/forum/questions/526/ HTTP/1.1" 204 0
INFO 2025-09-04 14:31:55,491 basehttp "POST /api/forum/questions/ HTTP/1.1" 201 323
INFO 2025-09-04 14:31:56,101 basehttp "GET /api/forum/questions/ HTTP/1.1" 200 69980
INFO 2025-09-04 14:31:56,614 basehttp "DELETE /api/forum/questions/539/ HTTP/1.1" 204 0
INFO 2025-09-04 14:31:57,385 basehttp "GET /api/forum/questions/ HTTP/1.1" 200 70127
INFO 2025-09-04 14:31:57,751 basehttp "POST /api/forum/questions/ HTTP/1.1" 201 323
INFO 2025-09-04 14:31:57,826 basehttp "GET /api/forum/questions/531/ HTTP/1.1" 200 323
INFO 2025-09-04 14:31:58,318 basehttp "DELETE /api/forum/comments/307/ HTTP/1.1" 204 0
INFO 2025-09-04 14:31:59,048 basehttp "PATCH /api/forum/questions/532/toggle-like/ HTTP/1.1" 200 30
INFO 2025-09-04 14:31:59,066 basehttp "DELETE /api/forum/questions/531/ HTTP/1.1" 204 0
INFO 2025-09-04 14:31:59,307 basehttp "GET /api/forum/questions/ HTTP/1.1" 200 70126
INFO 2025-09-04 14:31:59,617 basehttp "POST /api/forum/questions/540/comments/ HTTP/1.1" 201 175
INFO 2025-09-04 14:31:59,934 basehttp "POST /api/forum/questions/ HTTP/1.1" 201 323
INFO 2025-09-04 14:31:59,951 basehttp "GET /api/forum/questions/ HTTP/1.1" 200 70126
INFO 2025-09-04 14:32:00,526 basehttp "POST /api/forum/questions/ HTTP/1.1" 201 323
INFO 2025-09-04 14:32:00,920 basehttp "DELETE /api/forum/comments/309/ HTTP/1.1" 204 0
INFO 2025-09-04 14:32:01,093 basehttp "DELETE /api/forum/questions/533/ HTTP/1.1" 204 0
INFO 2025-09-04 14:32:01,273 basehttp "GET /api/forum/questions/534/ HTTP/1.1" 200 322
INFO 2025-09-04 14:32:01,372 basehttp "GET /api/forum/questions/ HTTP/1.1" 200 69804
INFO 2025-09-04 14:32:01,566 basehttp "PATCH /api/forum/questions/541/toggle-sticky/ HTTP/1.1" 200 18
INFO 2025-09-04 14:32:02,271 basehttp "POST /api/forum/questions/542/comments/ HTTP/1.1" 201 175
INFO 2025-09-04 14:32:02,634 basehttp "POST /api/forum/questions/ HTTP/1.1" 201 323
WARNING 2025-09-04 14:32:02,672 log Not Found: /api/forum/comments/304/
WARNING 2025-09-04 14:32:02,718 basehttp "DELETE /api/forum/comments/304/ HTTP/1.1" 404 86
INFO 2025-09-04 14:32:03,353 basehttp "GET /api/forum/questions/ HTTP/1.1" 200 69803
INFO 2025-09-04 14:32:03,474 basehttp "GET /api/forum/questions/541/ HTTP/1.1" 200 322
INFO 2025-09-04 14:32:03,534 basehttp "POST /api/forum/questions/ HTTP/1.1" 201 323
INFO 2025-09-04 14:32:03,966 basehttp "GET /api/forum/questions/ HTTP/1.1" 200 69800
INFO 2025-09-04 14:32:04,067 basehttp "POST /api/forum/questions/ HTTP/1.1" 201 323
INFO 2025-09-04 14:32:04,368 basehttp "POST /api/forum/questions/ HTTP/1.1" 201 323
INFO 2025-09-04 14:32:05,051 basehttp "POST /api/forum/questions/544/comments/ HTTP/1.1" 201 175
INFO 2025-09-04 14:32:05,367 basehttp "GET /api/forum/questions/ HTTP/1.1" 200 69803
INFO 2025-09-04 14:32:06,326 basehttp "POST /api/forum/questions/546/comments/ HTTP/1.1" 201 175
INFO 2025-09-04 14:32:06,364 basehttp "PATCH /api/forum/questions/544/toggle-sticky/ HTTP/1.1" 200 18
INFO 2025-09-04 14:32:06,757 basehttp "PATCH /api/forum/questions/527/toggle-like/ HTTP/1.1" 200 31
INFO 2025-09-04 14:32:07,818 basehttp "GET /api/forum/questions/ HTTP/1.1" 200 69979
INFO 2025-09-04 14:32:08,166 basehttp "PATCH /api/forum/questions/546/toggle-sticky/ HTTP/1.1" 200 18
INFO 2025-09-04 14:32:08,419 basehttp "DELETE /api/forum/questions/544/ HTTP/1.1" 204 0
INFO 2025-09-04 14:32:09,693 basehttp "GET /api/forum/questions/546/ HTTP/1.1" 200 497
INFO 2025-09-04 14:32:10,470 basehttp "POST /api/forum/questions/ HTTP/1.1" 201 323
INFO 2025-09-04 14:32:11,041 basehttp "DELETE /api/forum/questions/546/ HTTP/1.1" 204 0
INFO 2025-09-04 14:32:12,720 basehttp "GET /api/forum/questions/ HTTP/1.1" 200 70478
INFO 2025-09-04 14:32:14,431 basehttp "GET /api/forum/questions/523/ HTTP/1.1" 200 498
WARNING 2025-09-04 14:32:14,705 log Not Found: /api/forum/comments/312/
WARNING 2025-09-04 14:32:14,734 basehttp "DELETE /api/forum/comments/312/ HTTP/1.1" 404 86
INFO 2025-09-04 14:32:17,000 basehttp "DELETE /api/forum/questions/523/ HTTP/1.1" 204 0
INFO 2025-09-04 14:32:18,301 basehttp "GET /api/forum/questions/ HTTP/1.1" 200 70653
INFO 2025-09-04 14:32:19,115 basehttp "GET /api/forum/questions/ HTTP/1.1" 200 70978
INFO 2025-09-04 14:32:21,514 basehttp "GET /api/forum/questions/ HTTP/1.1" 200 71151
WARNING 2025-09-04 14:32:21,809 log Not Found: /api/forum/comments/305/
INFO 2025-09-04 14:32:21,835 basehttp "GET /api/forum/questions/ HTTP/1.1" 200 71152
WARNING 2025-09-04 14:32:21,841 basehttp "DELETE /api/forum/comments/305/ HTTP/1.1" 404 86
INFO 2025-09-04 14:32:23,627 basehttp "GET /api/forum/questions/ HTTP/1.1" 200 70801
INFO 2025-09-04 14:32:24,917 basehttp "GET /api/forum/questions/ HTTP/1.1" 200 70476
INFO 2025-09-04 14:32:26,254 basehttp "GET /api/forum/questions/ HTTP/1.1" 200 70975
INFO 2025-09-04 14:32:27,776 basehttp "POST /api/forum/questions/ HTTP/1.1" 201 323
INFO 2025-09-04 14:32:29,652 basehttp "GET /api/forum/questions/ HTTP/1.1" 200 71126
INFO 2025-09-04 14:32:29,693 basehttp "PATCH /api/forum/questions/548/toggle-like/ HTTP/1.1" 200 30
INFO 2025-09-04 14:32:31,369 basehttp "PATCH /api/forum/questions/548/toggle-like/ HTTP/1.1" 200 31
INFO 2025-09-04 14:32:32,666 basehttp "GET /api/forum/questions/ HTTP/1.1" 200 71622
INFO 2025-09-04 14:32:32,840 basehttp "GET /api/forum/questions/548/ HTTP/1.1" 200 323
INFO 2025-09-04 14:32:34,393 basehttp "POST /api/forum/questions/ HTTP/1.1" 201 323
INFO 2025-09-04 14:32:34,552 basehttp "GET /api/forum/questions/ HTTP/1.1" 200 72447
INFO 2025-09-04 14:32:34,702 basehttp "POST /api/forum/questions/ HTTP/1.1" 201 323
INFO 2025-09-04 14:32:35,069 basehttp "GET /api/forum/questions/ HTTP/1.1" 200 72445
INFO 2025-09-04 14:32:35,934 basehttp "GET /api/forum/questions/550/ HTTP/1.1" 200 323
INFO 2025-09-04 14:32:36,033 basehttp "GET /api/forum/questions/ HTTP/1.1" 200 72446
INFO 2025-09-04 14:32:36,482 basehttp "POST /api/forum/questions/ HTTP/1.1" 201 323
INFO 2025-09-04 14:32:36,717 basehttp "GET /api/forum/questions/ HTTP/1.1" 200 72443
INFO 2025-09-04 14:32:37,342 basehttp "GET /api/forum/questions/ HTTP/1.1" 200 72446
INFO 2025-09-04 14:32:38,000 basehttp "POST /api/forum/questions/ HTTP/1.1" 201 323
INFO 2025-09-04 14:32:38,066 basehttp "POST /api/forum/questions/ HTTP/1.1" 201 323
INFO 2025-09-04 14:32:38,359 basehttp "GET /api/forum/questions/ HTTP/1.1" 200 71944
INFO 2025-09-04 14:32:38,475 basehttp "PATCH /api/forum/questions/551/toggle-like/ HTTP/1.1" 200 30
INFO 2025-09-04 14:32:39,334 basehttp "PATCH /api/forum/questions/553/toggle-like/ HTTP/1.1" 200 30
INFO 2025-09-04 14:32:39,386 basehttp "POST /api/forum/questions/ HTTP/1.1" 201 323
INFO 2025-09-04 14:32:39,685 basehttp "POST /api/forum/questions/552/comments/ HTTP/1.1" 201 175
INFO 2025-09-04 14:32:39,900 basehttp "DELETE /api/forum/questions/527/ HTTP/1.1" 204 0
INFO 2025-09-04 14:32:39,933 basehttp "PATCH /api/forum/questions/551/toggle-like/ HTTP/1.1" 200 31
INFO 2025-09-04 14:32:41,226 basehttp "POST /api/forum/questions/ HTTP/1.1" 201 323
INFO 2025-09-04 14:32:41,344 basehttp "GET /api/forum/questions/ HTTP/1.1" 200 71773
INFO 2025-09-04 14:32:41,350 basehttp "PATCH /api/forum/questions/554/toggle-like/ HTTP/1.1" 200 30
INFO 2025-09-04 14:32:41,717 basehttp "DELETE /api/forum/questions/551/ HTTP/1.1" 204 0
INFO 2025-09-04 14:32:42,786 basehttp "GET /api/forum/questions/ HTTP/1.1" 200 71598
INFO 2025-09-04 14:32:42,999 basehttp "GET /api/forum/questions/ HTTP/1.1" 200 71597
INFO 2025-09-04 14:32:43,035 basehttp "DELETE /api/forum/questions/554/ HTTP/1.1" 204 0
INFO 2025-09-04 14:32:43,193 basehttp "GET /api/forum/questions/547/ HTTP/1.1" 200 323
INFO 2025-09-04 14:32:44,716 basehttp "GET /api/forum/questions/ HTTP/1.1" 200 71596
INFO 2025-09-04 14:32:44,719 basehttp "PATCH /api/forum/questions/547/toggle-sticky/ HTTP/1.1" 200 18
INFO 2025-09-04 14:32:45,660 basehttp "POST /api/forum/questions/ HTTP/1.1" 201 323
INFO 2025-09-04 14:32:45,819 basehttp "POST /api/forum/questions/ HTTP/1.1" 201 323
INFO 2025-09-04 14:32:46,379 basehttp "PATCH /api/forum/questions/547/toggle-sticky/ HTTP/1.1" 200 19
INFO 2025-09-04 14:32:47,418 basehttp "POST /api/forum/questions/ HTTP/1.1" 201 323
INFO 2025-09-04 14:32:47,917 basehttp "DELETE /api/forum/questions/547/ HTTP/1.1" 204 0
INFO 2025-09-04 14:32:48,753 basehttp "GET /api/forum/questions/ HTTP/1.1" 200 71273
WARNING 2025-09-04 14:32:49,102 log Not Found: /api/forum/comments/311/
WARNING 2025-09-04 14:32:49,150 basehttp "DELETE /api/forum/comments/311/ HTTP/1.1" 404 86
INFO 2025-09-04 14:32:50,200 basehttp "GET /api/forum/questions/ HTTP/1.1" 200 71273
INFO 2025-09-04 14:32:50,410 basehttp "GET /api/forum/questions/ HTTP/1.1" 200 71274
INFO 2025-09-04 14:32:50,570 basehttp "PATCH /api/forum/questions/556/toggle-like/ HTTP/1.1" 200 30
INFO 2025-09-04 14:32:50,967 basehttp "POST /api/forum/questions/ HTTP/1.1" 201 323
INFO 2025-09-04 14:32:51,302 basehttp "GET /api/forum/questions/ HTTP/1.1" 200 71273
INFO 2025-09-04 14:32:52,683 basehttp "POST /api/forum/questions/ HTTP/1.1" 201 323
INFO 2025-09-04 14:32:52,852 basehttp "GET /api/forum/questions/529/ HTTP/1.1" 200 322
INFO 2025-09-04 14:32:54,166 basehttp "PATCH /api/forum/questions/560/toggle-like/ HTTP/1.1" 200 30
INFO 2025-09-04 14:32:54,297 basehttp "GET /api/forum/questions/529/ HTTP/1.1" 200 322
INFO 2025-09-04 14:32:55,483 basehttp "PATCH /api/forum/questions/560/toggle-like/ HTTP/1.1" 200 31
INFO 2025-09-04 14:32:55,868 basehttp "DELETE /api/forum/comments/302/ HTTP/1.1" 204 0
INFO 2025-09-04 14:32:57,083 basehttp "POST /api/forum/questions/560/comments/ HTTP/1.1" 201 175
INFO 2025-09-04 14:32:57,766 basehttp "PATCH /api/forum/questions/529/toggle-sticky/ HTTP/1.1" 200 19
INFO 2025-09-04 14:32:58,032 basehttp "GET /api/forum/questions/ HTTP/1.1" 200 71598
INFO 2025-09-04 14:32:58,946 basehttp "POST /api/forum/questions/ HTTP/1.1" 201 323
INFO 2025-09-04 14:32:59,800 basehttp "POST /api/forum/questions/529/comments/ HTTP/1.1" 201 175
INFO 2025-09-04 14:32:59,891 basehttp "GET /api/forum/questions/ HTTP/1.1" 200 71598
INFO 2025-09-04 14:33:00,811 basehttp "PATCH /api/forum/questions/561/toggle-like/ HTTP/1.1" 200 30
INFO 2025-09-04 14:33:00,988 basehttp "PATCH /api/forum/questions/529/toggle-like/ HTTP/1.1" 200 30
INFO 2025-09-04 14:33:02,512 basehttp "POST /api/forum/questions/ HTTP/1.1" 201 323
INFO 2025-09-04 14:33:03,517 basehttp "GET /api/forum/questions/ HTTP/1.1" 200 72069
INFO 2025-09-04 14:33:04,316 basehttp "GET /api/forum/questions/ HTTP/1.1" 200 72393
INFO 2025-09-04 14:33:05,400 basehttp "GET /api/forum/questions/ HTTP/1.1" 200 72393
INFO 2025-09-04 14:33:06,501 basehttp "POST /api/forum/questions/ HTTP/1.1" 201 323
INFO 2025-09-04 14:33:06,735 basehttp "POST /api/forum/questions/ HTTP/1.1" 201 323
INFO 2025-09-04 14:33:06,921 basehttp "GET /api/forum/questions/ HTTP/1.1" 200 73218
INFO 2025-09-04 14:33:07,467 basehttp "PATCH /api/forum/questions/550/toggle-like/ HTTP/1.1" 200 30
INFO 2025-09-04 14:33:09,132 basehttp "GET /api/forum/questions/550/ HTTP/1.1" 200 322
INFO 2025-09-04 14:33:09,668 basehttp "GET /api/forum/questions/ HTTP/1.1" 200 73542
INFO 2025-09-04 14:33:10,113 basehttp "GET /api/forum/questions/ HTTP/1.1" 200 73538
INFO 2025-09-04 14:33:10,434 basehttp "DELETE /api/forum/questions/564/ HTTP/1.1" 204 0
INFO 2025-09-04 14:33:10,526 basehttp "POST /api/forum/questions/ HTTP/1.1" 201 323
INFO 2025-09-04 14:33:10,951 basehttp "DELETE /api/forum/comments/313/ HTTP/1.1" 204 0
INFO 2025-09-04 14:33:12,618 basehttp "DELETE /api/forum/questions/552/ HTTP/1.1" 204 0
INFO 2025-09-04 14:33:14,116 basehttp "POST /api/forum/questions/ HTTP/1.1" 201 323
INFO 2025-09-04 14:33:14,435 basehttp "GET /api/forum/questions/ HTTP/1.1" 200 72890
INFO 2025-09-04 14:33:14,565 basehttp "GET /api/forum/questions/553/ HTTP/1.1" 200 322
INFO 2025-09-04 14:33:15,918 basehttp "GET /api/forum/questions/566/ HTTP/1.1" 200 323
INFO 2025-09-04 14:33:16,162 basehttp "DELETE /api/forum/questions/555/ HTTP/1.1" 204 0
INFO 2025-09-04 14:33:19,351 basehttp "GET /api/forum/questions/ HTTP/1.1" 200 73540
INFO 2025-09-04 14:33:20,121 basehttp "GET /api/forum/questions/ HTTP/1.1" 200 73540
INFO 2025-09-04 14:33:20,704 basehttp "GET /api/forum/questions/ HTTP/1.1" 200 73366
INFO 2025-09-04 14:33:21,358 basehttp "GET /api/forum/questions/ HTTP/1.1" 200 73367
INFO 2025-09-04 14:33:22,736 basehttp "GET /api/forum/questions/558/ HTTP/1.1" 200 323
INFO 2025-09-04 14:33:22,785 basehttp "GET /api/forum/questions/ HTTP/1.1" 200 73690
INFO 2025-09-04 14:33:23,528 basehttp "GET /api/forum/questions/ HTTP/1.1" 200 73691
INFO 2025-09-04 14:33:24,168 basehttp "DELETE /api/forum/questions/559/ HTTP/1.1" 204 0
INFO 2025-09-04 14:33:25,349 basehttp "POST /api/forum/questions/ HTTP/1.1" 201 323
INFO 2025-09-04 14:33:25,791 basehttp "PATCH /api/forum/questions/558/toggle-like/ HTTP/1.1" 200 30
INFO 2025-09-04 14:33:26,034 basehttp "GET /api/forum/questions/ HTTP/1.1" 200 74190
INFO 2025-09-04 14:33:26,568 basehttp "PATCH /api/forum/questions/567/toggle-like/ HTTP/1.1" 200 30
INFO 2025-09-04 14:33:28,668 basehttp "POST /api/forum/questions/ HTTP/1.1" 201 323
INFO 2025-09-04 14:33:29,954 basehttp "POST /api/forum/questions/ HTTP/1.1" 201 323
INFO 2025-09-04 14:33:30,005 basehttp "DELETE /api/forum/comments/296/ HTTP/1.1" 204 0
INFO 2025-09-04 14:33:30,285 basehttp "GET /api/forum/questions/ HTTP/1.1" 200 74689
INFO 2025-09-04 14:33:30,404 basehttp "POST /api/forum/questions/ HTTP/1.1" 201 323
INFO 2025-09-04 14:33:31,453 basehttp "GET /api/forum/questions/569/ HTTP/1.1" 200 323
INFO 2025-09-04 14:33:32,367 basehttp "PATCH /api/forum/questions/570/toggle-sticky/ HTTP/1.1" 200 18
INFO 2025-09-04 14:33:32,874 basehttp "GET /api/forum/questions/ HTTP/1.1" 200 74690
INFO 2025-09-04 14:33:33,518 basehttp "GET /api/forum/questions/ HTTP/1.1" 200 75012
INFO 2025-09-04 14:33:34,101 basehttp "GET /api/forum/questions/ HTTP/1.1" 200 75012
INFO 2025-09-04 14:33:34,587 basehttp "GET /api/forum/questions/ HTTP/1.1" 200 75014
INFO 2025-09-04 14:33:34,679 basehttp "GET /api/forum/questions/569/ HTTP/1.1" 200 323
INFO 2025-09-04 14:33:34,751 basehttp "PATCH /api/forum/questions/529/toggle-sticky/ HTTP/1.1" 200 18
INFO 2025-09-04 14:33:35,033 basehttp "GET /api/forum/questions/ HTTP/1.1" 200 75012
INFO 2025-09-04 14:33:35,886 basehttp "DELETE /api/forum/questions/561/ HTTP/1.1" 204 0
INFO 2025-09-04 14:33:35,901 basehttp "DELETE /api/forum/questions/570/ HTTP/1.1" 204 0
INFO 2025-09-04 14:33:36,625 basehttp "POST /api/forum/questions/ HTTP/1.1" 201 323
INFO 2025-09-04 14:33:36,668 basehttp "POST /api/forum/questions/529/comments/ HTTP/1.1" 201 175
INFO 2025-09-04 14:33:36,737 basehttp "POST /api/forum/questions/ HTTP/1.1" 201 323
INFO 2025-09-04 14:33:37,983 basehttp "GET /api/forum/questions/ HTTP/1.1" 200 75487
INFO 2025-09-04 14:33:38,050 basehttp "GET /api/forum/questions/571/ HTTP/1.1" 200 323
INFO 2025-09-04 14:33:38,401 basehttp "POST /api/forum/questions/ HTTP/1.1" 201 323
INFO 2025-09-04 14:33:38,768 basehttp "POST /api/forum/questions/ HTTP/1.1" 201 323
INFO 2025-09-04 14:33:39,508 basehttp "DELETE /api/forum/questions/571/ HTTP/1.1" 204 0
INFO 2025-09-04 14:33:39,735 basehttp "GET /api/forum/questions/ HTTP/1.1" 200 75484
INFO 2025-09-04 14:33:40,556 basehttp "PATCH /api/forum/questions/574/toggle-like/ HTTP/1.1" 200 30
INFO 2025-09-04 14:33:41,011 basehttp "POST /api/forum/questions/545/comments/ HTTP/1.1" 201 175
INFO 2025-09-04 14:33:41,221 basehttp "PATCH /api/forum/questions/550/toggle-sticky/ HTTP/1.1" 200 18
INFO 2025-09-04 14:33:41,416 basehttp "GET /api/forum/questions/ HTTP/1.1" 200 75487
INFO 2025-09-04 14:33:42,104 basehttp "DELETE /api/forum/comments/316/ HTTP/1.1" 204 0
INFO 2025-09-04 14:33:42,483 basehttp "POST /api/forum/questions/550/comments/ HTTP/1.1" 201 175
INFO 2025-09-04 14:33:44,163 basehttp "POST /api/forum/questions/ HTTP/1.1" 201 323
INFO 2025-09-04 14:33:44,939 basehttp "POST /api/forum/questions/565/comments/ HTTP/1.1" 201 175
INFO 2025-09-04 14:33:45,634 basehttp "POST /api/forum/questions/ HTTP/1.1" 201 323
INFO 2025-09-04 14:33:46,151 basehttp "GET /api/forum/questions/ HTTP/1.1" 200 75159
INFO 2025-09-04 14:33:46,322 basehttp "GET /api/forum/questions/ HTTP/1.1" 200 75163
INFO 2025-09-04 14:33:46,491 basehttp "POST /api/forum/questions/ HTTP/1.1" 201 323
INFO 2025-09-04 14:33:47,390 basehttp "GET /api/forum/questions/576/ HTTP/1.1" 200 323
INFO 2025-09-04 14:33:48,319 basehttp "POST /api/forum/questions/577/comments/ HTTP/1.1" 201 175
INFO 2025-09-04 14:33:49,357 basehttp "DELETE /api/forum/questions/576/ HTTP/1.1" 204 0
INFO 2025-09-04 14:33:49,754 basehttp "POST /api/forum/questions/ HTTP/1.1" 201 323
INFO 2025-09-04 14:33:50,018 basehttp "GET /api/forum/questions/577/ HTTP/1.1" 200 498
INFO 2025-09-04 14:33:51,602 basehttp "DELETE /api/forum/questions/578/ HTTP/1.1" 204 0
INFO 2025-09-04 14:33:52,600 basehttp "GET /api/forum/questions/ HTTP/1.1" 200 75161
INFO 2025-09-04 14:33:54,226 basehttp "GET /api/forum/questions/ HTTP/1.1" 200 74837
INFO 2025-09-04 14:33:54,349 basehttp "GET /api/forum/questions/ HTTP/1.1" 200 75160
INFO 2025-09-04 14:33:54,650 basehttp "GET /api/forum/questions/ HTTP/1.1" 200 74839
INFO 2025-09-04 14:33:55,969 basehttp "POST /api/forum/questions/ HTTP/1.1" 201 323
INFO 2025-09-04 14:33:58,065 basehttp "PATCH /api/forum/questions/579/toggle-like/ HTTP/1.1" 200 30
INFO 2025-09-04 14:33:59,218 basehttp "GET /api/forum/questions/ HTTP/1.1" 200 75311
INFO 2025-09-04 14:33:59,566 basehttp "POST /api/forum/questions/ HTTP/1.1" 201 323
INFO 2025-09-04 14:34:00,453 basehttp "POST /api/forum/questions/ HTTP/1.1" 201 323
INFO 2025-09-04 14:34:01,499 basehttp "POST /api/forum/questions/579/comments/ HTTP/1.1" 201 175
INFO 2025-09-04 14:34:01,904 basehttp "POST /api/forum/questions/ HTTP/1.1" 201 323
INFO 2025-09-04 14:34:02,595 basehttp "POST /api/forum/questions/ HTTP/1.1" 201 323
INFO 2025-09-04 14:34:03,249 basehttp "DELETE /api/forum/comments/321/ HTTP/1.1" 204 0
INFO 2025-09-04 14:34:03,716 basehttp "DELETE /api/forum/questions/582/ HTTP/1.1" 204 0
INFO 2025-09-04 14:34:04,192 basehttp "GET /api/forum/questions/ HTTP/1.1" 200 76134
INFO 2025-09-04 14:34:04,618 basehttp "POST /api/forum/questions/583/comments/ HTTP/1.1" 201 175
INFO 2025-09-04 14:34:05,033 basehttp "GET /api/forum/questions/579/ HTTP/1.1" 200 322
INFO 2025-09-04 14:34:06,191 basehttp "GET /api/forum/questions/ HTTP/1.1" 200 75311
INFO 2025-09-04 14:34:06,483 basehttp "POST /api/forum/questions/ HTTP/1.1" 201 323
INFO 2025-09-04 14:34:08,025 basehttp "GET /api/forum/questions/ HTTP/1.1" 200 76310
INFO 2025-09-04 14:34:08,270 basehttp "POST /api/forum/questions/584/comments/ HTTP/1.1" 201 175
INFO 2025-09-04 14:34:09,543 basehttp "POST /api/forum/questions/584/comments/ HTTP/1.1" 201 175
INFO 2025-09-04 14:34:09,693 basehttp "GET /api/forum/questions/ HTTP/1.1" 200 76809
INFO 2025-09-04 14:34:10,584 basehttp "GET /api/forum/questions/ HTTP/1.1" 200 77131
INFO 2025-09-04 14:34:10,633 basehttp "GET /api/forum/questions/ HTTP/1.1" 200 76808
INFO 2025-09-04 14:34:11,650 basehttp "GET /api/forum/questions/ HTTP/1.1" 200 76808
INFO 2025-09-04 14:34:11,862 basehttp "GET /api/forum/questions/ HTTP/1.1" 200 76807
INFO 2025-09-04 14:34:12,553 basehttp "DELETE /api/forum/questions/584/ HTTP/1.1" 204 0
INFO 2025-09-04 14:34:13,225 basehttp "GET /api/forum/questions/ HTTP/1.1" 200 76805
WARNING 2025-09-04 14:34:14,017 log Not Found: /api/forum/comments/324/
WARNING 2025-09-04 14:34:14,065 basehttp "DELETE /api/forum/comments/324/ HTTP/1.1" 404 86
INFO 2025-09-04 14:34:14,732 basehttp "GET /api/forum/questions/ HTTP/1.1" 200 77131
INFO 2025-09-04 14:34:14,772 basehttp "PATCH /api/forum/questions/573/toggle-like/ HTTP/1.1" 200 30
INFO 2025-09-04 14:34:14,956 basehttp "GET /api/forum/questions/ HTTP/1.1" 200 77128
INFO 2025-09-04 14:34:15,618 basehttp "POST /api/forum/questions/ HTTP/1.1" 201 323
INFO 2025-09-04 14:34:16,135 basehttp "PATCH /api/forum/questions/573/toggle-like/ HTTP/1.1" 200 31
INFO 2025-09-04 14:34:16,199 basehttp "POST /api/forum/questions/ HTTP/1.1" 201 323
INFO 2025-09-04 14:34:16,551 basehttp "POST /api/forum/questions/ HTTP/1.1" 201 323
INFO 2025-09-04 14:34:17,553 basehttp "GET /api/forum/questions/585/ HTTP/1.1" 200 323
INFO 2025-09-04 14:34:17,749 basehttp "DELETE /api/forum/comments/317/ HTTP/1.1" 204 0
INFO 2025-09-04 14:34:18,064 basehttp "POST /api/forum/questions/ HTTP/1.1" 201 323
INFO 2025-09-04 14:34:18,218 basehttp "GET /api/forum/questions/587/ HTTP/1.1" 200 323
INFO 2025-09-04 14:34:19,028 basehttp "GET /api/forum/questions/ HTTP/1.1" 200 77626
INFO 2025-09-04 14:34:19,225 basehttp "DELETE /api/forum/questions/588/ HTTP/1.1" 204 0
INFO 2025-09-04 14:34:19,235 basehttp "PATCH /api/forum/questions/585/toggle-like/ HTTP/1.1" 200 30
INFO 2025-09-04 14:34:20,383 basehttp "POST /api/forum/questions/ HTTP/1.1" 201 323
INFO 2025-09-04 14:34:20,781 basehttp "GET /api/forum/questions/ HTTP/1.1" 200 77630
INFO 2025-09-04 14:34:21,034 basehttp "POST /api/forum/questions/585/comments/ HTTP/1.1" 201 175
INFO 2025-09-04 14:34:22,706 basehttp "GET /api/forum/questions/ HTTP/1.1" 200 77628
INFO 2025-09-04 14:34:23,143 basehttp "POST /api/forum/questions/586/comments/ HTTP/1.1" 201 175
INFO 2025-09-04 14:34:31,918 basehttp - Broken pipe from ('127.0.0.1', 60613)
INFO 2025-09-04 14:34:32,686 basehttp - Broken pipe from ('127.0.0.1', 60614)
INFO 2025-09-04 14:34:35,366 basehttp - Broken pipe from ('127.0.0.1', 60636)
INFO 2025-09-04 14:34:36,636 basehttp - Broken pipe from ('127.0.0.1', 60656)
INFO 2025-09-04 14:34:38,034 basehttp - Broken pipe from ('127.0.0.1', 60612)
INFO 2025-09-04 14:34:41,066 basehttp - Broken pipe from ('127.0.0.1', 60657)
INFO 2025-09-04 14:34:43,168 basehttp - Broken pipe from ('127.0.0.1', 60638)
INFO 2025-09-04 14:34:43,966 basehttp - Broken pipe from ('127.0.0.1', 60659)
INFO 2025-09-04 14:34:44,921 basehttp - Broken pipe from ('127.0.0.1', 60598)
INFO 2025-09-04 14:34:47,329 basehttp - Broken pipe from ('127.0.0.1', 60639)
INFO 2025-09-04 14:34:47,788 basehttp - Broken pipe from ('127.0.0.1', 60597)
INFO 2025-09-04 14:34:48,453 basehttp - Broken pipe from ('127.0.0.1', 60582)
INFO 2025-09-04 14:34:49,633 basehttp - Broken pipe from ('127.0.0.1', 60658)
INFO 2025-09-04 14:34:49,702 basehttp - Broken pipe from ('127.0.0.1', 60581)
INFO 2025-09-04 14:34:49,712 basehttp - Broken pipe from ('127.0.0.1', 60615)
INFO 2025-09-04 14:34:50,007 basehttp - Broken pipe from ('127.0.0.1', 60580)
INFO 2025-09-04 14:34:50,034 basehttp - Broken pipe from ('127.0.0.1', 60583)
INFO 2025-09-04 14:34:50,217 basehttp - Broken pipe from ('127.0.0.1', 60637)
INFO 2025-09-04 14:34:50,226 basehttp - Broken pipe from ('127.0.0.1', 60596)
